URL,Version,Status,OIDs,Name,Title,Description,Used
http://hl7.org/fhir/request-status,4.0.1,draft,"2.16.840.1.113883.4.642.4.112",RequestStatus,RequestStatus,"Codes identifying the lifecycle stage of a request.","ValueSet/request-status"
http://smart.who.int/hiv/CodeSystem/HIVConcepts,0.4.0,draft,,HIVConcepts,WHO SMART HIV Concepts CodeSystem,"This code system defines the concepts used in the World Health Organization SMART HIV DAK","ValueSet/HIV.B.DE207,ValueSet/HIV.B.DE325,ValueSet/HIV.B.DE204,ValueSet/HIV.D.DE197,ValueSet/HIV.D.DE753,ValueSet/HIV.B.DE33,ValueSet/HIV.D.DE992,ValueSet/HIV.D.DE636,ValueSet/HIV.D.DE877,ValueSet/HIV.D.DE519,ValueSet/HIV.E.DE168,ValueSet/HIV.B.DE37,ValueSet/HIV.D.DE43,ValueSet/HIV.B.DE317,ValueSet/HIV.B.DE312,ValueSet/HIV.H.DE74,ValueSet/HIV.D.DE764,ValueSet/HIV.B.DE22,ValueSet/HIV.D.DE525,ValueSet/HIV.D.DE646,ValueSet/HIV.E.DE6,ValueSet/HIV.E.DE155,ValueSet/HIV.D.DE56,ValueSet/HIV.E.DE141,ValueSet/HIV.B.DE106,ValueSet/HIV.B.DE226,ValueSet/HIV.E.DE264,ValueSet/HIV.B.DE1,ValueSet/HIV.D.DE532,ValueSet/HIV.D.DE893,ValueSet/HIV.B.DE5,ValueSet/HIV.D.DE658,ValueSet/HIV.D.DE537,ValueSet/HIV.D.DE778,ValueSet/HIV.B.DE8,ValueSet/HIV.D.DE897,ValueSet/HIV.E.DE145,ValueSet/HIV.B.DE102,ValueSet/HIV.D.DE418,ValueSet/HIV.E.DE149,ValueSet/HIV.B.DE15,ValueSet/HIV.B.DE18,ValueSet/HIV.I.DE2,ValueSet/HIV.D.DE664,ValueSet/HIV.D.DE789,ValueSet/HIV.D.DE668,ValueSet/HIV.E.DE255,ValueSet/HIV.E.DE136,ValueSet/HIV.E.DE259,ValueSet/HIV.D.DE90,ValueSet/HIV.PRV.DE11,ValueSet/HIV.D.DE391,ValueSet/HIV.D.DE152,ValueSet/HIV.C.DE91,ValueSet/HIV.D.DE399,ValueSet/HIV.D.DE156,ValueSet/HIV.E.DE17,ValueSet/HIV.C.DE95,ValueSet/HIV.D.DE712,ValueSet/HIV.D.DE836,ValueSet/HIV.G.DE29,ValueSet/HIV.D.DE956,ValueSet/HIV.D.DE719,ValueSet/HIV.G.DE22,ValueSet/HIV.D.DE162,ValueSet/HIV.C.DE75,ValueSet/HIV.E.DE190,ValueSet/HIV.C.DE80,ValueSet/HIV.B.DE191,ValueSet/HIV.D.DE289,ValueSet/HIV.D.DE845,ValueSet/HIV.G.DE18,ValueSet/HIV.G.DE13,ValueSet/HIV.B.DE306,ValueSet/HIV.E.DE186,ValueSet/HIV.B.DE301,ValueSet/HIV.D.DE170,ValueSet/HIV.E.DE41,ValueSet/HIV.D.DE610,ValueSet/HIV.D.DE973,ValueSet/HIV.D.DE731,ValueSet/HIV.D.DE179,ValueSet/HIV.D.DE853,ValueSet/HIV.D.DE858,ValueSet/HIV.D.DE65,ValueSet/HIV.D.DE83,ValueSet/HIV.A.DE5,ValueSet/HIV.E.DE173,ValueSet/HIV.C.DE99,ValueSet/HIV.D.DE182,ValueSet/HIV.E.DE52,ValueSet/HIV.D.DE186,ValueSet/HIV.PRV.DE2,ValueSet/HIV.D.DE1034,ValueSet/HIV.D.DE746,ValueSet/HIV.D.DE986,ValueSet/HIV.E.DE47,ValueSet/HIV.D.DE864,ValueSet/HIV.D.DE869,ValueSet/HIV.G.DE74,ValueSet/HIV.A.DE30,ValueSet/HIV.G.DE70,ValueSet/HIV.C.DE41,ValueSet/HIV.E.DE62,ValueSet/HIV.D.DE593,ValueSet/HIV.C.DE138,ValueSet/HIV.C.DE46,ValueSet/HIV.E.DE208,ValueSet/HIV.C.DE131,ValueSet/HIV.D.DE1028,ValueSet/HIV.D.DE358,ValueSet/HIV.E.DE200,ValueSet/HIV.B.DE165,ValueSet/HIV.E.DE204,ValueSet/HIV.B.DE284,ValueSet/HIV.G.DE62,ValueSet/HIV.B.DE158,ValueSet/HIV.A.DE46,ValueSet/HIV.C.DE31,ValueSet/HIV.C.DE36,ValueSet/HIV.Config.DE12,ValueSet/HIV.C.DE149,ValueSet/HIV.D.DE247,ValueSet/HIV.C.DE143,ValueSet/HIV.D.DE1010,ValueSet/HIV.E.DE67,ValueSet/HIV.D.DE128,ValueSet/HIV.D.DE1019,ValueSet/HIV.B.DE276,ValueSet/HIV.D.DE802,ValueSet/HIV.D.DE808,ValueSet/HIV.G.DE55,ValueSet/HIV.G.DE51,ValueSet/HIV.D.DE370,ValueSet/HIV.C.DE63,ValueSet/HIV.A.DE18,ValueSet/HIV.C.DE157,ValueSet/HIV.H.DE23,ValueSet/HIV.D.DE1,ValueSet/HIV.D.DE1002,ValueSet/HIV.H.DE13,ValueSet/HIV.B.DE98,ValueSet/HIV.H.DE17,ValueSet/HIV.D.DE259,ValueSet/HIV.D.DE934,ValueSet/HIV.D.DE813,ValueSet/HIV.D.DE939,ValueSet/HIV.G.DE48,ValueSet/HIV.G.DE43,ValueSet/HIV.A.DE25,ValueSet/HIV.C.DE55,ValueSet/HIV.B.DE94,ValueSet/HIV.E.DE91,ValueSet/HIV.D.DE383,ValueSet/HIV.C.DE164,ValueSet/HIV.D.DE146,ValueSet/HIV.D.DE821,ValueSet/HIV.D.DE942,ValueSet/HIV.D.DE706,ValueSet/HIV.B.DE179,ValueSet/HIV.D.DE947,ValueSet/HIV.G.DE35,ValueSet/HIV.D.DE709,ValueSet/HIV.B.DE172,ValueSet/HIV.D.DE828,ValueSet/HIV.B.DE293,ValueSet/HIV.H.DE1,ValueSet/HIV.B.DE81,ValueSet/HIV.H.DE41,ValueSet/HIV.D.DE430,ValueSet/HIV.D.DE673,ValueSet/HIV.B.DE74,ValueSet/HIV.E.DE246,ValueSet/HIV.B.DE121,ValueSet/HIV.E.DE127,ValueSet/HIV.B.DE237,ValueSet/HIV.B.DE115,ValueSet/HIV.E.DE230,ValueSet/HIV.C.DE107,ValueSet/HIV.H.DE34,ValueSet/HIV.D.DE681,ValueSet/HIV.D.DE560,ValueSet/HIV.C.DE101,ValueSet/HIV.B.DE68,ValueSet/HIV.D.DE449,ValueSet/HIV.D.DE569,ValueSet/HIV.D.DE17,ValueSet/HIV.D.DE446,ValueSet/HIV.D.DE688,ValueSet/HIV.E.DE114,ValueSet/HIV.B.DE111,ValueSet/HIV.E.DE234,ValueSet/HIV.B.DE149,ValueSet/HIV.E.DE220,ValueSet/HIV.B.DE269,ValueSet/HIV.B.DE61,ValueSet/HIV.C.DE24,ValueSet/HIV.D.DE691,ValueSet/HIV.E.DE108,ValueSet/HIV.D.DE697,ValueSet/HIV.C.DE112,ValueSet/HIV.D.DE217,ValueSet/HIV.B.DE142,ValueSet/HIV.E.DE104,ValueSet/HIV.E.DE225,ValueSet/HIV.C.DE1,ValueSet/HIV.B.DE261,ValueSet/HIV.C.DE17,ValueSet/HIV.B.DE136,ValueSet/HIV.C.DE11,ValueSet/HIV.B.DE50,ValueSet/HIV.C.DE125,ValueSet/HIV.H.DE53,ValueSet/HIV.D.DE225,ValueSet/HIV.D.DE466,ValueSet/HIV.D.DE229,ValueSet/HIV.B.DE256,ValueSet/HIV.D.DE903,ValueSet/HIV.E.DE212,ValueSet/HIV.B.DE132,ValueSet/HIV.B.DE250,ValueSet/HIV.E.DE216"
http://terminology.hl7.org/CodeSystem/condition-clinical,3.0.0,active,"2.16.840.1.113883.4.642.1.1074",ConditionClinicalStatusCodes,Condition Clinical Status Codes,"Preferred value set for Condition Clinical Status.","ValueSet/condition-clinical"
http://terminology.hl7.org/CodeSystem/condition-ver-status,2.0.1,active,"2.16.840.1.113883.4.642.1.1075",ConditionVerificationStatus,ConditionVerificationStatus,"The verification status to support or decline the clinical status of the condition or diagnosis.","ValueSet/condition-ver-status"
