<?xml version="1.0" encoding="UTF-8"?>

<Library xmlns="http://hl7.org/fhir">
  <id value="HIVIND19Logic"/>
  <meta>
    <profile value="http://hl7.org/fhir/uv/crmi/StructureDefinition/crmi-shareablelibrary"/>
    <profile value="http://hl7.org/fhir/uv/crmi/StructureDefinition/crmi-publishablelibrary"/>
    <profile value="http://hl7.org/fhir/uv/cql/StructureDefinition/cql-library"/>
    <profile value="http://hl7.org/fhir/uv/cql/StructureDefinition/cql-module"/>
  </meta>
  <text>
    <status value="generated"/><div xmlns="http://www.w3.org/1999/xhtml"><p class="res-header-id"><b>Generated Narrative: Library HIVIND19Logic</b></p><a name="HIVIND19Logic"> </a><a name="hcHIVIND19Logic"> </a><a name="hcHIVIND19Logic-en"> </a></div>
  </text>
  <extension url="http://hl7.org/fhir/StructureDefinition/cqf-knowledgeCapability">
    <valueCode value="computable"/>
  </extension>
  <url value="http://smart.who.int/immunizations-measles/Library/HIVIND19Logic"/>
  <version value="0.4.0"/>
  <name value="HIVIND19Logic"/>
  <title value="HIV.IND.19 Logic"/>
  <status value="draft"/>
  <experimental value="true"/>
  <type>
    <coding>
      <system value="http://terminology.hl7.org/CodeSystem/library-type"/>
      <code value="logic-library"/>
    </coding>
  </type>
  <date value="2024-06-28T16:45:27+00:00"/>
  <publisher value="World Health Organization"/>
  <contact>
    <telecom>
      <system value="url"/>
      <value value="https://www.who.int"/>
    </telecom>
  </contact>
  <description value="Number of HIV tests performed (volume) and the % of HIV-positive results returned to people (positivity)"/>
  <jurisdiction>
    <coding>
      <system value="http://unstats.un.org/unsd/methods/m49/m49.htm"/>
      <code value="001"/>
    </coding>
  </jurisdiction>
</Library>