<?xml version="1.0" encoding="UTF-8"?>

<Measure xmlns="http://hl7.org/fhir">
  <id value="HIVIND2"/>
  <meta>
    <profile value="http://hl7.org/fhir/us/cqfmeasures/StructureDefinition/cv-measure-cqfm"/>
    <profile value="http://hl7.org/fhir/uv/crmi/StructureDefinition/crmi-shareablemeasure"/>
    <profile value="http://hl7.org/fhir/uv/crmi/StructureDefinition/crmi-publishablemeasure"/>
  </meta>
  <text>
    <status value="generated"/><div xmlns="http://www.w3.org/1999/xhtml"><p class="res-header-id"><b>Generated Narrative: Measure HIVIND2</b></p><a name="HIVIND2"> </a><a name="hcHIVIND2"> </a><a name="hcHIVIND2-en-US"> </a><p><b>url</b>: <a href="Measure-HIVIND2.html">Measure HIV.IND.2 Total PrEP recipients</a></p><p><b>version</b>: 0.1.0</p><p><b>name</b>: HIVIND2</p><p><b>title</b>: HIV.IND.2 Total PrEP recipients</p><p><b>status</b>: Draft</p><p><b>experimental</b>: true</p><p><b>date</b>: 2024-06-15</p><p><b>publisher</b>: WHO</p><p><b>contact</b>: WHO: <a href="http://who.int">http://who.int</a></p><p><b>description</b>: </p><div><p>Number of people who received PrEP at least once during the reporting period</p>
</div><p><b>library</b>: <code>http://smart.who.int/immunizations-measles/Library/HIVIND2Logic</code></p><p><b>scoring</b>: <span title="Codes:{http://terminology.hl7.org/CodeSystem/measure-scoring continuous-variable}">Proportion</span></p><blockquote><p><b>group</b></p><blockquote><p><b>population</b></p><blockquote><p><b>id</b></p>HIV.IND.2.NUM</blockquote><p><b>code</b>: <span title="Codes:{http://terminology.hl7.org/CodeSystem/measure-population initial-population}">Initial Population</span></p><p><b>description</b>: Number of people prescribed or dispensed any form of PrEP at least once during the reporting period. Individuals prescribed different PrEP products or regimens at different times during the reporting period should be counted only once.</p><h3>Criteria</h3><table class="grid"><tr><td style="display: none">-</td><td><b>Language</b></td><td><b>Expression</b></td></tr><tr><td style="display: none">*</td><td>text/cql-identifier</td><td>Numerator</td></tr></table></blockquote><blockquote><p><b>population</b></p><blockquote><p><b>id</b></p>IMMZ.IND.02.MP</blockquote><p><b>code</b>: <span title="Codes:{http://terminology.hl7.org/CodeSystem/measure-population measure-population}">Measure Population</span></p><p><b>description</b>: Measure Population</p><h3>Criteria</h3><table class="grid"><tr><td style="display: none">-</td><td><b>Language</b></td><td><b>Expression</b></td></tr><tr><td style="display: none">*</td><td>text/cql-identifier</td><td>Numerator</td></tr></table></blockquote><blockquote><p><b>population</b></p><blockquote><p><b>id</b></p>IMMZ.IND.02.MO</blockquote><p><b>code</b>: <span title="Codes:{http://terminology.hl7.org/CodeSystem/measure-population measure-observation}">Measure Observation</span></p><p><b>description</b>: Measure Observation</p><h3>Criteria</h3><table class="grid"><tr><td style="display: none">-</td><td><b>Language</b></td><td><b>Expression</b></td></tr><tr><td style="display: none">*</td><td>text/cql-identifier</td><td>Measure Observation</td></tr></table></blockquote><blockquote><p><b>stratifier</b></p><blockquote><p><b>id</b></p>HIV.IND.2.S.AG</blockquote><h3>Criteria</h3><table class="grid"><tr><td style="display: none">-</td><td><b>Language</b></td><td><b>Expression</b></td></tr><tr><td style="display: none">*</td><td>text/cql-identifier</td><td>Administrative Gender Stratifier</td></tr></table></blockquote><blockquote><p><b>stratifier</b></p><blockquote><p><b>id</b></p>HIV.IND.2.S.A</blockquote><h3>Criteria</h3><table class="grid"><tr><td style="display: none">-</td><td><b>Language</b></td><td><b>Expression</b></td></tr><tr><td style="display: none">*</td><td>text/cql-identifier</td><td>Age Stratifier</td></tr></table></blockquote><blockquote><p><b>stratifier</b></p><blockquote><p><b>id</b></p>HIV.IND.2.S.GR</blockquote><h3>Criteria</h3><table class="grid"><tr><td style="display: none">-</td><td><b>Language</b></td><td><b>Expression</b></td></tr><tr><td style="display: none">*</td><td>text/cql-identifier</td><td>Geographic Region Stratifier</td></tr></table></blockquote><blockquote><p><b>stratifier</b></p><blockquote><p><b>id</b></p>HIV.IND.2.S.P</blockquote><h3>Criteria</h3><table class="grid"><tr><td style="display: none">-</td><td><b>Language</b></td><td><b>Expression</b></td></tr><tr><td style="display: none">*</td><td>text/cql-identifier</td><td>patientGroups Stratifier</td></tr></table></blockquote></blockquote></div>
  </text>
  <extension url="http://hl7.org/fhir/us/cqfmeasures/StructureDefinition/cqfm-populationBasis">
    <valueCode value="boolean"/>
  </extension>
  <url value="http://smart.who.int/immunizations-measles/Measure/HIVIND2"/>
  <version value="0.1.0"/>
  <name value="HIVIND2"/>
  <title value="HIV.IND.2 Total PrEP recipients"/>
  <status value="draft"/>
  <experimental value="true"/>
  <date value="2024-06-15"/>
  <publisher value="WHO"/>
  <contact>
    <name value="WHO"/>
    <telecom>
      <system value="url"/>
      <value value="http://who.int"/>
    </telecom>
  </contact>
  <description value="Number of people who received PrEP at least once during the reporting period"/>
  <library value="http://smart.who.int/immunizations-measles/Library/HIVIND2Logic"/>
  <scoring>
    <coding>
      <system value="http://terminology.hl7.org/CodeSystem/measure-scoring"/>
      <code value="continuous-variable"/>
      <display value="Proportion"/>
    </coding>
  </scoring>
  <group>
    <population id="HIV.IND.2.NUM">
      <code>
        <coding>
          <system value="http://terminology.hl7.org/CodeSystem/measure-population"/>
          <code value="initial-population"/>
          <display value="Initial Population"/>
        </coding>
      </code>
      <description value="Number of people prescribed or dispensed any form of PrEP at least once during the reporting period. Individuals prescribed different PrEP products or regimens at different times during the reporting period should be counted only once."/>
      <criteria>
        <language value="text/cql-identifier"/>
        <expression value="Numerator"/>
      </criteria>
    </population>
    <population id="IMMZ.IND.02.MP">
      <extension url="http://hl7.org/fhir/us/cqfmeasures/StructureDefinition/cqfm-populationBasis">
        <valueCode value="boolean"/>
      </extension>
      <code>
        <coding>
          <system value="http://terminology.hl7.org/CodeSystem/measure-population"/>
          <code value="measure-population"/>
          <display value="Measure Population"/>
        </coding>
      </code>
      <description value="Measure Population"/>
      <criteria>
        <language value="text/cql-identifier"/>
        <expression value="Numerator"/>
      </criteria>
    </population>
    <population id="IMMZ.IND.02.MO">
      <extension url="http://hl7.org/fhir/us/cqfmeasures/StructureDefinition/cqfm-criteriaReference">
        <valueString value="measure-population"/>
      </extension>
      <extension url="http://hl7.org/fhir/us/cqfmeasures/StructureDefinition/cqfm-aggregateMethod">
        <valueCode value="count"/>
      </extension>
      <code>
        <coding>
          <system value="http://terminology.hl7.org/CodeSystem/measure-population"/>
          <code value="measure-observation"/>
        </coding>
      </code>
      <description value="Measure Observation"/>
      <criteria>
        <language value="text/cql-identifier"/>
        <expression value="Measure Observation"/>
      </criteria>
    </population>
    <stratifier id="HIV.IND.2.S.AG">
      <criteria>
        <language value="text/cql-identifier"/>
        <expression value="Administrative Gender Stratifier"/>
      </criteria>
    </stratifier>
    <stratifier id="HIV.IND.2.S.A">
      <criteria>
        <language value="text/cql-identifier"/>
        <expression value="Age Stratifier"/>
      </criteria>
    </stratifier>
    <stratifier id="HIV.IND.2.S.GR">
      <criteria>
        <language value="text/cql-identifier"/>
        <expression value="Geographic Region Stratifier"/>
      </criteria>
    </stratifier>
    <stratifier id="HIV.IND.2.S.P">
      <criteria>
        <language value="text/cql-identifier"/>
        <expression value="patientGroups Stratifier"/>
      </criteria>
    </stratifier>
  </group>
</Measure>