<?xml version="1.0" encoding="UTF-8"?>

<PlanDefinition xmlns="http://hl7.org/fhir">
  <id value="HIVC7DT"/>
  <text>
    <status value="generated"/><div xmlns="http://www.w3.org/1999/xhtml"><p><b>Generated Narrative: PlanDefinition </b><a name="HIVC7DT"> </a><a name="hcHIVC7DT"> </a></p><div style="display: inline-block; background-color: #d9e0e7; padding: 6px; margin: 4px; border: 1px solid #8da1b4; border-radius: 5px; line-height: 60%"><p style="margin-bottom: 0px">ResourcePlanDefinition &quot;HIVC7DT&quot; </p></div><p><b>url</b>: <code>http://fhir.org/guides/who/hiv-dak/PlanDefinition/HIVC7DT</code></p><p><b>identifier</b>: HIV.C7.DT (use: official)</p><p><b>version</b>: 0.3.0</p><p><b>name</b>: HIVC7DT</p><p><b>title</b>: HIV.C7.DT</p><p><b>type</b>: ECA Rule <span style="background: LightGoldenRodYellow; margin: 4px; border: 1px solid khaki"> (<a href="http://terminology.hl7.org/5.5.0/CodeSystem-plan-definition-type.html">PlanDefinitionType</a>#eca-rule)</span></p><p><b>status</b>: active</p><p><b>experimental</b>: false</p><p><b>date</b>: 2024-03-26 13:56:57+0300</p><p><b>publisher</b>: World Health Organization (WHO) </p><p><b>contact</b>: <a href="https://www.who.int">https://www.who.int</a></p><p><b>description</b>: Check suitability for PrEP or PEP</p><h3>UseContexts</h3><table class="grid"><tr><td style="display: none">-</td><td><b>Code</b></td><td><b>Value[x]</b></td></tr><tr><td style="display: none">*</td><td>Workflow Task (Details: UsageContextType code task  = ' Workflow Task ', stated as ' Workflow Task ')</td><td>Check suitability for PrEP or PEP <span style="background: LightGoldenRodYellow; margin: 4px; border: 1px solid khaki"> (activity-codes#HIV.C7)</span></td></tr></table><p><b>jurisdiction</b>: Global (Whole world) <span style="background: LightGoldenRodYellow; margin: 4px; border: 1px solid khaki"> (m49.htm#001)</span></p><p><b>library</b>: <a href="http://fhir.org/guides/who/hiv-dak/Library/HIVC7DT">http://fhir.org/guides/who/hiv-dak/Library/HIVC7DT</a></p><blockquote><p><b>action</b></p><p><b>title</b>: HIV.C7.DT</p><h3>Triggers</h3><table class="grid"><tr><td style="display: none">-</td><td><b>Type</b></td><td><b>Name</b></td></tr><tr><td style="display: none">*</td><td>named-event</td><td>HIV.C7 Check suitability for PrEP or PEP</td></tr></table><blockquote><p><b>action</b></p><blockquote><p><b>id</b></p>1</blockquote><p><b>title</b>: Counsel client on PrEP.Based on answers given, client is suitable for PrEP. Set &quot;Suitable for PrEP&quot;=True</p><p><b>description</b>: Counsel client on PrEP.Based on answers given, client is suitable for PrEP. Set &quot;Suitable for PrEP&quot;=True</p><blockquote><p><b>documentation</b></p></blockquote><blockquote><p><b>condition</b></p></blockquote><blockquote><p><b>action</b></p></blockquote><blockquote><p><b>action</b></p></blockquote></blockquote><blockquote><p><b>action</b></p><blockquote><p><b>id</b></p>2</blockquote><p><b>title</b>: Counsel client on PrEP.Based on answers given, client is suitable for PrEP. Set &quot;Suitable for PrEP&quot;=True</p><p><b>description</b>: Counsel client on PrEP.Based on answers given, client is suitable for PrEP. Set &quot;Suitable for PrEP&quot;=True 2</p><blockquote><p><b>documentation</b></p></blockquote><blockquote><p><b>condition</b></p></blockquote><blockquote><p><b>action</b></p></blockquote><blockquote><p><b>action</b></p></blockquote></blockquote><blockquote><p><b>action</b></p><blockquote><p><b>id</b></p>3</blockquote><p><b>title</b>: Counsel client on PrEP.Based on answers given, client is suitable for PrEP. Set &quot;Suitable for PrEP&quot;=True</p><p><b>description</b>: Counsel client on PrEP.Based on answers given, client is suitable for PrEP. Set &quot;Suitable for PrEP&quot;=True 3</p><blockquote><p><b>documentation</b></p></blockquote><blockquote><p><b>condition</b></p></blockquote><blockquote><p><b>action</b></p></blockquote><blockquote><p><b>action</b></p></blockquote></blockquote><blockquote><p><b>action</b></p><blockquote><p><b>id</b></p>4</blockquote><p><b>title</b>: Counsel client on PrEP.Based on answers given, client is suitable for PrEP. Set &quot;Suitable for PrEP&quot;=True</p><p><b>description</b>: Counsel client on PrEP.Based on answers given, client is suitable for PrEP. Set &quot;Suitable for PrEP&quot;=True 4</p><blockquote><p><b>documentation</b></p></blockquote><blockquote><p><b>condition</b></p></blockquote><blockquote><p><b>action</b></p></blockquote><blockquote><p><b>action</b></p></blockquote></blockquote><blockquote><p><b>action</b></p><blockquote><p><b>id</b></p>5</blockquote><p><b>title</b>: Counsel client on PrEP.Based on answers given, client is suitable for PrEP. Set &quot;Suitable for PrEP&quot;=True</p><p><b>description</b>: Counsel client on PrEP.Based on answers given, client is suitable for PrEP. Set &quot;Suitable for PrEP&quot;=True 5</p><blockquote><p><b>documentation</b></p></blockquote><blockquote><p><b>condition</b></p></blockquote><blockquote><p><b>action</b></p></blockquote><blockquote><p><b>action</b></p></blockquote></blockquote><blockquote><p><b>action</b></p><blockquote><p><b>id</b></p>6</blockquote><p><b>title</b>: Counsel client on PrEP.Based on answers given, client is suitable for PrEP. Set &quot;Suitable for PrEP&quot;=True</p><p><b>description</b>: Counsel client on PrEP.Based on answers given, client is suitable for PrEP. Set &quot;Suitable for PrEP&quot;=True 6</p><blockquote><p><b>documentation</b></p></blockquote><blockquote><p><b>condition</b></p></blockquote><blockquote><p><b>action</b></p></blockquote><blockquote><p><b>action</b></p></blockquote></blockquote><blockquote><p><b>action</b></p><blockquote><p><b>id</b></p>7</blockquote><p><b>title</b>: Counsel client on PrEP.Based on answers given, PrEP is suitable for client. Set &quot;Suitable for PrEP&quot;=True</p><p><b>description</b>: Counsel client on PrEP.Based on answers given, PrEP is suitable for client. Set &quot;Suitable for PrEP&quot;=True</p><blockquote><p><b>documentation</b></p></blockquote><blockquote><p><b>condition</b></p></blockquote><blockquote><p><b>action</b></p></blockquote><blockquote><p><b>action</b></p></blockquote></blockquote><blockquote><p><b>action</b></p><blockquote><p><b>id</b></p>8</blockquote><p><b>title</b>: Counsel client on PrEP.Based on answers given, PrEP is suitable for client. Set &quot;Suitable for PrEP&quot;=True</p><p><b>description</b>: Counsel client on PrEP.Based on answers given, PrEP is suitable for client. Set &quot;Suitable for PrEP&quot;=True 2</p><blockquote><p><b>documentation</b></p></blockquote><blockquote><p><b>condition</b></p></blockquote><blockquote><p><b>action</b></p></blockquote><blockquote><p><b>action</b></p></blockquote></blockquote><blockquote><p><b>action</b></p><blockquote><p><b>id</b></p>9</blockquote><p><b>title</b>: Counsel client on PrEP.Based on answers given, PrEP is suitable for client. Set &quot;Suitable for PrEP&quot;=True</p><p><b>description</b>: Counsel client on PrEP.Based on answers given, PrEP is suitable for client. Set &quot;Suitable for PrEP&quot;=True 3</p><blockquote><p><b>documentation</b></p></blockquote><blockquote><p><b>condition</b></p></blockquote><blockquote><p><b>action</b></p></blockquote><blockquote><p><b>action</b></p></blockquote></blockquote><blockquote><p><b>action</b></p><blockquote><p><b>id</b></p>10</blockquote><p><b>title</b>: Counsel client on PrEP.Based on answers given, PrEP is suitable for client. Set &quot;Suitable for PrEP&quot;=True</p><p><b>description</b>: Counsel client on PrEP.Based on answers given, PrEP is suitable for client. Set &quot;Suitable for PrEP&quot;=True 4</p><blockquote><p><b>documentation</b></p></blockquote><blockquote><p><b>condition</b></p></blockquote><blockquote><p><b>action</b></p></blockquote><blockquote><p><b>action</b></p></blockquote></blockquote><blockquote><p><b>action</b></p><blockquote><p><b>id</b></p>11</blockquote><p><b>title</b>: Counsel client on risk and prevention.  Set &quot;Suitable for PrEP&quot;=False</p><p><b>description</b>: Counsel client on risk and prevention.  Set &quot;Suitable for PrEP&quot;=False</p><blockquote><p><b>documentation</b></p></blockquote><blockquote><p><b>condition</b></p></blockquote><blockquote><p><b>action</b></p></blockquote><blockquote><p><b>action</b></p></blockquote></blockquote><blockquote><p><b>action</b></p><blockquote><p><b>id</b></p>12</blockquote><p><b>title</b>: Counsel client on risk and prevention.  Consider for PEP.  Set &quot;Suitable for PrEP&quot;=False</p><p><b>description</b>: Counsel client on risk and prevention.  Consider for PEP.  Set &quot;Suitable for PrEP&quot;=False</p><blockquote><p><b>documentation</b></p></blockquote><blockquote><p><b>condition</b></p></blockquote><blockquote><p><b>action</b></p></blockquote><blockquote><p><b>action</b></p></blockquote></blockquote><blockquote><p><b>action</b></p><blockquote><p><b>id</b></p>13</blockquote><p><b>title</b>: Counsel client on risk and preventionSet &quot;Suitable for PrEP&quot;=False</p><p><b>description</b>: Counsel client on risk and preventionSet &quot;Suitable for PrEP&quot;=False</p><blockquote><p><b>documentation</b></p></blockquote><blockquote><p><b>condition</b></p></blockquote><blockquote><p><b>action</b></p></blockquote><blockquote><p><b>action</b></p></blockquote></blockquote><blockquote><p><b>action</b></p><blockquote><p><b>id</b></p>14</blockquote><p><b>title</b>: Counsel client on risk and preventionSet &quot;Suitable for PrEP&quot;=False</p><p><b>description</b>: Counsel client on risk and preventionSet &quot;Suitable for PrEP&quot;=False 2</p><p><b>textEquivalent</b>: Reduced kidney function, indicated by a creatinine clearance of &lt;60 ml/min, is a contraindication for using oral PrEP containing TDF.  

More frequent screening than once is only suggested for individuals of any age with a history of comorbidities such as diabetes or hypertension, those 50 years or older and those who have had a previous creatinine clearance result of &lt;90 mL/min. For these oral PrEP users, a further test after the baseline screening and every 6–12 months thereafter can be considered. 

When creatinine screening is conducted, any individuals with an estimated creatinine clearance of ≥60 mL/min can safely be prescribed TDF-containing oral PrEP. Waiting for creatinine screening results should not delay starting oral PrEP, since the results can be reviewed at a follow-up visit. Abnormal creatinine clearance of &lt;60 mL/min should be repeated on a separate day before stopping TDF-containing oral PrEP. Other HIV prevention options should be discussed with the client.</p><blockquote><p><b>documentation</b></p></blockquote><blockquote><p><b>condition</b></p></blockquote><blockquote><p><b>action</b></p></blockquote><blockquote><p><b>action</b></p></blockquote></blockquote></blockquote></div>
  </text>
  <url value="http://fhir.org/guides/who/hiv-dak/PlanDefinition/HIVC7DT"/>
  <identifier>
    <use value="official"/>
    <value value="HIV.C7.DT"/>
  </identifier>
  <version value="0.3.0"/>
  <name value="HIVC7DT"/>
  <title value="HIV.C7.DT"/>
  <type>
    <coding>
      <system value="http://terminology.hl7.org/CodeSystem/plan-definition-type"/>
      <code value="eca-rule"/>
    </coding>
  </type>
  <status value="active"/>
  <experimental value="false"/>
  <date value="2024-03-26T13:56:57+03:00"/>
  <publisher value="World Health Organization (WHO) "/>
  <contact>
    <telecom>
      <system value="url"/>
      <value value="https://www.who.int"/>
    </telecom>
  </contact>
  <description value="Check suitability for PrEP or PEP"/>
  <useContext>
    <code>
      <system value="http://terminology.hl7.org/CodeSystem/usage-context-type"/>
      <code value="task"/>
      <display value="Workflow Task"/>
    </code>
    <valueCodeableConcept>
      <coding>
        <system value="http://fhir.org/guides/who/hiv-dak/CodeSystem/activity-codes"/>
        <code value="HIV.C7"/>
        <display value="Check suitability for PrEP or PEP"/>
      </coding>
    </valueCodeableConcept>
  </useContext>
  <jurisdiction>
    <coding>
      <system value="http://unstats.un.org/unsd/methods/m49/m49.htm"/>
      <code value="001"/>
    </coding>
  </jurisdiction>
  <library value="http://fhir.org/guides/who/hiv-dak/Library/HIVC7DT"/>
  <action>
    <title value="HIV.C7.DT"/>
    <trigger>
      <type value="named-event"/>
      <name value="HIV.C7 Check suitability for PrEP or PEP"/>
    </trigger>
    <action id="1">
      <title value="Counsel client on PrEP.Based on answers given, client is suitable for PrEP. Set &quot;Suitable for PrEP&quot;=True"/>
      <description value="Counsel client on PrEP.Based on answers given, client is suitable for PrEP. Set &quot;Suitable for PrEP&quot;=True"/>
      <documentation>
        <type value="citation"/>
        <label value="Implementation Tool for Pre-exposure Prophylaxis of HIV Infection. Module 1: Clinical (2017).&#xA;Use criteria in Pocket Card. Indications for PrEP (by history over the past 6 months) and Contraindications. (with provider discretion)&#xA;&#xA;Also see Implementation Tool for Pre-exposure Prophylaxis of HIV Infection. Module 10. Testing Providers. Table 1 Summary Tool for Starting or monitoring PrEP and Technical Brief: Preventing HIV During Pregnancy and Breastfeeding in the Context of PrEP (2017).&#xA;&#xA;Consolidated guidelines on HIV prevention, testing, treatment, service delivery and monitoring: recommendations for a public health approach (2021) Chapter 3: Prevention&#xA;&#xA; Differentiated and simplified pre-exposure prophylaxis for HIV prevention: Update to WHO implementation guidance. July 2022.  World Health Organization, Geneva, Switzerland.  "/>
      </documentation>
      <condition>
        <kind value="applicability"/>
        <expression>
          <description value="(HIV.C7.DT.01)&#xA;  AND (&quot;HIV status&quot;='HIV-negative')&#xA;  AND (&quot;Estimated creatinine clearance&quot; ≥ 60 mL/min)&#xA;  AND (&quot;Acute HIV infection symptoms&quot;=False)&#xA;  AND (&quot;Probable recent exposure to HIV&quot;=False)&#xA;  AND (&quot;Contraindications to PrEP usage&quot; is NULL)&#xA;  AND (-)&#xA;  AND (-)&#xA;  AND (-)&#xA;  AND (-)&#xA;  AND (&quot;Signs of substantial risk of HIV infection&quot;='PrEP requested by client')&#xA;  AND (-)"/>
          <language value="text/cql-identifier"/>
          <expression value="Should Counsel client on PrEP.Based on answers given, client is suitable for PrEP. Set \&quot;Suitable for PrEP\&quot;=True"/>
        </expression>
      </condition>
      <action>
        <title value="Counsel client on PrEP.Based on answers given, client is suitable for PrEP. Set &quot;Suitable for PrEP&quot;=True"/>
      </action>
      <action>
        <title value="Counsel client on PrEP.  Based on answers given, client is suitable for PrEP. "/>
      </action>
    </action>
    <action id="2">
      <title value="Counsel client on PrEP.Based on answers given, client is suitable for PrEP. Set &quot;Suitable for PrEP&quot;=True"/>
      <description value="Counsel client on PrEP.Based on answers given, client is suitable for PrEP. Set &quot;Suitable for PrEP&quot;=True 2"/>
      <documentation>
        <type value="citation"/>
        <label value="Implementation Tool for Pre-exposure Prophylaxis of HIV Infection. Module 1: Clinical (2017).&#xA;Use criteria in Pocket Card. Indications for PrEP (by history over the past 6 months) and Contraindications. (with provider discretion)&#xA;&#xA;Also see Implementation Tool for Pre-exposure Prophylaxis of HIV Infection. Module 10. Testing Providers. Table 1 Summary Tool for Starting or monitoring PrEP and Technical Brief: Preventing HIV During Pregnancy and Breastfeeding in the Context of PrEP (2017).&#xA;&#xA;Consolidated guidelines on HIV prevention, testing, treatment, service delivery and monitoring: recommendations for a public health approach (2021) Chapter 3: Prevention&#xA;&#xA; Differentiated and simplified pre-exposure prophylaxis for HIV prevention: Update to WHO implementation guidance. July 2022.  World Health Organization, Geneva, Switzerland.  "/>
      </documentation>
      <condition>
        <kind value="applicability"/>
        <expression>
          <description value="(HIV.C7.DT.02)&#xA;  AND (&quot;HIV status&quot;='HIV-negative')&#xA;  AND (&quot;Estimated creatinine clearance&quot; ≥ 60 mL/min)&#xA;  AND (&quot;Acute HIV infection symptoms&quot;=False)&#xA;  AND (&quot;Probable recent exposure to HIV&quot;=False)&#xA;  AND (&quot;Contraindications to PrEP usage&quot; is NULL)&#xA;  AND (&quot;HIV status of partner or contact&quot;='HIV-positive')&#xA;  AND (&quot;Sex partner's HIV treatment status&quot;='Partner is not virally suppressed')&#xA;  AND (-)&#xA;  AND (-)&#xA;  AND (-)&#xA;  AND (-)"/>
          <language value="text/cql-identifier"/>
          <expression value="Should Counsel client on PrEP.Based on answers given, client is suitable for PrEP. Set \&quot;Suitable for PrEP\&quot;=True 2"/>
        </expression>
      </condition>
      <action>
        <title value="Counsel client on PrEP.Based on answers given, client is suitable for PrEP. Set &quot;Suitable for PrEP&quot;=True"/>
      </action>
      <action>
        <title value="Counsel client on PrEP.  Based on answers given, client is suitable for PrEP. PrEP can protect the HIV-negative partner in a serodiscordant relationship when the HIV-positive partner is either not on antiretroviral therapy (ART) or has not yet achieved viral suppression. "/>
      </action>
    </action>
    <action id="3">
      <title value="Counsel client on PrEP.Based on answers given, client is suitable for PrEP. Set &quot;Suitable for PrEP&quot;=True"/>
      <description value="Counsel client on PrEP.Based on answers given, client is suitable for PrEP. Set &quot;Suitable for PrEP&quot;=True 3"/>
      <documentation>
        <type value="citation"/>
        <label value="Implementation Tool for Pre-exposure Prophylaxis of HIV Infection. Module 1: Clinical (2017).&#xA;Use criteria in Pocket Card. Indications for PrEP (by history over the past 6 months) and Contraindications. (with provider discretion)&#xA;&#xA;Also see Implementation Tool for Pre-exposure Prophylaxis of HIV Infection. Module 10. Testing Providers. Table 1 Summary Tool for Starting or monitoring PrEP and Technical Brief: Preventing HIV During Pregnancy and Breastfeeding in the Context of PrEP (2017).&#xA;&#xA;Consolidated guidelines on HIV prevention, testing, treatment, service delivery and monitoring: recommendations for a public health approach (2021) Chapter 3: Prevention&#xA;&#xA; Differentiated and simplified pre-exposure prophylaxis for HIV prevention: Update to WHO implementation guidance. July 2022.  World Health Organization, Geneva, Switzerland.  "/>
      </documentation>
      <condition>
        <kind value="applicability"/>
        <expression>
          <description value="(HIV.C7.DT.03)&#xA;  AND (&quot;HIV status&quot;='HIV-negative')&#xA;  AND (&quot;Estimated creatinine clearance&quot; ≥ 60 mL/min)&#xA;  AND (&quot;Acute HIV infection symptoms&quot;=False)&#xA;  AND (&quot;Probable recent exposure to HIV&quot;=False)&#xA;  AND (&quot;Contraindications to PrEP usage&quot; is NULL)&#xA;  AND (-)&#xA;  AND (-)&#xA;  AND (&quot;Key population member&quot;*=True)&#xA;  AND (-)&#xA;  AND (&quot;Signs of substantial risk of HIV infection&quot;='PrEP requested by client')&#xA;  AND (-)"/>
          <language value="text/cql-identifier"/>
          <expression value="Should Counsel client on PrEP.Based on answers given, client is suitable for PrEP. Set \&quot;Suitable for PrEP\&quot;=True 3"/>
        </expression>
      </condition>
      <action>
        <title value="Counsel client on PrEP.Based on answers given, client is suitable for PrEP. Set &quot;Suitable for PrEP&quot;=True"/>
      </action>
      <action>
        <title value="Counsel client on PrEP.  Based on answers given, client is suitable for PrEP. "/>
      </action>
    </action>
    <action id="4">
      <title value="Counsel client on PrEP.Based on answers given, client is suitable for PrEP. Set &quot;Suitable for PrEP&quot;=True"/>
      <description value="Counsel client on PrEP.Based on answers given, client is suitable for PrEP. Set &quot;Suitable for PrEP&quot;=True 4"/>
      <documentation>
        <type value="citation"/>
        <label value="Implementation Tool for Pre-exposure Prophylaxis of HIV Infection. Module 1: Clinical (2017).&#xA;Use criteria in Pocket Card. Indications for PrEP (by history over the past 6 months) and Contraindications. (with provider discretion)&#xA;&#xA;Also see Implementation Tool for Pre-exposure Prophylaxis of HIV Infection. Module 10. Testing Providers. Table 1 Summary Tool for Starting or monitoring PrEP and Technical Brief: Preventing HIV During Pregnancy and Breastfeeding in the Context of PrEP (2017).&#xA;&#xA;Consolidated guidelines on HIV prevention, testing, treatment, service delivery and monitoring: recommendations for a public health approach (2021) Chapter 3: Prevention&#xA;&#xA; Differentiated and simplified pre-exposure prophylaxis for HIV prevention: Update to WHO implementation guidance. July 2022.  World Health Organization, Geneva, Switzerland.  "/>
      </documentation>
      <condition>
        <kind value="applicability"/>
        <expression>
          <description value="(HIV.C7.DT.04)&#xA;  AND (&quot;HIV status&quot;='HIV-negative')&#xA;  AND (&quot;Estimated creatinine clearance&quot; ≥ 60 mL/min)&#xA;  AND (&quot;Acute HIV infection symptoms&quot;=False)&#xA;  AND (&quot;Probable recent exposure to HIV&quot;=False)&#xA;  AND (&quot;Contraindications to PrEP usage&quot; is NULL)&#xA;  AND (-)&#xA;  AND (-)&#xA;  AND (&quot;Key population member&quot;*=True)&#xA;  AND (-)&#xA;  AND (&quot;Signs of substantial risk of HIV infection&quot;='A sexual partner in the past 6 months had one or more HIV risk factors')&#xA;  AND (-)"/>
          <language value="text/cql-identifier"/>
          <expression value="Should Counsel client on PrEP.Based on answers given, client is suitable for PrEP. Set \&quot;Suitable for PrEP\&quot;=True 4"/>
        </expression>
      </condition>
      <action>
        <title value="Counsel client on PrEP.Based on answers given, client is suitable for PrEP. Set &quot;Suitable for PrEP&quot;=True"/>
      </action>
      <action>
        <title value="Counsel client on PrEP.  Based on answers given, client is suitable for PrEP. PrEP services provide a unique opportunity to screen for hepatitis B and hepatitis C infection and thus address multiple public health issues. Hepatitis B is endemic in some parts of the world where there is also a high burden of HIV. Testing oral PrEP users for hepatitis B surface antigen (HBsAg) once, at PrEP initiation, is preferred and has several advantages in these settings. Rapid point-of-care tests are available for HBsAg, and WHO has prequalified several rapid diagnostic tests. "/>
      </action>
    </action>
    <action id="5">
      <title value="Counsel client on PrEP.Based on answers given, client is suitable for PrEP. Set &quot;Suitable for PrEP&quot;=True"/>
      <description value="Counsel client on PrEP.Based on answers given, client is suitable for PrEP. Set &quot;Suitable for PrEP&quot;=True 5"/>
      <documentation>
        <type value="citation"/>
        <label value="Implementation Tool for Pre-exposure Prophylaxis of HIV Infection. Module 1: Clinical (2017).&#xA;Use criteria in Pocket Card. Indications for PrEP (by history over the past 6 months) and Contraindications. (with provider discretion)&#xA;&#xA;Also see Implementation Tool for Pre-exposure Prophylaxis of HIV Infection. Module 10. Testing Providers. Table 1 Summary Tool for Starting or monitoring PrEP and Technical Brief: Preventing HIV During Pregnancy and Breastfeeding in the Context of PrEP (2017).&#xA;&#xA;Consolidated guidelines on HIV prevention, testing, treatment, service delivery and monitoring: recommendations for a public health approach (2021) Chapter 3: Prevention&#xA;&#xA; Differentiated and simplified pre-exposure prophylaxis for HIV prevention: Update to WHO implementation guidance. July 2022.  World Health Organization, Geneva, Switzerland.  "/>
      </documentation>
      <condition>
        <kind value="applicability"/>
        <expression>
          <description value="(HIV.C7.DT.05)&#xA;  AND (&quot;HIV status&quot;='HIV-negative')&#xA;  AND (&quot;Estimated creatinine clearance&quot; ≥ 60 mL/min)&#xA;  AND (&quot;Acute HIV infection symptoms&quot;=False)&#xA;  AND (&quot;Probable recent exposure to HIV&quot;=False)&#xA;  AND (&quot;Contraindications to PrEP usage&quot; is NULL)&#xA;  AND (-)&#xA;  AND (-)&#xA;  AND (&quot;Key population member&quot;*=True)&#xA;  AND (-)&#xA;  AND (&quot;Signs of substantial risk of HIV infection&quot;='STI in the past 6 months')&#xA;  AND (-)"/>
          <language value="text/cql-identifier"/>
          <expression value="Should Counsel client on PrEP.Based on answers given, client is suitable for PrEP. Set \&quot;Suitable for PrEP\&quot;=True 5"/>
        </expression>
      </condition>
      <action>
        <title value="Counsel client on PrEP.Based on answers given, client is suitable for PrEP. Set &quot;Suitable for PrEP&quot;=True"/>
      </action>
      <action>
        <title value="Counsel client on PrEP.  Based on answers given, client is suitable for PrEP. Recently diagnosed STIs are often indicators of risk of sexual acquisition of HIV. The predictive value of STI indicatorsvaries by region, the type of STI and a person's demographic characteristics. A new diagnosis of syphilis or genital herpesis a strong predictor of HIV risk among men who have sex with men in most settings and among heterosexual men andwomen in areas of high HIV prevalence. PrEP services should be prioritized; local epidemiology will be essential to guidedecisions about when to offer PrEP and to which populations."/>
      </action>
    </action>
    <action id="6">
      <title value="Counsel client on PrEP.Based on answers given, client is suitable for PrEP. Set &quot;Suitable for PrEP&quot;=True"/>
      <description value="Counsel client on PrEP.Based on answers given, client is suitable for PrEP. Set &quot;Suitable for PrEP&quot;=True 6"/>
      <documentation>
        <type value="citation"/>
        <label value="Implementation Tool for Pre-exposure Prophylaxis of HIV Infection. Module 1: Clinical (2017).&#xA;Use criteria in Pocket Card. Indications for PrEP (by history over the past 6 months) and Contraindications. (with provider discretion)&#xA;&#xA;Also see Implementation Tool for Pre-exposure Prophylaxis of HIV Infection. Module 10. Testing Providers. Table 1 Summary Tool for Starting or monitoring PrEP and Technical Brief: Preventing HIV During Pregnancy and Breastfeeding in the Context of PrEP (2017).&#xA;&#xA;Consolidated guidelines on HIV prevention, testing, treatment, service delivery and monitoring: recommendations for a public health approach (2021) Chapter 3: Prevention&#xA;&#xA; Differentiated and simplified pre-exposure prophylaxis for HIV prevention: Update to WHO implementation guidance. July 2022.  World Health Organization, Geneva, Switzerland.  "/>
      </documentation>
      <condition>
        <kind value="applicability"/>
        <expression>
          <description value="(HIV.C7.DT.06)&#xA;  AND (&quot;HIV status&quot;='HIV-negative')&#xA;  AND (&quot;Estimated creatinine clearance&quot; ≥ 60 mL/min)&#xA;  AND (&quot;Acute HIV infection symptoms&quot;=False)&#xA;  AND (&quot;Probable recent exposure to HIV&quot;=False)&#xA;  AND (&quot;Contraindications to PrEP usage&quot; is NULL)&#xA;  AND (-)&#xA;  AND (-)&#xA;  AND (&quot;Key population member&quot;*=True)&#xA;  AND (-)&#xA;  AND (-)&#xA;  AND (&quot;PEP history&quot;='Repeat user')"/>
          <language value="text/cql-identifier"/>
          <expression value="Should Counsel client on PrEP.Based on answers given, client is suitable for PrEP. Set \&quot;Suitable for PrEP\&quot;=True 6"/>
        </expression>
      </condition>
      <action>
        <title value="Counsel client on PrEP.Based on answers given, client is suitable for PrEP. Set &quot;Suitable for PrEP&quot;=True"/>
      </action>
      <action>
        <title value="Counsel client on PrEP.  Based on answers given, client is suitable for PrEP. People may be subject to ongoing high risk of exposure to HIV, leading to multiple prescriptions for PEP. In such situations, health-care providers should discuss with their clients the potential benefits of transitioning to HIV PrEP."/>
      </action>
    </action>
    <action id="7">
      <title value="Counsel client on PrEP.Based on answers given, PrEP is suitable for client. Set &quot;Suitable for PrEP&quot;=True"/>
      <description value="Counsel client on PrEP.Based on answers given, PrEP is suitable for client. Set &quot;Suitable for PrEP&quot;=True"/>
      <documentation>
        <type value="citation"/>
        <label value="Implementation Tool for Pre-exposure Prophylaxis of HIV Infection. Module 1: Clinical (2017).&#xA;Use criteria in Pocket Card. Indications for PrEP (by history over the past 6 months) and Contraindications. (with provider discretion)&#xA;&#xA;Also see Implementation Tool for Pre-exposure Prophylaxis of HIV Infection. Module 10. Testing Providers. Table 1 Summary Tool for Starting or monitoring PrEP and Technical Brief: Preventing HIV During Pregnancy and Breastfeeding in the Context of PrEP (2017).&#xA;&#xA;Consolidated guidelines on HIV prevention, testing, treatment, service delivery and monitoring: recommendations for a public health approach (2021) Chapter 3: Prevention&#xA;&#xA; Differentiated and simplified pre-exposure prophylaxis for HIV prevention: Update to WHO implementation guidance. July 2022.  World Health Organization, Geneva, Switzerland.  "/>
      </documentation>
      <condition>
        <kind value="applicability"/>
        <expression>
          <description value="(HIV.C7.DT.07)&#xA;  AND (&quot;HIV status&quot;='HIV-negative')&#xA;  AND (&quot;Estimated creatinine clearance&quot; ≥ 60 mL/min)&#xA;  AND (&quot;Acute HIV infection symptoms&quot;=False)&#xA;  AND (&quot;Probable recent exposure to HIV&quot;=False)&#xA;  AND (&quot;Contraindications to PrEP usage&quot; is NULL)&#xA;  AND (-)&#xA;  AND (-)&#xA;  AND (&quot;Key population member&quot;*=True)&#xA;  AND (-)&#xA;  AND (&quot;Signs of substantial risk of HIV infection&quot;='No condom use during sex with more than one partner in the past 6 months')&#xA;  AND (-)"/>
          <language value="text/cql-identifier"/>
          <expression value="Should Counsel client on PrEP.Based on answers given, PrEP is suitable for client. Set \&quot;Suitable for PrEP\&quot;=True"/>
        </expression>
      </condition>
      <action>
        <title value="Counsel client on PrEP.Based on answers given, PrEP is suitable for client. Set &quot;Suitable for PrEP&quot;=True"/>
      </action>
      <action>
        <title value="Counsel client on PrEP.  Based on answers given, PrEP is suitable for client. Inconsistent use of condoms (male or female), including an intention to use condoms during sex with some occasional omissions or accidents, increases HIV risk. Social desirability bias in reporting condom use may occur, so PrEP could be considered for people reporting any intercourse without a condom or concerns about their future use of condoms. For example, someone who reports a desire to stop using condoms may be already having sex without condoms."/>
      </action>
    </action>
    <action id="8">
      <title value="Counsel client on PrEP.Based on answers given, PrEP is suitable for client. Set &quot;Suitable for PrEP&quot;=True"/>
      <description value="Counsel client on PrEP.Based on answers given, PrEP is suitable for client. Set &quot;Suitable for PrEP&quot;=True 2"/>
      <documentation>
        <type value="citation"/>
        <label value="Implementation Tool for Pre-exposure Prophylaxis of HIV Infection. Module 1: Clinical (2017).&#xA;Use criteria in Pocket Card. Indications for PrEP (by history over the past 6 months) and Contraindications. (with provider discretion)&#xA;&#xA;Also see Implementation Tool for Pre-exposure Prophylaxis of HIV Infection. Module 10. Testing Providers. Table 1 Summary Tool for Starting or monitoring PrEP and Technical Brief: Preventing HIV During Pregnancy and Breastfeeding in the Context of PrEP (2017).&#xA;&#xA;Consolidated guidelines on HIV prevention, testing, treatment, service delivery and monitoring: recommendations for a public health approach (2021) Chapter 3: Prevention&#xA;&#xA; Differentiated and simplified pre-exposure prophylaxis for HIV prevention: Update to WHO implementation guidance. July 2022.  World Health Organization, Geneva, Switzerland.  "/>
      </documentation>
      <condition>
        <kind value="applicability"/>
        <expression>
          <description value="((HIV.C7.DT.08)&#xA;  AND (&quot;HIV status&quot;='HIV-negative')&#xA;  AND (&quot;Estimated creatinine clearance&quot; ≥ 60 mL/min)&#xA;  AND (&quot;Acute HIV infection symptoms&quot;=False)&#xA;  AND (&quot;Probable recent exposure to HIV&quot;=False)&#xA;  AND (&quot;Contraindications to PrEP usage&quot; is NULL)&#xA;  AND (-)&#xA;  AND (-)&#xA;  AND (-)&#xA;  AND (&quot;HIV burden of the setting&quot;='High HIV burden setting')&#xA;  AND (&quot;Signs of substantial risk of HIV infection&quot;='PrEP requested by client')&#xA;  AND (-))&#xA;  OR ((HIV.C7.DT.09)&#xA;  AND (&quot;HIV status&quot;='HIV-negative')&#xA;  AND (&quot;Estimated creatinine clearance&quot; ≥ 60 mL/min)&#xA;  AND (&quot;Acute HIV infection symptoms&quot;=False)&#xA;  AND (&quot;Probable recent exposure to HIV&quot;=False)&#xA;  AND (&quot;Contraindications to PrEP usage&quot; is NULL)&#xA;  AND (-)&#xA;  AND (-)&#xA;  AND (-)&#xA;  AND (&quot;HIV burden of the setting&quot;='High HIV burden setting')&#xA;  AND (&quot;Signs of substantial risk of HIV infection&quot;='A sexual partner in the past 6 months had one or more HIV risk factors')&#xA;  AND (-))"/>
          <language value="text/cql-identifier"/>
          <expression value="Should Counsel client on PrEP.Based on answers given, PrEP is suitable for client. Set \&quot;Suitable for PrEP\&quot;=True 2"/>
        </expression>
      </condition>
      <action>
        <title value="Counsel client on PrEP.Based on answers given, PrEP is suitable for client. Set &quot;Suitable for PrEP&quot;=True"/>
      </action>
      <action>
        <title value="Counsel client on PrEP.Based on answers given, PrEP is suitable for client. "/>
      </action>
    </action>
    <action id="9">
      <title value="Counsel client on PrEP.Based on answers given, PrEP is suitable for client. Set &quot;Suitable for PrEP&quot;=True"/>
      <description value="Counsel client on PrEP.Based on answers given, PrEP is suitable for client. Set &quot;Suitable for PrEP&quot;=True 3"/>
      <documentation>
        <type value="citation"/>
        <label value="Implementation Tool for Pre-exposure Prophylaxis of HIV Infection. Module 1: Clinical (2017).&#xA;Use criteria in Pocket Card. Indications for PrEP (by history over the past 6 months) and Contraindications. (with provider discretion)&#xA;&#xA;Also see Implementation Tool for Pre-exposure Prophylaxis of HIV Infection. Module 10. Testing Providers. Table 1 Summary Tool for Starting or monitoring PrEP and Technical Brief: Preventing HIV During Pregnancy and Breastfeeding in the Context of PrEP (2017).&#xA;&#xA;Consolidated guidelines on HIV prevention, testing, treatment, service delivery and monitoring: recommendations for a public health approach (2021) Chapter 3: Prevention&#xA;&#xA; Differentiated and simplified pre-exposure prophylaxis for HIV prevention: Update to WHO implementation guidance. July 2022.  World Health Organization, Geneva, Switzerland.  "/>
      </documentation>
      <condition>
        <kind value="applicability"/>
        <expression>
          <description value="(HIV.C7.DT.10)&#xA;  AND (&quot;HIV status&quot;='HIV-negative')&#xA;  AND (&quot;Estimated creatinine clearance&quot; ≥ 60 mL/min)&#xA;  AND (&quot;Acute HIV infection symptoms&quot;=False)&#xA;  AND (&quot;Probable recent exposure to HIV&quot;=False)&#xA;  AND (&quot;Contraindications to PrEP usage&quot; is NULL)&#xA;  AND (-)&#xA;  AND (-)&#xA;  AND (-)&#xA;  AND (&quot;HIV burden of the setting&quot;='High HIV burden setting')&#xA;  AND (&quot;Signs of substantial risk of HIV infection&quot;='STI in the past 6 months')&#xA;  AND (-)"/>
          <language value="text/cql-identifier"/>
          <expression value="Should Counsel client on PrEP.Based on answers given, PrEP is suitable for client. Set \&quot;Suitable for PrEP\&quot;=True 3"/>
        </expression>
      </condition>
      <action>
        <title value="Counsel client on PrEP.Based on answers given, PrEP is suitable for client. Set &quot;Suitable for PrEP&quot;=True"/>
      </action>
      <action>
        <title value="Counsel client on PrEP.Based on answers given, PrEP is suitable for client.Recently diagnosed STIs are often indicators of risk of sexual acquisition of HIV. The predictive value of STI indicators varies by region, the type of STI and a person's demographic characteristics. A new diagnosis of syphilis or genital herpes is a strong predictor of HIV risk among men who have sex with men in most settings and among heterosexual men and women in areas of high HIV prevalence. PrEP services should be prioritized; local epidemiology will be essential to guide decisions about when to offer PrEP and to which populations."/>
      </action>
    </action>
    <action id="10">
      <title value="Counsel client on PrEP.Based on answers given, PrEP is suitable for client. Set &quot;Suitable for PrEP&quot;=True"/>
      <description value="Counsel client on PrEP.Based on answers given, PrEP is suitable for client. Set &quot;Suitable for PrEP&quot;=True 4"/>
      <documentation>
        <type value="citation"/>
        <label value="Implementation Tool for Pre-exposure Prophylaxis of HIV Infection. Module 1: Clinical (2017).&#xA;Use criteria in Pocket Card. Indications for PrEP (by history over the past 6 months) and Contraindications. (with provider discretion)&#xA;&#xA;Also see Implementation Tool for Pre-exposure Prophylaxis of HIV Infection. Module 10. Testing Providers. Table 1 Summary Tool for Starting or monitoring PrEP and Technical Brief: Preventing HIV During Pregnancy and Breastfeeding in the Context of PrEP (2017).&#xA;&#xA;Consolidated guidelines on HIV prevention, testing, treatment, service delivery and monitoring: recommendations for a public health approach (2021) Chapter 3: Prevention&#xA;&#xA; Differentiated and simplified pre-exposure prophylaxis for HIV prevention: Update to WHO implementation guidance. July 2022.  World Health Organization, Geneva, Switzerland.  "/>
      </documentation>
      <condition>
        <kind value="applicability"/>
        <expression>
          <description value="((HIV.C7.DT.11)&#xA;  AND (&quot;HIV status&quot;='HIV-negative')&#xA;  AND (&quot;Estimated creatinine clearance&quot; ≥ 60 mL/min)&#xA;  AND (&quot;Acute HIV infection symptoms&quot;=False)&#xA;  AND (&quot;Probable recent exposure to HIV&quot;=False)&#xA;  AND (&quot;Contraindications to PrEP usage&quot; is NULL)&#xA;  AND (-)&#xA;  AND (-)&#xA;  AND (-)&#xA;  AND (&quot;HIV burden of the setting&quot;='High HIV burden setting')&#xA;  AND (-)&#xA;  AND (&quot;PEP history&quot;='Repeat user'))&#xA;  OR ((HIV.C7.DT.12)&#xA;  AND (&quot;HIV status&quot;='HIV-negative')&#xA;  AND (&quot;Estimated creatinine clearance&quot; ≥ 60 mL/min)&#xA;  AND (&quot;Acute HIV infection symptoms&quot;=False)&#xA;  AND (&quot;Probable recent exposure to HIV&quot;=False)&#xA;  AND (&quot;Contraindications to PrEP usage&quot; is NULL)&#xA;  AND (-)&#xA;  AND (-)&#xA;  AND (-)&#xA;  AND (&quot;HIV burden of the setting&quot;='High HIV burden setting')&#xA;  AND (&quot;Signs of substantial risk of HIV infection&quot;='No condom use during sex with more than one partner in the past 6 months')&#xA;  AND (-))"/>
          <language value="text/cql-identifier"/>
          <expression value="Should Counsel client on PrEP.Based on answers given, PrEP is suitable for client. Set \&quot;Suitable for PrEP\&quot;=True 4"/>
        </expression>
      </condition>
      <action>
        <title value="Counsel client on PrEP.Based on answers given, PrEP is suitable for client. Set &quot;Suitable for PrEP&quot;=True"/>
      </action>
      <action>
        <title value="Counsel client on PrEP.Based on answers given, PrEP is suitable for client. "/>
      </action>
    </action>
    <action id="11">
      <title value="Counsel client on risk and prevention.  Set &quot;Suitable for PrEP&quot;=False"/>
      <description value="Counsel client on risk and prevention.  Set &quot;Suitable for PrEP&quot;=False"/>
      <documentation>
        <type value="citation"/>
        <label value="Implementation Tool for Pre-exposure Prophylaxis of HIV Infection. Module 1: Clinical (2017).&#xA;Use criteria in Pocket Card. Indications for PrEP (by history over the past 6 months) and Contraindications. (with provider discretion)&#xA;&#xA;Also see Implementation Tool for Pre-exposure Prophylaxis of HIV Infection. Module 10. Testing Providers. Table 1 Summary Tool for Starting or monitoring PrEP and Technical Brief: Preventing HIV During Pregnancy and Breastfeeding in the Context of PrEP (2017).&#xA;&#xA;Consolidated guidelines on HIV prevention, testing, treatment, service delivery and monitoring: recommendations for a public health approach (2021) Chapter 3: Prevention&#xA;&#xA; Differentiated and simplified pre-exposure prophylaxis for HIV prevention: Update to WHO implementation guidance. July 2022.  World Health Organization, Geneva, Switzerland.  "/>
      </documentation>
      <condition>
        <kind value="applicability"/>
        <expression>
          <description value="(HIV.C7.DT.13)&#xA;  AND (&quot;HIV status&quot; IN 'HIV-negative', 'Unknown')&#xA;  AND (-)&#xA;  AND (&quot;Acute HIV infection symptoms&quot;=True)&#xA;  AND (-)&#xA;  AND (-)&#xA;  AND (-)&#xA;  AND (-)&#xA;  AND (-)&#xA;  AND (-)&#xA;  AND (-)&#xA;  AND (-)"/>
          <language value="text/cql-identifier"/>
          <expression value="Should Counsel client on risk and prevention.  Set \&quot;Suitable for PrEP\&quot;=False"/>
        </expression>
      </condition>
      <action>
        <title value="Counsel client on risk and prevention.  Set &quot;Suitable for PrEP&quot;=False"/>
      </action>
      <action>
        <title value="Client is ineligible for PrEP based on answers given."/>
      </action>
    </action>
    <action id="12">
      <title value="Counsel client on risk and prevention.  Consider for PEP.  Set &quot;Suitable for PrEP&quot;=False"/>
      <description value="Counsel client on risk and prevention.  Consider for PEP.  Set &quot;Suitable for PrEP&quot;=False"/>
      <documentation>
        <type value="citation"/>
        <label value="Implementation Tool for Pre-exposure Prophylaxis of HIV Infection. Module 1: Clinical (2017).&#xA;Use criteria in Pocket Card. Indications for PrEP (by history over the past 6 months) and Contraindications. (with provider discretion)&#xA;&#xA;Also see Implementation Tool for Pre-exposure Prophylaxis of HIV Infection. Module 10. Testing Providers. Table 1 Summary Tool for Starting or monitoring PrEP and Technical Brief: Preventing HIV During Pregnancy and Breastfeeding in the Context of PrEP (2017).&#xA;&#xA;Consolidated guidelines on HIV prevention, testing, treatment, service delivery and monitoring: recommendations for a public health approach (2021) Chapter 3: Prevention&#xA;&#xA; Differentiated and simplified pre-exposure prophylaxis for HIV prevention: Update to WHO implementation guidance. July 2022.  World Health Organization, Geneva, Switzerland.  "/>
      </documentation>
      <condition>
        <kind value="applicability"/>
        <expression>
          <description value="(HIV.C7.DT.14)&#xA;  AND (&quot;HIV status&quot; IN 'HIV-negative', 'Unknown')&#xA;  AND (-)&#xA;  AND (-)&#xA;  AND (&quot;Probable recent exposure to HIV&quot;=True)&#xA;  AND (-)&#xA;  AND (-)&#xA;  AND (-)&#xA;  AND (-)&#xA;  AND (-)&#xA;  AND (-)&#xA;  AND (-)"/>
          <language value="text/cql-identifier"/>
          <expression value="Should Counsel client on risk and prevention.  Consider for PEP.  Set \&quot;Suitable for PrEP\&quot;=False"/>
        </expression>
      </condition>
      <action>
        <title value="Counsel client on risk and prevention.  Consider for PEP.  Set &quot;Suitable for PrEP&quot;=False"/>
      </action>
      <action>
        <title value="Client is ineligible for PrEP based on answers given.  Counsel client on risk and prevention.  If the person has had a recent high-risk HIV exposure (such as within the past 72 hours) they can be offered PEP and transition to PrEP after the completion of PEP and following additional HIV testing.The following types of exposure may warrant HIV PEP.• Body fluids: blood, blood-stained saliva, breast-milk, genital secretions; cerebrospinal, amniotic, peritoneal, synovial, pericardial or pleural fluids. Although these fluids carry a high risk of HIV infection, this list is not exhaustive. All cases should be assessed clinically, and the health care workers should decide whether the actual exposure constitutes a significant risk.• Types of exposure: (1) mucous membrane from sexual exposure; splashes to the eye, nose, or oral cavity and (2) parenteral exposures.Exposure that does not require HIV PEP includes:• when the exposed individual is already HIV positive;• when the source is established to be HIV negative; and• exposure to bodily fluids that do not pose a significant risk: tears, non-blood-stained saliva, urine and sweat.People may be subject to ongoing high risk of exposure to HIV, leading to multiple prescriptions for PEP. In such situations, health-care providers should discuss with their clients the potential benefits of transitioning to HIV PrEP."/>
      </action>
    </action>
    <action id="13">
      <title value="Counsel client on risk and preventionSet &quot;Suitable for PrEP&quot;=False"/>
      <description value="Counsel client on risk and preventionSet &quot;Suitable for PrEP&quot;=False"/>
      <documentation>
        <type value="citation"/>
        <label value="Implementation Tool for Pre-exposure Prophylaxis of HIV Infection. Module 1: Clinical (2017).&#xA;Use criteria in Pocket Card. Indications for PrEP (by history over the past 6 months) and Contraindications. (with provider discretion)&#xA;&#xA;Also see Implementation Tool for Pre-exposure Prophylaxis of HIV Infection. Module 10. Testing Providers. Table 1 Summary Tool for Starting or monitoring PrEP and Technical Brief: Preventing HIV During Pregnancy and Breastfeeding in the Context of PrEP (2017).&#xA;&#xA;Consolidated guidelines on HIV prevention, testing, treatment, service delivery and monitoring: recommendations for a public health approach (2021) Chapter 3: Prevention&#xA;&#xA; Differentiated and simplified pre-exposure prophylaxis for HIV prevention: Update to WHO implementation guidance. July 2022.  World Health Organization, Geneva, Switzerland.  "/>
      </documentation>
      <condition>
        <kind value="applicability"/>
        <expression>
          <description value="((HIV.C7.DT.15)&#xA;  AND (&quot;HIV status&quot;='HIV-negative')&#xA;  AND (-)&#xA;  AND (-)&#xA;  AND (-)&#xA;  AND (&quot;Contraindications to PrEP usage&quot;='Tenofovir disoproxil fumarate (TDF)')&#xA;  AND (-)&#xA;  AND (-)&#xA;  AND (-)&#xA;  AND (-)&#xA;  AND (-)&#xA;  AND (-))&#xA;  OR ((HIV.C7.DT.16)&#xA;  AND (&quot;HIV status&quot;='HIV-negative')&#xA;  AND (-)&#xA;  AND (-)&#xA;  AND (-)&#xA;  AND (&quot;Contraindications to PrEP usage&quot; is NOT NULL)&#xA;  AND (-)&#xA;  AND (-)&#xA;  AND (-)&#xA;  AND (-)&#xA;  AND (-)&#xA;  AND (-))"/>
          <language value="text/cql-identifier"/>
          <expression value="Should Counsel client on risk and preventionSet \&quot;Suitable for PrEP\&quot;=False"/>
        </expression>
      </condition>
      <action>
        <title value="Counsel client on risk and preventionSet &quot;Suitable for PrEP&quot;=False"/>
      </action>
      <action>
        <title value="Client is ineligible for PrEP based on answers given.  Counsel client on risk and prevention. "/>
      </action>
    </action>
    <action id="14">
      <title value="Counsel client on risk and preventionSet &quot;Suitable for PrEP&quot;=False"/>
      <description value="Counsel client on risk and preventionSet &quot;Suitable for PrEP&quot;=False 2"/>
      <textEquivalent value="Reduced kidney function, indicated by a creatinine clearance of &lt;60 ml/min, is a contraindication for using oral PrEP containing TDF.  &#xA;&#xA;More frequent screening than once is only suggested for individuals of any age with a history of comorbidities such as diabetes or hypertension, those 50 years or older and those who have had a previous creatinine clearance result of &lt;90 mL/min. For these oral PrEP users, a further test after the baseline screening and every 6–12 months thereafter can be considered. &#xA;&#xA;When creatinine screening is conducted, any individuals with an estimated creatinine clearance of ≥60 mL/min can safely be prescribed TDF-containing oral PrEP. Waiting for creatinine screening results should not delay starting oral PrEP, since the results can be reviewed at a follow-up visit. Abnormal creatinine clearance of &lt;60 mL/min should be repeated on a separate day before stopping TDF-containing oral PrEP. Other HIV prevention options should be discussed with the client."/>
      <documentation>
        <type value="citation"/>
        <label value="Implementation Tool for Pre-exposure Prophylaxis of HIV Infection. Module 1: Clinical (2017).&#xA;Use criteria in Pocket Card. Indications for PrEP (by history over the past 6 months) and Contraindications. (with provider discretion)&#xA;&#xA;Also see Implementation Tool for Pre-exposure Prophylaxis of HIV Infection. Module 10. Testing Providers. Table 1 Summary Tool for Starting or monitoring PrEP and Technical Brief: Preventing HIV During Pregnancy and Breastfeeding in the Context of PrEP (2017).&#xA;&#xA;Consolidated guidelines on HIV prevention, testing, treatment, service delivery and monitoring: recommendations for a public health approach (2021) Chapter 3: Prevention&#xA;&#xA; Differentiated and simplified pre-exposure prophylaxis for HIV prevention: Update to WHO implementation guidance. July 2022.  World Health Organization, Geneva, Switzerland.  "/>
      </documentation>
      <condition>
        <kind value="applicability"/>
        <expression>
          <description value="(HIV.C7.DT.17)&#xA;  AND (&quot;HIV status&quot;='HIV-negative')&#xA;  AND (&quot;Estimated creatinine clearance&quot;&lt;60 mL/min)&#xA;  AND (-)&#xA;  AND (-)&#xA;  AND (-)&#xA;  AND (-)&#xA;  AND (-)&#xA;  AND (-)&#xA;  AND (-)&#xA;  AND (-)&#xA;  AND (-)"/>
          <language value="text/cql-identifier"/>
          <expression value="Should Counsel client on risk and preventionSet \&quot;Suitable for PrEP\&quot;=False 2"/>
        </expression>
      </condition>
      <action>
        <title value="Counsel client on risk and preventionSet &quot;Suitable for PrEP&quot;=False"/>
      </action>
      <action>
        <title value="Client is ineligible for PrEP based on answers given.  Counsel client on risk and preventionMeasurement of kidney function will depend on age and comorbidities.  See Table 2. of source: Suggested procedures for measuring kidney function for TDF-containing oral PrEPMeasuring kidney function is optional for those aged under 30 years without kidney-related comorbidities.Individuals aged 30 years and older without comorbidities may be screened once, at or within one to three months of oral PrEP initiation. Depending on available resources, this can be considered optional for those aged 30–49 years, particularly those aged 30–39, given the low risk of kidney impairment.More frequent screening (every 6–12 months) is suggested for individuals with comorbidities, those aged 50 years and older, and those with a previous kidney function test result suggesting at least a mild reduction in function (eGFR &lt;90 mL/min per 1.73 m^2).Waiting for kidney function test results should not delay initiation or continuation of oral PrEP."/>
      </action>
    </action>
  </action>
</PlanDefinition>