<?xml version="1.0" encoding="UTF-8"?>

<PlanDefinition xmlns="http://hl7.org/fhir">
  <id value="HIVD12DT"/>
  <meta>
    <profile value="http://hl7.org/fhir/uv/cpg/StructureDefinition/cpg-recommendationdefinition"/>
    <profile value="http://hl7.org/fhir/uv/crmi/StructureDefinition/crmi-shareableplandefinition"/>
    <profile value="http://hl7.org/fhir/uv/crmi/StructureDefinition/crmi-publishableplandefinition"/>
  </meta>
  <text>
    <status value="extensions"/><div xmlns="http://www.w3.org/1999/xhtml">
<div>
    <table class="grid dict">
        
        <tr>
            <th scope="row"><b>Id: </b></th>
            <td style="padding-left: 4px;">HIVD12DT</td>
        </tr>
        

        
        <tr>
            <th scope="row"><b>Url: </b></th>
            <td style="padding-left: 4px;"><a href="PlanDefinition-HIVD12DT.html">HIV.D12.Determine recommended screenings and tests</a></td>
        </tr>
        

        
        <tr>
            <th scope="row"><b>Version: </b></th>
            <td style="padding-left: 4px;">0.4.0</td>
        </tr>
        

        

        
        <tr>
            <th scope="row"><b>Title: </b></th>
            <td style="padding-left: 4px;">HIV.D12.Determine recommended screenings and tests</td>
        </tr>
        

        

        
        <tr>
            <th scope="row"><b>Status: </b></th>
            <td style="padding-left: 4px;">draft</td>
        </tr>
        

        
        <tr>
            <th scope="row"><b>Experimental: </b></th>
            <td style="padding-left: 4px;">true</td>
        </tr>
        

        
        <tr>
            <th scope="row"><b>Type: </b></th>
            <td style="padding-left: 4px;">
                
                    
                        
                        <p style="margin-bottom: 5px;">
                            <b>system: </b> <span><a href="http://terminology.hl7.org/6.0.2/CodeSystem-plan-definition-type.html">http://terminology.hl7.org/CodeSystem/plan-definition-type</a></span>
                        </p>
                        
                        
                        <p style="margin-bottom: 5px;">
                            <b>code: </b> <span>eca-rule</span>
                        </p>
                        
                        
                    
                
                
            </td>
        </tr>
        

        

        
        <tr>
            <th scope="row"><b>Date: </b></th>
            <td style="padding-left: 4px;">2025-01-30 04:52:13+0000</td>
        </tr>
        

        
        <tr>
            <th scope="row"><b>Publisher: </b></th>
            <td style="padding-left: 4px;">WHO</td>
        </tr>
        

        
        <tr>
            <th scope="row"><b>Description: </b></th>
            <td style="padding-left: 4px;"><div><p>Determine recommended screenings and tests</p>
</div></td>
        </tr>
        

        

        

        

        

        

        

        

        

        

        

        
        <tr>
            <th scope="row"><b>Related Artifacts: </b></th>
            <td style="padding-left: 4px;">
                
                
                <p><b>References</b></p>
                <ul>
                    
                    <li><div><p>Consolidated Guidelines on HIV Testing Services (2019)</p>
</div><br/><a href="null"/></li>
                    
                </ul>
                
                
                
                
                
                
            </td>
        </tr>
        

        
        <tr>
            <th scope="row"><b>Libraries: </b></th>
            <td style="padding-left: 4px;">
                <table class="grid-dict">
                    
                    <tr>
                        <td><a href="Library-HIVD12DTLogic.html">HIV.D12.DT Logic</a></td>
                    </tr>
                    
                </table>
            </td>
        </tr>
        

        
        <tr>
            <th scope="row"><b>Actions: </b></th>
            <td style="padding-left: 4px;">
                <table class="grid-dict">
                    
                    <tr>
                        <td>
                            
                            Recommended screenings and tests
                            
                            <br/>
                            
                            
                            
                            
                            <b>Then:</b> <i>Definition:</i> <a href="ActivityDefinition-HIVGuidanceCommunicationRequestActivity.html">HIVGuidanceCommunicationRequestActivity</a><br/>
                            
                            <i>Dynamic Values:</i><br/>
                            
                            payload[+].contentString: <i>(Guidance)</i>
                            <br/>
                            
                            
                            
                            
                        </td>
                    </tr>
                    
                </table>
            </td>
        </tr>
        
    </table>
</div>
</div>
  </text>
  <extension url="http://hl7.org/fhir/StructureDefinition/cqf-knowledgeCapability">
    <valueCode value="computable"/>
  </extension>
  <url value="http://smart.who.int/hiv/PlanDefinition/HIVD4DT"/>
  <version value="0.4.0"/>
  <name value="HIVD4DT"/>
  <title value="HIV.D12.Determine recommended screenings and tests"/>
  <type>
    <coding>
      <system value="http://terminology.hl7.org/CodeSystem/plan-definition-type"/>
      <code value="eca-rule"/>
    </coding>
  </type>
  <status value="draft"/>
  <experimental value="true"/>
  <date value="2025-01-30T04:52:13+00:00"/>
  <publisher value="WHO"/>
  <contact>
    <name value="WHO"/>
    <telecom>
      <system value="url"/>
      <value value="http://who.int"/>
    </telecom>
  </contact>
  <description value="Determine recommended screenings and tests"/>
  <relatedArtifact>
    <type value="citation"/>
    <citation value="Consolidated Guidelines on HIV Testing Services (2019)"/>
  </relatedArtifact>
  <library value="http://smart.who.int/hiv/Library/HIVD12DTLogic"/>
  <action>
    <textEquivalent value="Recommended screenings and tests"/>
    <definitionCanonical value="http://smart.who.int/hiv/ActivityDefinition/HIVGuidanceCommunicationRequestActivity"/>
    <dynamicValue>
      <path value="payload[+].contentString"/>
      <expression>
        <language value="text/cql-identifier"/>
        <expression value="Guidance"/>
      </expression>
    </dynamicValue>
  </action>
</PlanDefinition>