<?xml version="1.0" encoding="UTF-8"?>

<ValueSet xmlns="http://hl7.org/fhir">
  <id value="HIV.B.DE237"/>
  <meta>
    <profile value="http://hl7.org/fhir/uv/crmi/StructureDefinition/crmi-shareablevalueset"/>
    <profile value="http://hl7.org/fhir/uv/crmi/StructureDefinition/crmi-publishablevalueset"/>
    <profile value="http://hl7.org/fhir/uv/crmi/StructureDefinition/crmi-computablevalueset"/>
  </meta>
  <text>
    <status value="extensions"/><div xmlns="http://www.w3.org/1999/xhtml"><p class="res-header-id"><b>Generated Narrative: ValueSet HIV.B.DE237</b></p><a name="HIV.B.DE237"> </a><a name="hcHIV.B.DE237"> </a><a name="hcHIV.B.DE237-en-US"> </a><ul><li>Include these codes as defined in <a href="CodeSystem-HIVConcepts.html"><code>http://smart.who.int/hiv/CodeSystem/HIVConcepts</code></a><table class="none"><tr><td style="white-space:nowrap"><b>Code</b></td><td><b>Display</b></td><td><b>Definition</b></td></tr><tr><td><a href="CodeSystem-HIVConcepts.html#HIVConcepts-HIV.46B.46DE238">HIV.B.DE238</a></td><td>Neisseria gonorrhoeae</td><td>Client tested for Neisseria gonorrhoeae</td></tr><tr><td><a href="CodeSystem-HIVConcepts.html#HIVConcepts-HIV.46B.46DE239">HIV.B.DE239</a></td><td>Chlamydia trachomatis</td><td>Client tested for Chlamydia trachomatis</td></tr><tr><td><a href="CodeSystem-HIVConcepts.html#HIVConcepts-HIV.46B.46DE240">HIV.B.DE240</a></td><td>Trichomonas vaginalis</td><td>Client tested for Trichomonas vaginalis</td></tr><tr><td><a href="CodeSystem-HIVConcepts.html#HIVConcepts-HIV.46B.46DE241">HIV.B.DE241</a></td><td>Syphilis (Treponema pallidum)</td><td>Client tested for Syphilis (treponema pallidum)</td></tr><tr><td><a href="CodeSystem-HIVConcepts.html#HIVConcepts-HIV.46B.46DE242">HIV.B.DE242</a></td><td>Herpes simplex virus (HSV1, HSV2)</td><td>Client tested for herpes simplex virus (HSV1, HSV2)</td></tr><tr><td><a href="CodeSystem-HIVConcepts.html#HIVConcepts-HIV.46B.46DE243">HIV.B.DE243</a></td><td>Mycoplasma genitalium</td><td>Client tested for Mycoplasma genitalium</td></tr><tr><td><a href="CodeSystem-HIVConcepts.html#HIVConcepts-HIV.46B.46DE244">HIV.B.DE244</a></td><td>Mpox</td><td>Client tested for Mpox</td></tr><tr><td><a href="CodeSystem-HIVConcepts.html#HIVConcepts-HIV.46B.46DE245">HIV.B.DE245</a></td><td>Hepatitis B</td><td>Client tested for Hepatitis B</td></tr><tr><td><a href="CodeSystem-HIVConcepts.html#HIVConcepts-HIV.46B.46DE246">HIV.B.DE246</a></td><td>Hepatitis C</td><td>Client tested for Hepatitis C</td></tr><tr><td><a href="CodeSystem-HIVConcepts.html#HIVConcepts-HIV.46B.46DE247">HIV.B.DE247</a></td><td>Other</td><td>Client tested for other STI</td></tr></table></li></ul></div>
  </text>
  <url value="http://smart.who.int/hiv/ValueSet/HIV.B.DE237"/>
  <version value="0.1.0"/>
  <name value="HIVBDE237"/>
  <title value="STI tested for ValueSet"/>
  <status value="active"/>
  <experimental value="true"/>
  <date value="2024-07-01T05:40:26+00:00"/>
  <publisher value="WHO"/>
  <contact>
    <name value="WHO"/>
    <telecom>
      <system value="url"/>
      <value value="http://who.int"/>
    </telecom>
  </contact>
  <description value="Value set of sTI for which the client was tested"/>
  <compose>
    <include>
      <system value="http://smart.who.int/hiv/CodeSystem/HIVConcepts"/>
      <concept>
        <code value="HIV.B.DE238"/>
        <display value="Neisseria gonorrhoeae"/>
      </concept>
      <concept>
        <code value="HIV.B.DE239"/>
        <display value="Chlamydia trachomatis"/>
      </concept>
      <concept>
        <code value="HIV.B.DE240"/>
        <display value="Trichomonas vaginalis"/>
      </concept>
      <concept>
        <code value="HIV.B.DE241"/>
        <display value="Syphilis (Treponema pallidum)"/>
      </concept>
      <concept>
        <code value="HIV.B.DE242"/>
        <display value="Herpes simplex virus (HSV1, HSV2)"/>
      </concept>
      <concept>
        <code value="HIV.B.DE243"/>
        <display value="Mycoplasma genitalium"/>
      </concept>
      <concept>
        <code value="HIV.B.DE244"/>
        <display value="Mpox"/>
      </concept>
      <concept>
        <code value="HIV.B.DE245"/>
        <display value="Hepatitis B"/>
      </concept>
      <concept>
        <code value="HIV.B.DE246"/>
        <display value="Hepatitis C"/>
      </concept>
      <concept>
        <code value="HIV.B.DE247"/>
        <display value="Other"/>
      </concept>
    </include>
  </compose>
</ValueSet>