<?xml version="1.0" encoding="UTF-8"?>

<ValueSet xmlns="http://hl7.org/fhir">
  <id value="HIV.B.DE204"/>
  <meta>
    <profile value="http://hl7.org/fhir/uv/crmi/StructureDefinition/crmi-shareablevalueset"/>
    <profile value="http://hl7.org/fhir/uv/crmi/StructureDefinition/crmi-publishablevalueset"/>
    <profile value="http://hl7.org/fhir/uv/crmi/StructureDefinition/crmi-computablevalueset"/>
  </meta>
  <text>
    <status value="extensions"/><div xmlns="http://www.w3.org/1999/xhtml"><p class="res-header-id"><b>Generated Narrative: ValueSet HIV.B.DE204</b></p><a name="HIV.B.DE204"> </a><a name="hcHIV.B.DE204"> </a><a name="HIV.B.DE204-en-US"> </a><ul><li>Include these codes as defined in <a href="CodeSystem-HIVConcepts.html"><code>http://smart.who.int/hiv/CodeSystem/HIVConcepts</code></a><table class="none"><tr><td style="white-space:nowrap"><b>Code</b></td><td><b>Display</b></td><td><b>Definition</b></td></tr><tr><td><a href="CodeSystem-HIVConcepts.html#HIVConcepts-HIV.46B.46DE205">HIV.B.DE205</a></td><td>Intraoperative</td><td>The adverse event associated with VMMC procedure occurred during the procedure</td></tr><tr><td><a href="CodeSystem-HIVConcepts.html#HIVConcepts-HIV.46B.46DE206">HIV.B.DE206</a></td><td>Postoperative</td><td>The adverse event associated with VMMC procedure occurred within the first 30 days after the procedure</td></tr></table></li></ul></div>
  </text>
  <url value="http://smart.who.int/hiv/ValueSet/HIV.B.DE204"/>
  <version value="0.3.0"/>
  <name value="HIVBDE204"/>
  <title value="Timing of adverse event ValueSet"/>
  <status value="active"/>
  <experimental value="true"/>
  <date value="2024-08-18T19:09:24+00:00"/>
  <publisher value="WHO"/>
  <contact>
    <name value="WHO"/>
    <telecom>
      <system value="url"/>
      <value value="http://who.int"/>
    </telecom>
  </contact>
  <description value="Value set of when the adverse event associated with VMMC procedure occurred"/>
  <compose>
    <include>
      <system value="http://smart.who.int/hiv/CodeSystem/HIVConcepts"/>
      <concept>
        <code value="HIV.B.DE205"/>
        <display value="Intraoperative"/>
      </concept>
      <concept>
        <code value="HIV.B.DE206"/>
        <display value="Postoperative"/>
      </concept>
    </include>
  </compose>
</ValueSet>