<?xml version="1.0" encoding="UTF-8"?>

<ValueSet xmlns="http://hl7.org/fhir">
  <id value="HIV.D.DE383"/>
  <meta>
    <profile value="http://hl7.org/fhir/uv/crmi/StructureDefinition/crmi-shareablevalueset"/>
    <profile value="http://hl7.org/fhir/uv/crmi/StructureDefinition/crmi-publishablevalueset"/>
    <profile value="http://hl7.org/fhir/uv/crmi/StructureDefinition/crmi-computablevalueset"/>
  </meta>
  <text>
    <status value="extensions"/><div xmlns="http://www.w3.org/1999/xhtml"><p class="res-header-id"><b>Generated Narrative: ValueSet HIV.D.DE383</b></p><a name="HIV.D.DE383"> </a><a name="hcHIV.D.DE383"> </a><a name="HIV.D.DE383-en-US"> </a><ul><li>Include these codes as defined in <a href="CodeSystem-HIVConcepts.html"><code>http://smart.who.int/hiv/CodeSystem/HIVConcepts</code></a><table class="none"><tr><td style="white-space:nowrap"><b>Code</b></td><td><b>Display</b></td><td><b>Definition</b></td></tr><tr><td><a href="CodeSystem-HIVConcepts.html#HIVConcepts-HIV.46D.46DE384">HIV.D.DE384</a></td><td>Within 7 days of HIV diagnosis</td><td>Client started ART within 7 days</td></tr><tr><td><a href="CodeSystem-HIVConcepts.html#HIVConcepts-HIV.46D.46DE385">HIV.D.DE385</a></td><td>Within 30 days of HIV diagnosis</td><td>Client started ART within 30 days of ART initiation (but over 7 days)</td></tr><tr><td><a href="CodeSystem-HIVConcepts.html#HIVConcepts-HIV.46D.46DE386">HIV.D.DE386</a></td><td>Within 90 days of HIV diagnosis</td><td>Client started ART within 90 days of ART initiation (but over 30 days)</td></tr></table></li></ul></div>
  </text>
  <url value="http://smart.who.int/hiv/ValueSet/HIV.D.DE383"/>
  <version value="0.3.0"/>
  <name value="HIVDDE383"/>
  <title value="Time to start ART ValueSet"/>
  <status value="active"/>
  <experimental value="true"/>
  <date value="2024-12-06T22:30:44+00:00"/>
  <publisher value="WHO"/>
  <contact>
    <name value="WHO"/>
    <telecom>
      <system value="url"/>
      <value value="http://who.int"/>
    </telecom>
  </contact>
  <description value="Value set of time from HIV diagnosis to when client started ART"/>
  <compose>
    <include>
      <system value="http://smart.who.int/hiv/CodeSystem/HIVConcepts"/>
      <concept>
        <code value="HIV.D.DE384"/>
        <display value="Within 7 days of HIV diagnosis"/>
      </concept>
      <concept>
        <code value="HIV.D.DE385"/>
        <display value="Within 30 days of HIV diagnosis"/>
      </concept>
      <concept>
        <code value="HIV.D.DE386"/>
        <display value="Within 90 days of HIV diagnosis"/>
      </concept>
    </include>
  </compose>
</ValueSet>