<?xml version="1.0" encoding="UTF-8"?>

<ValueSet xmlns="http://hl7.org/fhir">
  <id value="HIV.C.DE112"/>
  <meta>
    <profile value="http://hl7.org/fhir/uv/crmi/StructureDefinition/crmi-shareablevalueset"/>
    <profile value="http://hl7.org/fhir/uv/crmi/StructureDefinition/crmi-publishablevalueset"/>
    <profile value="http://hl7.org/fhir/uv/crmi/StructureDefinition/crmi-computablevalueset"/>
  </meta>
  <text>
    <status value="extensions"/><div xmlns="http://www.w3.org/1999/xhtml"><p class="res-header-id"><b>Generated Narrative: ValueSet HIV.C.DE112</b></p><a name="HIV.C.DE112"> </a><a name="hcHIV.C.DE112"> </a><a name="HIV.C.DE112-en-US"> </a><ul><li>Include these codes as defined in <a href="CodeSystem-HIVConcepts.html"><code>http://smart.who.int/hiv/CodeSystem/HIVConcepts</code></a><table class="none"><tr><td style="white-space:nowrap"><b>Code</b></td><td><b>Display</b></td><td><b>Definition</b></td></tr><tr><td><a href="CodeSystem-HIVConcepts.html#HIVConcepts-HIV.46C.46DE113">HIV.C.DE113</a></td><td>Tenofovir disoproxil fumarate (TDF) allergy or contraindication</td><td>Allergy to pre-exposure prophylaxis (PrEP) tenofovir disoproxil fumarate (TDF)</td></tr><tr><td><a href="CodeSystem-HIVConcepts.html#HIVConcepts-HIV.46C.46DE114">HIV.C.DE114</a></td><td>HIV-positive</td><td>Client is HIV-positive</td></tr><tr><td><a href="CodeSystem-HIVConcepts.html#HIVConcepts-HIV.46C.46DE115">HIV.C.DE115</a></td><td>Low estimated creatinine clearance</td><td>Estimated creatinine clearance of less than 60 ml/min (if known)</td></tr><tr><td><a href="CodeSystem-HIVConcepts.html#HIVConcepts-HIV.46C.46DE116">HIV.C.DE116</a></td><td>Acute HIV infection symptoms</td><td>Symptoms that could suggest an acute HIV infection</td></tr><tr><td><a href="CodeSystem-HIVConcepts.html#HIVConcepts-HIV.46C.46DE117">HIV.C.DE117</a></td><td>Probable recent exposure to HIV</td><td>When the client is reported to have had probable recent exposure to HIV</td></tr><tr><td><a href="CodeSystem-HIVConcepts.html#HIVConcepts-HIV.46C.46DE118">HIV.C.DE118</a></td><td>Other allergy or contraindication to a medicine in the PrEP regimen</td><td>Client has another allergy or contraindication to a medicine in the pre-exposure prophylaxis (PrEP) regimen</td></tr></table></li></ul></div>
  </text>
  <url value="http://smart.who.int/hiv/ValueSet/HIV.C.DE112"/>
  <version value="0.2.0"/>
  <name value="HIVCDE112"/>
  <title value="Contraindications to PrEP usage ValueSet"/>
  <status value="active"/>
  <experimental value="true"/>
  <date value="2024-08-14T10:49:52+00:00"/>
  <publisher value="WHO"/>
  <contact>
    <name value="WHO"/>
    <telecom>
      <system value="url"/>
      <value value="http://who.int"/>
    </telecom>
  </contact>
  <description value="Value set of listing of contraindications to pre-exposure prophylaxis (PrEP)"/>
  <compose>
    <include>
      <system value="http://smart.who.int/hiv/CodeSystem/HIVConcepts"/>
      <concept>
        <code value="HIV.C.DE113"/>
        <display value="Tenofovir disoproxil fumarate (TDF) allergy or contraindication"/>
      </concept>
      <concept>
        <code value="HIV.C.DE114"/>
        <display value="HIV-positive"/>
      </concept>
      <concept>
        <code value="HIV.C.DE115"/>
        <display value="Low estimated creatinine clearance"/>
      </concept>
      <concept>
        <code value="HIV.C.DE116"/>
        <display value="Acute HIV infection symptoms"/>
      </concept>
      <concept>
        <code value="HIV.C.DE117"/>
        <display value="Probable recent exposure to HIV"/>
      </concept>
      <concept>
        <code value="HIV.C.DE118"/>
        <display value="Other allergy or contraindication to a medicine in the PrEP regimen"/>
      </concept>
    </include>
  </compose>
</ValueSet>