<?xml version="1.0" encoding="UTF-8"?>

<ValueSet xmlns="http://hl7.org/fhir">
  <id value="HIV.D.DE152"/>
  <meta>
    <profile value="http://hl7.org/fhir/uv/crmi/StructureDefinition/crmi-shareablevalueset"/>
    <profile value="http://hl7.org/fhir/uv/crmi/StructureDefinition/crmi-publishablevalueset"/>
    <profile value="http://hl7.org/fhir/uv/crmi/StructureDefinition/crmi-computablevalueset"/>
  </meta>
  <text>
    <status value="extensions"/><div xmlns="http://www.w3.org/1999/xhtml"><p class="res-header-id"><b>Generated Narrative: ValueSet HIV.D.DE152</b></p><a name="HIV.D.DE152"> </a><a name="hcHIV.D.DE152"> </a><a name="HIV.D.DE152-en-US"> </a><ul><li>Include these codes as defined in <a href="CodeSystem-HIVConcepts.html"><code>http://smart.who.int/hiv/CodeSystem/HIVConcepts</code></a><table class="none"><tr><td style="white-space:nowrap"><b>Code</b></td><td><b>Display</b></td><td><b>Definition</b></td></tr><tr><td><a href="CodeSystem-HIVConcepts.html#HIVConcepts-HIV.46D.46DE153">HIV.D.DE153</a></td><td>Offer male and female condoms and condom-compatible lubricants</td><td>Offer male and female condoms and condom-compatible lubricants</td></tr><tr><td><a href="CodeSystem-HIVConcepts.html#HIVConcepts-HIV.46D.46DE154">HIV.D.DE154</a></td><td>Harm reduction for people who inject drugs</td><td>Offer or refer people who inject drugs to harm reduction services (needle and syringe programmes, opioid substitution therapy, other drug-dependence treatment and opioid overdose prevention and management)</td></tr><tr><td><a href="CodeSystem-HIVConcepts.html#HIVConcepts-HIV.46D.46DE155">HIV.D.DE155</a></td><td>Behavioural interventions to support risk reduction</td><td>Offer or refer to services for behavioural interventions to support risk reduction, particularly for people with HIV and members of key populations</td></tr></table></li></ul></div>
  </text>
  <url value="http://smart.who.int/hiv/ValueSet/HIV.D.DE152"/>
  <version value="0.2.0"/>
  <name value="HIVDDE152"/>
  <title value="Prevention services offered and referrals ValueSet"/>
  <status value="active"/>
  <experimental value="true"/>
  <date value="2024-07-22T01:55:08+00:00"/>
  <publisher value="WHO"/>
  <contact>
    <name value="WHO"/>
    <telecom>
      <system value="url"/>
      <value value="http://who.int"/>
    </telecom>
  </contact>
  <description value="Value set of offer or refer for prevention services"/>
  <compose>
    <include>
      <system value="http://smart.who.int/hiv/CodeSystem/HIVConcepts"/>
      <concept>
        <code value="HIV.D.DE153"/>
        <display value="Offer male and female condoms and condom-compatible lubricants"/>
      </concept>
      <concept>
        <code value="HIV.D.DE154"/>
        <display value="Harm reduction for people who inject drugs"/>
      </concept>
      <concept>
        <code value="HIV.D.DE155"/>
        <display value="Behavioural interventions to support risk reduction"/>
      </concept>
    </include>
  </compose>
</ValueSet>