<?xml version="1.0" encoding="UTF-8"?>

<ValueSet xmlns="http://hl7.org/fhir">
  <id value="hiv-b-de69"/>
  <text>
    <status value="extensions"/><div xmlns="http://www.w3.org/1999/xhtml"><ul><li>Include these codes as defined in <a href="CodeSystem-concept-codes.html"><code>http://fhir.org/guides/who/hiv-dak/CodeSystem/HIV-DAKConcepts</code></a><table class="none"><tr><td style="white-space:nowrap"><b>Code</b></td><td><b>Display</b></td><td><b>Definition</b></td></tr><tr><td><a href="CodeSystem-concept-codes.html#concept-codes-HIV.46B.46DE69">HIV.B.DE69</a></td><td>HIV-1</td><td>HIV serotype - HIV-1</td></tr><tr><td><a href="CodeSystem-concept-codes.html#concept-codes-HIV.46B.46DE70">HIV.B.DE70</a></td><td>HIV-2</td><td>HIV serotype - HIV-2</td></tr></table></li></ul></div>
  </text>
  <url value="http://fhir.org/guides/who/hiv-dak/ValueSet/hiv-b-de69"/>
  <version value="0.3.0"/>
  <name value="HIVserotypeCodes"/>
  <title value="HIV serotype Codes"/>
  <status value="draft"/>
  <experimental value="false"/>
  <date value="2024-05-31T12:29:43+00:00"/>
  <publisher value="World Health Organization (WHO) "/>
  <contact>
    <telecom>
      <system value="url"/>
      <value value="https://www.who.int"/>
    </telecom>
  </contact>
  <description value="Codes representing possible values for the HIV serotype element"/>
  <jurisdiction>
    <coding>
      <system value="http://unstats.un.org/unsd/methods/m49/m49.htm"/>
      <code value="001"/>
    </coding>
  </jurisdiction>
  <immutable value="true"/>
  <compose>
    <include>
      <system value="http://fhir.org/guides/who/hiv-dak/CodeSystem/HIV-DAKConcepts"/>
      <concept>
        <code value="HIV.B.DE69"/>
        <display value="HIV-1"/>
      </concept>
      <concept>
        <code value="HIV.B.DE70"/>
        <display value="HIV-2"/>
      </concept>
    </include>
  </compose>
</ValueSet>