<?xml version="1.0" encoding="UTF-8"?>

<ValueSet xmlns="http://hl7.org/fhir">
  <id value="HIV.B.DE136"/>
  <meta>
    <profile value="http://hl7.org/fhir/uv/crmi/StructureDefinition/crmi-shareablevalueset"/>
    <profile value="http://hl7.org/fhir/uv/crmi/StructureDefinition/crmi-publishablevalueset"/>
    <profile value="http://hl7.org/fhir/uv/crmi/StructureDefinition/crmi-computablevalueset"/>
  </meta>
  <text>
    <status value="extensions"/><div xmlns="http://www.w3.org/1999/xhtml"><p class="res-header-id"><b>Generated Narrative: ValueSet HIV.B.DE136</b></p><a name="HIV.B.DE136"> </a><a name="hcHIV.B.DE136"> </a><a name="HIV.B.DE136-en-US"> </a><ul><li>Include these codes as defined in <a href="CodeSystem-HIVConcepts.html"><code>http://smart.who.int/hiv/CodeSystem/HIVConcepts</code></a><table class="none"><tr><td style="white-space:nowrap"><b>Code</b></td><td><b>Display</b></td><td><b>Definition</b></td></tr><tr><td><a href="CodeSystem-HIVConcepts.html#HIVConcepts-HIV.46B.46DE137">HIV.B.DE137</a></td><td>HIV-positive</td><td>Client's partner is HIV-positive</td></tr><tr><td><a href="CodeSystem-HIVConcepts.html#HIVConcepts-HIV.46B.46DE138">HIV.B.DE138</a></td><td>HIV-negative</td><td>Client's partner is HIV-negative</td></tr><tr><td><a href="CodeSystem-HIVConcepts.html#HIVConcepts-HIV.46B.46DE139">HIV.B.DE139</a></td><td>Unknown</td><td>Client's partner HIV status is unknown</td></tr></table></li></ul></div>
  </text>
  <url value="http://smart.who.int/hiv/ValueSet/HIV.B.DE136"/>
  <version value="0.2.0"/>
  <name value="HIVBDE136"/>
  <title value="Partner HIV status (confirmed) ValueSet"/>
  <status value="active"/>
  <experimental value="true"/>
  <date value="2024-08-18T17:57:09+00:00"/>
  <publisher value="WHO"/>
  <contact>
    <name value="WHO"/>
    <telecom>
      <system value="url"/>
      <value value="http://who.int"/>
    </telecom>
  </contact>
  <description value="Value set of the HIV status of a sexual or drug-injecting partner of the client, based on a confirmed test result"/>
  <compose>
    <include>
      <system value="http://smart.who.int/hiv/CodeSystem/HIVConcepts"/>
      <concept>
        <code value="HIV.B.DE137"/>
        <display value="HIV-positive"/>
      </concept>
      <concept>
        <code value="HIV.B.DE138"/>
        <display value="HIV-negative"/>
      </concept>
      <concept>
        <code value="HIV.B.DE139"/>
        <display value="Unknown"/>
      </concept>
    </include>
  </compose>
</ValueSet>