<?xml version="1.0" encoding="UTF-8"?>

<ValueSet xmlns="http://hl7.org/fhir">
  <id value="HIV.B.DE120"/>
  <meta>
    <profile value="http://hl7.org/fhir/uv/crmi/StructureDefinition/crmi-shareablevalueset"/>
    <profile value="http://hl7.org/fhir/uv/crmi/StructureDefinition/crmi-publishablevalueset"/>
    <profile value="http://hl7.org/fhir/uv/crmi/StructureDefinition/crmi-computablevalueset"/>
  </meta>
  <text>
    <status value="generated"/><div xmlns="http://www.w3.org/1999/xhtml"><p class="res-header-id"><b>Generated Narrative: ValueSet HIV.B.DE120</b></p><a name="HIV.B.DE120"> </a><a name="hcHIV.B.DE120"> </a><a name="HIV.B.DE120-en-US"> </a><p>This value set includes codes based on the following rules:</p><ul/></div>
  </text>
  <url value="http://smart.who.int/hiv/ValueSet/HIV.B.DE120"/>
  <version value="0.2.0"/>
  <name value="HIVBDE120"/>
  <title value="Site where positive HIV test confirmed ValueSet"/>
  <status value="active"/>
  <experimental value="true"/>
  <date value="2024-07-24T22:47:13+00:00"/>
  <publisher value="WHO"/>
  <contact>
    <name value="WHO"/>
    <telecom>
      <system value="url"/>
      <value value="http://who.int"/>
    </telecom>
  </contact>
  <description value="Value set of name or identifier of health facility where HIV test was confirmed"/>
</ValueSet>