<?xml version="1.0" encoding="UTF-8"?>

<ValueSet xmlns="http://hl7.org/fhir">
  <id value="HIV.D.DE802"/>
  <meta>
    <profile value="http://hl7.org/fhir/uv/crmi/StructureDefinition/crmi-shareablevalueset"/>
    <profile value="http://hl7.org/fhir/uv/crmi/StructureDefinition/crmi-publishablevalueset"/>
    <profile value="http://hl7.org/fhir/uv/crmi/StructureDefinition/crmi-computablevalueset"/>
  </meta>
  <text>
    <status value="extensions"/><div xmlns="http://www.w3.org/1999/xhtml"><p class="res-header-id"><b>Generated Narrative: ValueSet HIV.D.DE802</b></p><a name="HIV.D.DE802"> </a><a name="hcHIV.D.DE802"> </a><a name="HIV.D.DE802-en-US"> </a><ul><li>Include these codes as defined in <a href="CodeSystem-HIVConcepts.html"><code>http://smart.who.int/hiv/CodeSystem/HIVConcepts</code></a><table class="none"><tr><td style="white-space:nowrap"><b>Code</b></td><td><b>Display</b></td><td><b>Definition</b></td></tr><tr><td><a href="CodeSystem-HIVConcepts.html#HIVConcepts-HIV.46D.46DE803">HIV.D.DE803</a></td><td>Positive</td><td>Test result is positive for syphilis</td></tr><tr><td><a href="CodeSystem-HIVConcepts.html#HIVConcepts-HIV.46D.46DE804">HIV.D.DE804</a></td><td>Negative</td><td>Test result is negative for syphilis</td></tr><tr><td><a href="CodeSystem-HIVConcepts.html#HIVConcepts-HIV.46D.46DE805">HIV.D.DE805</a></td><td>Inconclusive</td><td>Test result is inconclusive</td></tr></table></li></ul></div>
  </text>
  <url value="http://smart.who.int/hiv/ValueSet/HIV.D.DE802"/>
  <version value="0.3.0"/>
  <name value="HIVDDE802"/>
  <title value="Syphilis test result ValueSet"/>
  <status value="active"/>
  <experimental value="true"/>
  <date value="2024-10-30T19:04:31+00:00"/>
  <publisher value="WHO"/>
  <contact>
    <name value="WHO"/>
    <telecom>
      <system value="url"/>
      <value value="http://who.int"/>
    </telecom>
  </contact>
  <description value="Value set of result from syphilis test"/>
  <compose>
    <include>
      <system value="http://smart.who.int/hiv/CodeSystem/HIVConcepts"/>
      <concept>
        <code value="HIV.D.DE803"/>
        <display value="Positive"/>
      </concept>
      <concept>
        <code value="HIV.D.DE804"/>
        <display value="Negative"/>
      </concept>
      <concept>
        <code value="HIV.D.DE805"/>
        <display value="Inconclusive"/>
      </concept>
    </include>
  </compose>
</ValueSet>