<?xml version="1.0" encoding="UTF-8"?>

<ValueSet xmlns="http://hl7.org/fhir">
  <id value="HIV.A.DE30"/>
  <meta>
    <profile value="http://hl7.org/fhir/uv/crmi/StructureDefinition/crmi-shareablevalueset"/>
    <profile value="http://hl7.org/fhir/uv/crmi/StructureDefinition/crmi-publishablevalueset"/>
    <profile value="http://hl7.org/fhir/uv/crmi/StructureDefinition/crmi-computablevalueset"/>
  </meta>
  <text>
    <status value="extensions"/><div xmlns="http://www.w3.org/1999/xhtml"><p class="res-header-id"><b>Generated Narrative: ValueSet HIV.A.DE30</b></p><a name="HIV.A.DE30"> </a><a name="hcHIV.A.DE30"> </a><a name="hcHIV.A.DE30-en-US"> </a><ul><li>Include these codes as defined in <a href="CodeSystem-HIVConcepts.html"><code>http://smart.who.int/hiv/CodeSystem/HIVConcepts</code></a><table class="none"><tr><td style="white-space:nowrap"><b>Code</b></td><td><b>Display</b></td><td><b>Definition</b></td></tr><tr><td><a href="CodeSystem-HIVConcepts.html#HIVConcepts-HIV.46A.46DE31">HIV.A.DE31</a></td><td>Unmarried</td><td>Client does not have an active marriage contract</td></tr><tr><td><a href="CodeSystem-HIVConcepts.html#HIVConcepts-HIV.46A.46DE32">HIV.A.DE32</a></td><td>Never married</td><td>Client has never entered into a marriage contract</td></tr><tr><td><a href="CodeSystem-HIVConcepts.html#HIVConcepts-HIV.46A.46DE33">HIV.A.DE33</a></td><td>Married</td><td>A current marriage contract is active</td></tr><tr><td><a href="CodeSystem-HIVConcepts.html#HIVConcepts-HIV.46A.46DE34">HIV.A.DE34</a></td><td>Polygamous</td><td>Client is in a polygamous union</td></tr><tr><td><a href="CodeSystem-HIVConcepts.html#HIVConcepts-HIV.46A.46DE35">HIV.A.DE35</a></td><td>Divorced</td><td>Client is divorced, whereby marriage contract has been declared dissolved and inactive</td></tr><tr><td><a href="CodeSystem-HIVConcepts.html#HIVConcepts-HIV.46A.46DE36">HIV.A.DE36</a></td><td>Widowed</td><td>Client's spouse has died</td></tr><tr><td><a href="CodeSystem-HIVConcepts.html#HIVConcepts-HIV.46A.46DE37">HIV.A.DE37</a></td><td>Unknown</td><td>Client does not wish to disclose marital status</td></tr><tr><td><a href="CodeSystem-HIVConcepts.html#HIVConcepts-HIV.46A.46DE38">HIV.A.DE38</a></td><td>Domestic partner</td><td>Client reports that they are in a domestic partnership</td></tr><tr><td><a href="CodeSystem-HIVConcepts.html#HIVConcepts-HIV.46A.46DE39">HIV.A.DE39</a></td><td>Annulled</td><td>Client's marriage contract has been declared null and to have not existed</td></tr><tr><td><a href="CodeSystem-HIVConcepts.html#HIVConcepts-HIV.46A.46DE40">HIV.A.DE40</a></td><td>Legally separated</td><td>Client is legally separated from their spouse</td></tr><tr><td><a href="CodeSystem-HIVConcepts.html#HIVConcepts-HIV.46A.46DE41">HIV.A.DE41</a></td><td>Interlocutory</td><td>Client is subject to an interlocutory decree</td></tr></table></li></ul></div>
  </text>
  <url value="http://smart.who.int/hiv/ValueSet/HIV.A.DE30"/>
  <version value="0.1.0"/>
  <name value="HIVADE30"/>
  <title value="Marital Status ValueSet"/>
  <status value="active"/>
  <experimental value="true"/>
  <date value="2024-07-01T15:03:25+00:00"/>
  <publisher value="WHO"/>
  <contact>
    <name value="WHO"/>
    <telecom>
      <system value="url"/>
      <value value="http://who.int"/>
    </telecom>
  </contact>
  <description value="Value set of client's current marital status "/>
  <compose>
    <include>
      <system value="http://smart.who.int/hiv/CodeSystem/HIVConcepts"/>
      <concept>
        <code value="HIV.A.DE31"/>
        <display value="Unmarried"/>
      </concept>
      <concept>
        <code value="HIV.A.DE32"/>
        <display value="Never married"/>
      </concept>
      <concept>
        <code value="HIV.A.DE33"/>
        <display value="Married"/>
      </concept>
      <concept>
        <code value="HIV.A.DE34"/>
        <display value="Polygamous"/>
      </concept>
      <concept>
        <code value="HIV.A.DE35"/>
        <display value="Divorced"/>
      </concept>
      <concept>
        <code value="HIV.A.DE36"/>
        <display value="Widowed"/>
      </concept>
      <concept>
        <code value="HIV.A.DE37"/>
        <display value="Unknown"/>
      </concept>
      <concept>
        <code value="HIV.A.DE38"/>
        <display value="Domestic partner"/>
      </concept>
      <concept>
        <code value="HIV.A.DE39"/>
        <display value="Annulled"/>
      </concept>
      <concept>
        <code value="HIV.A.DE40"/>
        <display value="Legally separated"/>
      </concept>
      <concept>
        <code value="HIV.A.DE41"/>
        <display value="Interlocutory"/>
      </concept>
    </include>
  </compose>
</ValueSet>