<?xml version="1.0" encoding="UTF-8"?>

<ValueSet xmlns="http://hl7.org/fhir">
  <id value="HIV.E.DE67"/>
  <meta>
    <profile value="http://hl7.org/fhir/uv/crmi/StructureDefinition/crmi-shareablevalueset"/>
    <profile value="http://hl7.org/fhir/uv/crmi/StructureDefinition/crmi-publishablevalueset"/>
    <profile value="http://hl7.org/fhir/uv/crmi/StructureDefinition/crmi-computablevalueset"/>
  </meta>
  <text>
    <status value="extensions"/><div xmlns="http://www.w3.org/1999/xhtml"><p class="res-header-id"><b>Generated Narrative: ValueSet HIV.E.DE67</b></p><a name="HIV.E.DE67"> </a><a name="hcHIV.E.DE67"> </a><a name="hcHIV.E.DE67-en"> </a><ul><li>Include these codes as defined in <a href="CodeSystem-HIVConcepts.html"><code>http://smart.who.int/hiv/CodeSystem/HIVConcepts</code></a><table class="none"><tr><td style="white-space:nowrap"><b>Code</b></td><td><b>Display</b></td><td><b>Definition</b></td></tr><tr><td><a href="CodeSystem-HIVConcepts.html#HIVConcepts-HIV.46E.46DE68">HIV.E.DE68</a></td><td>Health facility</td><td>The woman delivered at a health facility</td></tr><tr><td><a href="CodeSystem-HIVConcepts.html#HIVConcepts-HIV.46E.46DE69">HIV.E.DE69</a></td><td>Home</td><td>The woman delivered at home</td></tr><tr><td><a href="CodeSystem-HIVConcepts.html#HIVConcepts-HIV.46E.46DE70">HIV.E.DE70</a></td><td>Other</td><td>The woman delivered at another location that is not at home or at a health facility</td></tr></table></li></ul></div>
  </text>
  <url value="http://smart.who.int/hiv/ValueSet/HIV.E.DE67"/>
  <version value="0.4.0"/>
  <name value="HIVEDE67"/>
  <title value="Place of delivery ValueSet"/>
  <status value="active"/>
  <experimental value="true"/>
  <date value="2024-06-28T16:52:59+00:00"/>
  <publisher value="World Health Organization"/>
  <contact>
    <telecom>
      <system value="url"/>
      <value value="https://www.who.int"/>
    </telecom>
  </contact>
  <description value="Value set of the type of place where the woman delivered"/>
  <jurisdiction>
    <coding>
      <system value="http://unstats.un.org/unsd/methods/m49/m49.htm"/>
      <code value="001"/>
    </coding>
  </jurisdiction>
  <compose>
    <include>
      <system value="http://smart.who.int/hiv/CodeSystem/HIVConcepts"/>
      <concept>
        <code value="HIV.E.DE68"/>
        <display value="Health facility"/>
      </concept>
      <concept>
        <code value="HIV.E.DE69"/>
        <display value="Home"/>
      </concept>
      <concept>
        <code value="HIV.E.DE70"/>
        <display value="Other"/>
      </concept>
    </include>
  </compose>
</ValueSet>