<?xml version="1.0" encoding="UTF-8"?>

<ValueSet xmlns="http://hl7.org/fhir">
  <id value="HIV.B.DE81"/>
  <meta>
    <profile value="http://hl7.org/fhir/uv/crmi/StructureDefinition/crmi-shareablevalueset"/>
    <profile value="http://hl7.org/fhir/uv/crmi/StructureDefinition/crmi-publishablevalueset"/>
    <profile value="http://hl7.org/fhir/uv/crmi/StructureDefinition/crmi-computablevalueset"/>
  </meta>
  <text>
    <status value="extensions"/><div xmlns="http://www.w3.org/1999/xhtml"><p class="res-header-id"><b>Generated Narrative: ValueSet HIV.B.DE81</b></p><a name="HIV.B.DE81"> </a><a name="hcHIV.B.DE81"> </a><a name="hcHIV.B.DE81-en-US"> </a><ul><li>Include these codes as defined in <a href="CodeSystem-HIVConcepts.html"><code>http://smart.who.int/hiv/CodeSystem/HIVConcepts</code></a><table class="none"><tr><td style="white-space:nowrap"><b>Code</b></td><td><b>Display</b></td><td><b>Definition</b></td></tr><tr><td><a href="CodeSystem-HIVConcepts.html#HIVConcepts-HIV.46B.46DE82">HIV.B.DE82</a></td><td>Rapid diagnostic test for HIV</td><td>Antibody test for HIV performed with a rapid diagnostic</td></tr><tr><td><a href="CodeSystem-HIVConcepts.html#HIVConcepts-HIV.46B.46DE83">HIV.B.DE83</a></td><td>Enzyme immunoassay for HIV</td><td>Antibody test for HIV performed with an enzyme immunoassay</td></tr><tr><td><a href="CodeSystem-HIVConcepts.html#HIVConcepts-HIV.46B.46DE84">HIV.B.DE84</a></td><td>Nucleic acid test for HIV</td><td>Virological test, which includes testing for early infant diagnosis</td></tr><tr><td><a href="CodeSystem-HIVConcepts.html#HIVConcepts-HIV.46B.46DE85">HIV.B.DE85</a></td><td>Dual HIV/syphilis rapid diagnostic test</td><td>Antibody test for HIV and syphilis performed with a rapid diagnostic</td></tr><tr><td><a href="CodeSystem-HIVConcepts.html#HIVConcepts-HIV.46B.46DE86">HIV.B.DE86</a></td><td>HIV self-test</td><td>Antibody test for HIV performed by self-tester using a rapid diagnostic</td></tr></table></li></ul></div>
  </text>
  <url value="http://smart.who.int/hiv/ValueSet/HIV.B.DE81"/>
  <version value="0.1.0"/>
  <name value="HIVBDE81"/>
  <title value="HIV test type ValueSet"/>
  <status value="active"/>
  <experimental value="true"/>
  <date value="2024-07-01T12:29:47+00:00"/>
  <publisher value="WHO"/>
  <contact>
    <name value="WHO"/>
    <telecom>
      <system value="url"/>
      <value value="http://who.int"/>
    </telecom>
  </contact>
  <description value="Value set of type of HIV test"/>
  <compose>
    <include>
      <system value="http://smart.who.int/hiv/CodeSystem/HIVConcepts"/>
      <concept>
        <code value="HIV.B.DE82"/>
        <display value="Rapid diagnostic test for HIV"/>
      </concept>
      <concept>
        <code value="HIV.B.DE83"/>
        <display value="Enzyme immunoassay for HIV"/>
      </concept>
      <concept>
        <code value="HIV.B.DE84"/>
        <display value="Nucleic acid test for HIV"/>
      </concept>
      <concept>
        <code value="HIV.B.DE85"/>
        <display value="Dual HIV/syphilis rapid diagnostic test"/>
      </concept>
      <concept>
        <code value="HIV.B.DE86"/>
        <display value="HIV self-test"/>
      </concept>
    </include>
  </compose>
</ValueSet>