<?xml version="1.0" encoding="UTF-8"?>

<ValueSet xmlns="http://hl7.org/fhir">
  <id value="HIV.D.DE939"/>
  <meta>
    <profile value="http://hl7.org/fhir/uv/crmi/StructureDefinition/crmi-shareablevalueset"/>
    <profile value="http://hl7.org/fhir/uv/crmi/StructureDefinition/crmi-publishablevalueset"/>
    <profile value="http://hl7.org/fhir/uv/crmi/StructureDefinition/crmi-computablevalueset"/>
  </meta>
  <text>
    <status value="extensions"/><div xmlns="http://www.w3.org/1999/xhtml"><p class="res-header-id"><b>Generated Narrative: ValueSet HIV.D.DE939</b></p><a name="HIV.D.DE939"> </a><a name="hcHIV.D.DE939"> </a><a name="HIV.D.DE939-en-US"> </a><ul><li>Include these codes as defined in <a href="CodeSystem-HIVConcepts.html"><code>http://smart.who.int/hiv/CodeSystem/HIVConcepts</code></a><table class="none"><tr><td style="white-space:nowrap"><b>Code</b></td><td><b>Display</b></td><td><b>Definition</b></td></tr><tr><td><a href="CodeSystem-HIVConcepts.html#HIVConcepts-HIV.46D.46DE940">HIV.D.DE940</a></td><td>Diagnosed TB</td><td>Client is diagnosed with TB disease</td></tr><tr><td><a href="CodeSystem-HIVConcepts.html#HIVConcepts-HIV.46D.46DE941">HIV.D.DE941</a></td><td>TB excluded</td><td>Client is not diagnosed with TB</td></tr></table></li></ul></div>
  </text>
  <url value="http://smart.who.int/hiv/ValueSet/HIV.D.DE939"/>
  <version value="0.2.0"/>
  <name value="HIVDDE939"/>
  <title value="TB diagnosis result ValueSet"/>
  <status value="active"/>
  <experimental value="true"/>
  <date value="2024-08-09T22:35:04+00:00"/>
  <publisher value="WHO"/>
  <contact>
    <name value="WHO"/>
    <telecom>
      <system value="url"/>
      <value value="http://who.int"/>
    </telecom>
  </contact>
  <description value="Value set of final result of the TB investigation (bacteriological and/or clinical)"/>
  <compose>
    <include>
      <system value="http://smart.who.int/hiv/CodeSystem/HIVConcepts"/>
      <concept>
        <code value="HIV.D.DE940"/>
        <display value="Diagnosed TB"/>
      </concept>
      <concept>
        <code value="HIV.D.DE941"/>
        <display value="TB excluded"/>
      </concept>
    </include>
  </compose>
</ValueSet>