<?xml version="1.0" encoding="UTF-8"?>

<ValueSet xmlns="http://hl7.org/fhir">
  <id value="HIV.D.DE1002"/>
  <meta>
    <profile value="http://hl7.org/fhir/uv/crmi/StructureDefinition/crmi-shareablevalueset"/>
    <profile value="http://hl7.org/fhir/uv/crmi/StructureDefinition/crmi-publishablevalueset"/>
    <profile value="http://hl7.org/fhir/uv/crmi/StructureDefinition/crmi-computablevalueset"/>
  </meta>
  <text>
    <status value="extensions"/><div xmlns="http://www.w3.org/1999/xhtml"><p class="res-header-id"><b>Generated Narrative: ValueSet HIV.D.DE1002</b></p><a name="HIV.D.DE1002"> </a><a name="hcHIV.D.DE1002"> </a><a name="HIV.D.DE1002-en-US"> </a><ul><li>Include these codes as defined in <a href="CodeSystem-HIVConcepts.html"><code>http://smart.who.int/hiv/CodeSystem/HIVConcepts</code></a><table class="none"><tr><td style="white-space:nowrap"><b>Code</b></td><td><b>Display</b></td><td><b>Definition</b></td></tr><tr><td><a href="CodeSystem-HIVConcepts.html#HIVConcepts-HIV.46D.46DE1003">HIV.D.DE1003</a></td><td>Treatment failed</td><td>The treatment regimen terminated or permanently changed to a new regimen or treatment strategy. Reasons for the change include:
- no clinical response or no bacteriological response, or both (see note;
- adverse drug reaction; or
- evidence of additional drug-resistance to medicines in the regimen.</td></tr><tr><td><a href="CodeSystem-HIVConcepts.html#HIVConcepts-HIV.46D.46DE1004">HIV.D.DE1004</a></td><td>Cured</td><td>Client with pulmonary TB with bacteriologically confirmed TB at the beginning of treatment who completed treatment as recommended by the national policy, with evidence of bacteriological response and no evidence of failure.</td></tr><tr><td><a href="CodeSystem-HIVConcepts.html#HIVConcepts-HIV.46D.46DE1005">HIV.D.DE1005</a></td><td>Treatment completed</td><td>Patient completed treatment as recommended by the national policy but the outcome does not meet the definition for cure or treatment failure</td></tr><tr><td><a href="CodeSystem-HIVConcepts.html#HIVConcepts-HIV.46D.46DE1006">HIV.D.DE1006</a></td><td>Died</td><td>Client died before starting treatment or during the course of treatment</td></tr><tr><td><a href="CodeSystem-HIVConcepts.html#HIVConcepts-HIV.46D.46DE1007">HIV.D.DE1007</a></td><td>Lost to follow-up</td><td>Client was lost to follow-up</td></tr><tr><td><a href="CodeSystem-HIVConcepts.html#HIVConcepts-HIV.46D.46DE1008">HIV.D.DE1008</a></td><td>Not evaluated</td><td>No treatment outcome was assigned. This includes cases 'transferred out' to another treatment unit and whose treatment outcome is unknown; however, it excludes those lost to follow-up.</td></tr></table></li></ul></div>
  </text>
  <url value="http://smart.who.int/hiv/ValueSet/HIV.D.DE1002"/>
  <version value="0.4.3"/>
  <name value="HIVDDE1002"/>
  <title value="TB treatment outcome ValueSet"/>
  <status value="active"/>
  <experimental value="true"/>
  <date value="2025-02-07T14:15:45+00:00"/>
  <publisher value="WHO"/>
  <contact>
    <name value="WHO"/>
    <telecom>
      <system value="url"/>
      <value value="http://who.int"/>
    </telecom>
  </contact>
  <description value="Value set of indicates patient's TB treatment outcome"/>
  <compose>
    <include>
      <system value="http://smart.who.int/hiv/CodeSystem/HIVConcepts"/>
      <concept>
        <code value="HIV.D.DE1003"/>
        <display value="Treatment failed"/>
      </concept>
      <concept>
        <code value="HIV.D.DE1004"/>
        <display value="Cured"/>
      </concept>
      <concept>
        <code value="HIV.D.DE1005"/>
        <display value="Treatment completed"/>
      </concept>
      <concept>
        <code value="HIV.D.DE1006"/>
        <display value="Died"/>
      </concept>
      <concept>
        <code value="HIV.D.DE1007"/>
        <display value="Lost to follow-up"/>
      </concept>
      <concept>
        <code value="HIV.D.DE1008"/>
        <display value="Not evaluated"/>
      </concept>
    </include>
  </compose>
</ValueSet>