<?xml version="1.0" encoding="UTF-8"?>

<ValueSet xmlns="http://hl7.org/fhir">
  <id value="HIV.D.DE934"/>
  <meta>
    <profile value="http://hl7.org/fhir/uv/crmi/StructureDefinition/crmi-shareablevalueset"/>
    <profile value="http://hl7.org/fhir/uv/crmi/StructureDefinition/crmi-publishablevalueset"/>
    <profile value="http://hl7.org/fhir/uv/crmi/StructureDefinition/crmi-computablevalueset"/>
  </meta>
  <text>
    <status value="extensions"/><div xmlns="http://www.w3.org/1999/xhtml"><p class="res-header-id"><b>Generated Narrative: ValueSet HIV.D.DE934</b></p><a name="HIV.D.DE934"> </a><a name="hcHIV.D.DE934"> </a><a name="HIV.D.DE934-en-US"> </a><ul><li>Include these codes as defined in <a href="CodeSystem-HIVConcepts.html"><code>http://smart.who.int/hiv/CodeSystem/HIVConcepts</code></a><table class="none"><tr><td style="white-space:nowrap"><b>Code</b></td><td><b>Display</b></td><td><b>Definition</b></td></tr><tr><td><a href="CodeSystem-HIVConcepts.html#HIVConcepts-HIV.46D.46DE935">HIV.D.DE935</a></td><td>Pulmonary TB</td><td>Client's symptoms include pulmonary TB</td></tr><tr><td><a href="CodeSystem-HIVConcepts.html#HIVConcepts-HIV.46D.46DE936">HIV.D.DE936</a></td><td>Lymph node TB</td><td>Client's symptoms include lymph node TB</td></tr><tr><td><a href="CodeSystem-HIVConcepts.html#HIVConcepts-HIV.46D.46DE937">HIV.D.DE937</a></td><td>Extrapulmonary TB</td><td>Client's symptoms include extrapulmonary tuberculosis (TB)</td></tr></table></li></ul></div>
  </text>
  <url value="http://smart.who.int/hiv/ValueSet/HIV.D.DE934"/>
  <version value="0.3.0"/>
  <name value="HIVDDE934"/>
  <title value="WHO HIV clinical stage condition or symptom ValueSet"/>
  <status value="active"/>
  <experimental value="true"/>
  <date value="2024-11-07T20:58:48+00:00"/>
  <publisher value="WHO"/>
  <contact>
    <name value="WHO"/>
    <telecom>
      <system value="url"/>
      <value value="http://who.int"/>
    </telecom>
  </contact>
  <description value="Value set of new or recurrent clinical events used to categorize HIV disease severity based at baseline and follow up"/>
  <compose>
    <include>
      <system value="http://smart.who.int/hiv/CodeSystem/HIVConcepts"/>
      <concept>
        <code value="HIV.D.DE935"/>
        <display value="Pulmonary TB"/>
      </concept>
      <concept>
        <code value="HIV.D.DE936"/>
        <display value="Lymph node TB"/>
      </concept>
      <concept>
        <code value="HIV.D.DE937"/>
        <display value="Extrapulmonary TB"/>
      </concept>
    </include>
  </compose>
</ValueSet>