<?xml version="1.0" encoding="UTF-8"?>

<ValueSet xmlns="http://hl7.org/fhir">
  <id value="HIV.B.DE15"/>
  <meta>
    <profile value="http://hl7.org/fhir/uv/crmi/StructureDefinition/crmi-shareablevalueset"/>
    <profile value="http://hl7.org/fhir/uv/crmi/StructureDefinition/crmi-publishablevalueset"/>
    <profile value="http://hl7.org/fhir/uv/crmi/StructureDefinition/crmi-computablevalueset"/>
  </meta>
  <text>
    <status value="extensions"/><div xmlns="http://www.w3.org/1999/xhtml"><p class="res-header-id"><b>Generated Narrative: ValueSet HIV.B.DE15</b></p><a name="HIV.B.DE15"> </a><a name="hcHIV.B.DE15"> </a><a name="HIV.B.DE15-en-US"> </a><ul><li>Include these codes as defined in <a href="CodeSystem-HIVConcepts.html"><code>http://smart.who.int/hiv/CodeSystem/HIVConcepts</code></a><table class="none"><tr><td style="white-space:nowrap"><b>Code</b></td><td><b>Display</b></td><td><b>Definition</b></td></tr><tr><td><a href="CodeSystem-HIVConcepts.html#HIVConcepts-HIV.46B.46DE16">HIV.B.DE16</a></td><td>Community-level testing</td><td>Testing is happening in the community, which includes mobile testing</td></tr><tr><td><a href="CodeSystem-HIVConcepts.html#HIVConcepts-HIV.46B.46DE17">HIV.B.DE17</a></td><td>Facility-level testing</td><td>Testing is happening at a facility</td></tr></table></li></ul></div>
  </text>
  <url value="http://smart.who.int/hiv/ValueSet/HIV.B.DE15"/>
  <version value="0.4.0"/>
  <name value="HIVBDE15"/>
  <title value="Testing entry point ValueSet"/>
  <status value="active"/>
  <experimental value="true"/>
  <date value="2025-01-30T04:52:13+00:00"/>
  <publisher value="WHO"/>
  <contact>
    <name value="WHO"/>
    <telecom>
      <system value="url"/>
      <value value="http://who.int"/>
    </telecom>
  </contact>
  <description value="Value set of whether testing is happening in the community or at a facility"/>
  <compose>
    <include>
      <system value="http://smart.who.int/hiv/CodeSystem/HIVConcepts"/>
      <concept>
        <code value="HIV.B.DE16"/>
        <display value="Community-level testing"/>
      </concept>
      <concept>
        <code value="HIV.B.DE17"/>
        <display value="Facility-level testing"/>
      </concept>
    </include>
  </compose>
</ValueSet>