<?xml version="1.0" encoding="UTF-8"?>

<ValueSet xmlns="http://hl7.org/fhir">
  <id value="HIV.D.DE668"/>
  <meta>
    <profile value="http://hl7.org/fhir/uv/crmi/StructureDefinition/crmi-shareablevalueset"/>
    <profile value="http://hl7.org/fhir/uv/crmi/StructureDefinition/crmi-publishablevalueset"/>
    <profile value="http://hl7.org/fhir/uv/crmi/StructureDefinition/crmi-computablevalueset"/>
  </meta>
  <text>
    <status value="extensions"/><div xmlns="http://www.w3.org/1999/xhtml"><p class="res-header-id"><b>Generated Narrative: ValueSet HIV.D.DE668</b></p><a name="HIV.D.DE668"> </a><a name="hcHIV.D.DE668"> </a><a name="HIV.D.DE668-en-US"> </a><ul><li>Include these codes as defined in <a href="CodeSystem-HIVConcepts.html"><code>http://smart.who.int/hiv/CodeSystem/HIVConcepts</code></a><table class="none"><tr><td style="white-space:nowrap"><b>Code</b></td><td><b>Display</b></td><td><b>Definition</b></td></tr><tr><td><a href="CodeSystem-HIVConcepts.html#HIVConcepts-HIV.46D.46DE669">HIV.D.DE669</a></td><td>Negative</td><td>Screening result is negative</td></tr><tr><td><a href="CodeSystem-HIVConcepts.html#HIVConcepts-HIV.46D.46DE670">HIV.D.DE670</a></td><td>Positive</td><td>Screening result is positive</td></tr><tr><td><a href="CodeSystem-HIVConcepts.html#HIVConcepts-HIV.46D.46DE671">HIV.D.DE671</a></td><td>Suspected cancer</td><td>Screening result is suspected cancer</td></tr><tr><td><a href="CodeSystem-HIVConcepts.html#HIVConcepts-HIV.46D.46DE672">HIV.D.DE672</a></td><td>Invalid</td><td>Screening result is invalid</td></tr></table></li></ul></div>
  </text>
  <url value="http://smart.who.int/hiv/ValueSet/HIV.D.DE668"/>
  <version value="0.2.0"/>
  <name value="HIVDDE668"/>
  <title value="VIA cervical cancer screening test result ValueSet"/>
  <status value="active"/>
  <experimental value="true"/>
  <date value="2024-07-22T01:56:54+00:00"/>
  <publisher value="WHO"/>
  <contact>
    <name value="WHO"/>
    <telecom>
      <system value="url"/>
      <value value="http://who.int"/>
    </telecom>
  </contact>
  <description value="Value set of screening test result for VIA"/>
  <compose>
    <include>
      <system value="http://smart.who.int/hiv/CodeSystem/HIVConcepts"/>
      <concept>
        <code value="HIV.D.DE669"/>
        <display value="Negative"/>
      </concept>
      <concept>
        <code value="HIV.D.DE670"/>
        <display value="Positive"/>
      </concept>
      <concept>
        <code value="HIV.D.DE671"/>
        <display value="Suspected cancer"/>
      </concept>
      <concept>
        <code value="HIV.D.DE672"/>
        <display value="Invalid"/>
      </concept>
    </include>
  </compose>
</ValueSet>