<?xml version="1.0" encoding="UTF-8"?>

<ValueSet xmlns="http://hl7.org/fhir">
  <id value="HIV.C.DE46"/>
  <meta>
    <profile value="http://hl7.org/fhir/uv/crmi/StructureDefinition/crmi-shareablevalueset"/>
    <profile value="http://hl7.org/fhir/uv/crmi/StructureDefinition/crmi-publishablevalueset"/>
    <profile value="http://hl7.org/fhir/uv/crmi/StructureDefinition/crmi-computablevalueset"/>
  </meta>
  <text>
    <status value="extensions"/><div xmlns="http://www.w3.org/1999/xhtml"><p class="res-header-id"><b>Generated Narrative: ValueSet HIV.C.DE46</b></p><a name="HIV.C.DE46"> </a><a name="hcHIV.C.DE46"> </a><a name="HIV.C.DE46-en-US"> </a><ul><li>Include these codes as defined in <a href="CodeSystem-HIVConcepts.html"><code>http://smart.who.int/hiv/CodeSystem/HIVConcepts</code></a><table class="none"><tr><td style="white-space:nowrap"><b>Code</b></td><td><b>Display</b></td><td><b>Definition</b></td></tr><tr><td><a href="CodeSystem-HIVConcepts.html#HIVConcepts-HIV.46C.46DE47">HIV.C.DE47</a></td><td>Fever</td><td>Client's symptoms include a fever</td></tr><tr><td><a href="CodeSystem-HIVConcepts.html#HIVConcepts-HIV.46C.46DE48">HIV.C.DE48</a></td><td>Sore throat</td><td>Client's symptoms include a sore throat</td></tr><tr><td><a href="CodeSystem-HIVConcepts.html#HIVConcepts-HIV.46C.46DE49">HIV.C.DE49</a></td><td>Aches</td><td>Client's symptoms include aches</td></tr><tr><td><a href="CodeSystem-HIVConcepts.html#HIVConcepts-HIV.46C.46DE50">HIV.C.DE50</a></td><td>Pains</td><td>Client's symptoms include pains</td></tr><tr><td><a href="CodeSystem-HIVConcepts.html#HIVConcepts-HIV.46C.46DE51">HIV.C.DE51</a></td><td>Swollen glands</td><td>Client's symptoms include swollen glands</td></tr><tr><td><a href="CodeSystem-HIVConcepts.html#HIVConcepts-HIV.46C.46DE52">HIV.C.DE52</a></td><td>Mouth sores</td><td>Client's symptoms include a mouth sores</td></tr><tr><td><a href="CodeSystem-HIVConcepts.html#HIVConcepts-HIV.46C.46DE53">HIV.C.DE53</a></td><td>Headaches</td><td>Client's symptoms include a headaches</td></tr><tr><td><a href="CodeSystem-HIVConcepts.html#HIVConcepts-HIV.46C.46DE54">HIV.C.DE54</a></td><td>Rash</td><td>Client's symptoms include a rash</td></tr></table></li></ul></div>
  </text>
  <url value="http://smart.who.int/hiv/ValueSet/HIV.C.DE46"/>
  <version value="0.3.0"/>
  <name value="HIVCDE46"/>
  <title value="Acute HIV infection symptoms ValueSet"/>
  <status value="active"/>
  <experimental value="true"/>
  <date value="2024-10-17T13:23:47+00:00"/>
  <publisher value="WHO"/>
  <contact>
    <name value="WHO"/>
    <telecom>
      <system value="url"/>
      <value value="http://who.int"/>
    </telecom>
  </contact>
  <description value="Value set of symptoms that could suggest an acute HIV infection"/>
  <compose>
    <include>
      <system value="http://smart.who.int/hiv/CodeSystem/HIVConcepts"/>
      <concept>
        <code value="HIV.C.DE47"/>
        <display value="Fever"/>
      </concept>
      <concept>
        <code value="HIV.C.DE48"/>
        <display value="Sore throat"/>
      </concept>
      <concept>
        <code value="HIV.C.DE49"/>
        <display value="Aches"/>
      </concept>
      <concept>
        <code value="HIV.C.DE50"/>
        <display value="Pains"/>
      </concept>
      <concept>
        <code value="HIV.C.DE51"/>
        <display value="Swollen glands"/>
      </concept>
      <concept>
        <code value="HIV.C.DE52"/>
        <display value="Mouth sores"/>
      </concept>
      <concept>
        <code value="HIV.C.DE53"/>
        <display value="Headaches"/>
      </concept>
      <concept>
        <code value="HIV.C.DE54"/>
        <display value="Rash"/>
      </concept>
    </include>
  </compose>
</ValueSet>