<?xml version="1.0" encoding="UTF-8"?>

<ValueSet xmlns="http://hl7.org/fhir">
  <id value="HIV.D.DE1019"/>
  <meta>
    <profile value="http://hl7.org/fhir/uv/crmi/StructureDefinition/crmi-shareablevalueset"/>
    <profile value="http://hl7.org/fhir/uv/crmi/StructureDefinition/crmi-publishablevalueset"/>
    <profile value="http://hl7.org/fhir/uv/crmi/StructureDefinition/crmi-computablevalueset"/>
  </meta>
  <text>
    <status value="extensions"/><div xmlns="http://www.w3.org/1999/xhtml"><p class="res-header-id"><b>Generated Narrative: ValueSet HIV.D.DE1019</b></p><a name="HIV.D.DE1019"> </a><a name="hcHIV.D.DE1019"> </a><a name="hcHIV.D.DE1019-en-US"> </a><ul><li>Include these codes as defined in <a href="CodeSystem-HIVConcepts.html"><code>http://smart.who.int/hiv/CodeSystem/HIVConcepts</code></a><table class="none"><tr><td style="white-space:nowrap"><b>Code</b></td><td><b>Display</b></td><td><b>Definition</b></td></tr><tr><td><a href="CodeSystem-HIVConcepts.html#HIVConcepts-HIV.46D.46DE1020">HIV.D.DE1020</a></td><td>Symptomatic for TB</td><td>Signs or symptoms of tuberculosis (TB) without laboratory confirmation</td></tr><tr><td><a href="CodeSystem-HIVConcepts.html#HIVConcepts-HIV.46D.46DE1021">HIV.D.DE1021</a></td><td>Diagnosed TB</td><td>Laboratory confirmed tuberculosis (TB) diagnosis</td></tr><tr><td><a href="CodeSystem-HIVConcepts.html#HIVConcepts-HIV.46D.46DE1022">HIV.D.DE1022</a></td><td/><td>Client has no signs or symptoms of tuberculosis (TB) and is not diagnosed with tuberculosis (TB)</td></tr></table></li></ul></div>
  </text>
  <url value="http://smart.who.int/hiv/ValueSet/HIV.D.DE1019"/>
  <version value="0.1.0"/>
  <name value="HIVDDE1019"/>
  <title value="TB status at ART start ValueSet"/>
  <status value="active"/>
  <experimental value="true"/>
  <date value="2024-07-01T14:15:20+00:00"/>
  <publisher value="WHO"/>
  <contact>
    <name value="WHO"/>
    <telecom>
      <system value="url"/>
      <value value="http://who.int"/>
    </telecom>
  </contact>
  <description value="Value set of client's tuberculosis (TB) status when antiretroviral therapy (ART) is started"/>
  <compose>
    <include>
      <system value="http://smart.who.int/hiv/CodeSystem/HIVConcepts"/>
      <concept>
        <code value="HIV.D.DE1020"/>
        <display value="Symptomatic for TB"/>
      </concept>
      <concept>
        <code value="HIV.D.DE1021"/>
        <display value="Diagnosed TB"/>
      </concept>
      <concept>
        <code value="HIV.D.DE1022"/>
      </concept>
    </include>
  </compose>
</ValueSet>