<?xml version="1.0" encoding="UTF-8"?>

<ValueSet xmlns="http://hl7.org/fhir">
  <id value="HIV.D.DE560"/>
  <meta>
    <profile value="http://hl7.org/fhir/uv/crmi/StructureDefinition/crmi-shareablevalueset"/>
    <profile value="http://hl7.org/fhir/uv/crmi/StructureDefinition/crmi-publishablevalueset"/>
    <profile value="http://hl7.org/fhir/uv/crmi/StructureDefinition/crmi-computablevalueset"/>
  </meta>
  <text>
    <status value="extensions"/><div xmlns="http://www.w3.org/1999/xhtml"><p class="res-header-id"><b>Generated Narrative: ValueSet HIV.D.DE560</b></p><a name="HIV.D.DE560"> </a><a name="hcHIV.D.DE560"> </a><a name="HIV.D.DE560-en-US"> </a><ul><li>Include these codes as defined in <a href="CodeSystem-HIVConcepts.html"><code>http://smart.who.int/hiv/CodeSystem/HIVConcepts</code></a><table class="none"><tr><td style="white-space:nowrap"><b>Code</b></td><td><b>Display</b></td><td><b>Definition</b></td></tr><tr><td><a href="CodeSystem-HIVConcepts.html#HIVConcepts-HIV.46D.46DE561">HIV.D.DE561</a></td><td>No known allergies</td><td>Client does not have any known allergies</td></tr><tr><td><a href="CodeSystem-HIVConcepts.html#HIVConcepts-HIV.46D.46DE562">HIV.D.DE562</a></td><td>Don't know of any allergies</td><td>Client does not know whether or not she has allergies</td></tr><tr><td><a href="CodeSystem-HIVConcepts.html#HIVConcepts-HIV.46D.46DE563">HIV.D.DE563</a></td><td>Albendazole</td><td>Allergy to albendazole</td></tr><tr><td><a href="CodeSystem-HIVConcepts.html#HIVConcepts-HIV.46D.46DE564">HIV.D.DE564</a></td><td>Malaria medication (sulfadoxine-pyrimethamine)</td><td>Allergy to malaria medication (sulfadoxine-pyrimethamine)</td></tr><tr><td><a href="CodeSystem-HIVConcepts.html#HIVConcepts-HIV.46D.46DE565">HIV.D.DE565</a></td><td>Penicillin</td><td>Allergy to penicillin</td></tr><tr><td><a href="CodeSystem-HIVConcepts.html#HIVConcepts-HIV.46D.46DE566">HIV.D.DE566</a></td><td>Tenofovir disoproxil fumarate (TDF)</td><td>Allergy to pre-exposure prophylaxis (PrEP) tenofovir disoproxil fumarate (TDF)</td></tr><tr><td><a href="CodeSystem-HIVConcepts.html#HIVConcepts-HIV.46D.46DE567">HIV.D.DE567</a></td><td>Other allergies</td><td>Client has other allergies not listed here</td></tr></table></li></ul></div>
  </text>
  <url value="http://smart.who.int/hiv/ValueSet/HIV.D.DE560"/>
  <version value="0.2.0"/>
  <name value="HIVDDE560"/>
  <title value="Allergies ValueSet"/>
  <status value="active"/>
  <experimental value="true"/>
  <date value="2024-08-02T14:11:44+00:00"/>
  <publisher value="WHO"/>
  <contact>
    <name value="WHO"/>
    <telecom>
      <system value="url"/>
      <value value="http://who.int"/>
    </telecom>
  </contact>
  <description value="Value set of does the client have any allergies?"/>
  <compose>
    <include>
      <system value="http://smart.who.int/hiv/CodeSystem/HIVConcepts"/>
      <concept>
        <code value="HIV.D.DE561"/>
        <display value="No known allergies"/>
      </concept>
      <concept>
        <code value="HIV.D.DE562"/>
        <display value="Don't know of any allergies"/>
      </concept>
      <concept>
        <code value="HIV.D.DE563"/>
        <display value="Albendazole"/>
      </concept>
      <concept>
        <code value="HIV.D.DE564"/>
        <display value="Malaria medication (sulfadoxine-pyrimethamine)"/>
      </concept>
      <concept>
        <code value="HIV.D.DE565"/>
        <display value="Penicillin"/>
      </concept>
      <concept>
        <code value="HIV.D.DE566"/>
        <display value="Tenofovir disoproxil fumarate (TDF)"/>
      </concept>
      <concept>
        <code value="HIV.D.DE567"/>
        <display value="Other allergies"/>
      </concept>
    </include>
  </compose>
</ValueSet>