<?xml version="1.0" encoding="UTF-8"?><ExampleScenario xmlns="http://hl7.org/fhir"><id value="HIV.A.REGISTRATION"/><url value="http://smart.who.int/hiv/ExampleScenario/HIV.A.REGISTRATION.SCENARIO"/><version value="0.3.0"/><name value="HIV.A.REGISTRATION SCENARIO"/><status value="active"/><date value="2024-12-06T22:10:30+00:00"/><publisher value="WHO"/><contact><name value="WHO"/><telecom><system value="url"/><value value="http://who.int"/></telecom></contact><actor><actorId value="patient"/><type value="person"/><name value="Patient"/></actor><actor><actorId value="healthcareprovider"/><type value="person"/><name value="Health Care Provider"/></actor><actor><actorId value="emr"/><type value="entity"/><name value="EMR"/></actor><instance><resourceId value="patientResource"/><resourceType value="Patient"/><name value="Patient Resource"/><description value="The Patient involved in the scenario."/></instance><instance><resourceId value="searchBundleResource"/><resourceType value="SearchParameter"/><name value="SearchParameter Bundle Resource"/><description value="List patient search bundle"/></instance><instance><resourceId value="encounterResource"/><resourceType value="Encounter"/><name value="Encounter Resource"/><description value="The Encounter where the patient meets with the health worker."/></instance><process><title value="HIV.A. Registration"/><description value="The patient visits the clinician for an initial consultation."/><step><process><title value="Visit Health facility"/><description value="Description of Step 1"/><step><operation><number value="1"/><type value="create"/><name value="Create an visit appointment"/><initiator value="healthcareprovider"/><receiver value="patient"/><request><resourceId value="encounterResource"/></request></operation></step><step><operation><number value="2"/><name value="Gather client details"/><initiator value="patient"/><receiver value="healthcareprovider"/><request><resourceId value="patientResource"/></request></operation></step></process></step><step><process><title value="Validate Client details"/><description value="Description of Step 2"/><step><operation><number value="3"/><type value="search"/><name value="Search for client record"/><initiator value="healthcareprovider"/><receiver value="emr"/><request><resourceId value="searchBundleResource"/></request></operation></step><step><operation><number value="4"/><name value="Create new client Record"/><initiator value="healthcareprovider"/><receiver value="emr"/><initiatorActive value="true"/></operation></step><step><operation><number value="5"/><name value="Review sociodemographic data with client"/><initiator value="healthcareprovider"/><receiver value="emr"/></operation></step><step><operation><number value="6"/><type value="update"/><name value="update Client details"/><initiator value="healthcareprovider"/><receiver value="emr"/></operation></step></process><alternative><title value="Alternative 1 for Step 1"/><description value="First alternative to Step 1"/></alternative></step><step><operation><number value="7"/><type value="create"/><name value="Check In Client"/><initiator value="emr"/><receiver value="patient"/><request><resourceId value="patientResource"/></request></operation></step></process></ExampleScenario>