<?xml version="1.0" encoding="UTF-8"?><Measure xmlns="http://hl7.org/fhir"><id value="HIVIND30"/><meta><profile value="http://hl7.org/fhir/us/cqfmeasures/StructureDefinition/cv-measure-cqfm"/><profile value="http://hl7.org/fhir/uv/crmi/StructureDefinition/crmi-shareablemeasure"/><profile value="http://hl7.org/fhir/uv/crmi/StructureDefinition/crmi-publishablemeasure"/></meta><extension url="http://hl7.org/fhir/us/cqfmeasures/StructureDefinition/cqfm-populationBasis"><valueCode value="boolean"/></extension><url value="http://smart.who.int/HIV/Measure/HIVIND30"/><version value="0.1.0"/><name value="HIVIND30"/><title value="HIV.IND.30 New ART patients"/><status value="draft"/><experimental value="true"/><date value="2024-07-01"/><publisher value="WHO"/><contact><name value="WHO"/><telecom><system value="url"/><value value="http://who.int"/></telecom></contact><description value="Number of people living with HIV who initiated ART"/><library value="http://smart.who.int/HIV/Library/HIVIND30Logic"/><scoring><coding><system value="http://terminology.hl7.org/CodeSystem/measure-scoring"/><code value="continuous-variable"/><display value="Continuous Variable"/></coding></scoring><group><population id="HIV.IND.30.IP"><code><coding><system value="http://terminology.hl7.org/CodeSystem/measure-population"/><code value="initial-population"/><display value="Initial Population"/></coding></code><description value="Initial Population"/><criteria><language value="text/cql-identifier"/><expression value="Initial Population"/></criteria></population><population id="HIV.IND.30.MP"><extension url="http://hl7.org/fhir/us/cqfmeasures/StructureDefinition/cqfm-populationBasis"><valueCode value="boolean"/></extension><code><coding><system value="http://terminology.hl7.org/CodeSystem/measure-population"/><code value="measure-population"/><display value="Measure Population"/></coding></code><description value="Measure Population"/><criteria><language value="text/cql-identifier"/><expression value="Measure Population"/></criteria></population><population id="HIV.IND.30.MO"><extension url="http://hl7.org/fhir/us/cqfmeasures/StructureDefinition/cqfm-criteriaReference"><valueString value="measure-population"/></extension><extension url="http://hl7.org/fhir/us/cqfmeasures/StructureDefinition/cqfm-aggregateMethod"><valueCode value="count"/></extension><code><coding><system value="http://terminology.hl7.org/CodeSystem/measure-population"/><code value="measure-observation"/><display value="Measure Observation"/></coding></code><description value="Measure Observation"/><criteria><language value="text/cql-identifier"/><expression value="Measure Observation"/></criteria></population><stratifier id="HIV.IND.30.S.AG"><criteria><language value="text/cql-identifier"/><expression value="Administrative Gender Stratifier"/></criteria></stratifier><stratifier id="HIV.IND.30.S.A"><criteria><language value="text/cql-identifier"/><expression value="Age Stratifier"/></criteria></stratifier><stratifier id="HIV.IND.30.S.GR"><criteria><language value="text/cql-identifier"/><expression value="Geographic Region Stratifier"/></criteria></stratifier><stratifier id="HIV.IND.30.S.P"><criteria><language value="text/cql-identifier"/><expression value="patientGroups Stratifier"/></criteria></stratifier></group></Measure>