<?xml version="1.0" encoding="UTF-8"?><PlanDefinition xmlns="http://hl7.org/fhir"><id value="HIVC7DT"/><meta><profile value="http://hl7.org/fhir/uv/cpg/StructureDefinition/cpg-recommendationdefinition"/><profile value="http://hl7.org/fhir/uv/crmi/StructureDefinition/crmi-shareableplandefinition"/><profile value="http://hl7.org/fhir/uv/crmi/StructureDefinition/crmi-publishableplandefinition"/></meta><extension url="http://hl7.org/fhir/StructureDefinition/cqf-knowledgeCapability"><valueCode value="computable"/></extension><url value="http://smart.who.int/hiv/PlanDefinition/HIVC7DT"/><version value="0.3.0"/><name value="HIVC7DT"/><title value="HIV.C7.DT Check for signs of serious illness"/><type><coding><system value="http://terminology.hl7.org/CodeSystem/plan-definition-type"/><code value="eca-rule"/></coding></type><status value="draft"/><experimental value="true"/><date value="2024-12-19T17:58:53+00:00"/><publisher value="WHO"/><contact><name value="WHO"/><telecom><system value="url"/><value value="http://who.int"/></telecom></contact><description value="Check for signs of serious illness"/><relatedArtifact><type value="citation"/><citation value="Consolidated Guidelines on HIV Testing Services (2019)"/></relatedArtifact><library value="http://smart.who.int/hiv/Library/HIVC7DTLogic"/><action><textEquivalent value="Check suitability for PrEP or PEP"/><action><textEquivalent value="Counsel client on PrEP. Based on answers given, client is suitable for PrEP."/><condition><kind value="applicability"/><expression><language value="text/cql-identifier"/><expression value="Suitable for PrEP"/></expression></condition><definitionCanonical value="http://smart.who.int/hiv/ActivityDefinition/HIVGuidanceCommunicationRequestActivity"/><dynamicValue><path value="payload[+].contentString"/><expression><language value="text/cql-identifier"/><expression value="Guidance"/></expression></dynamicValue></action><action><textEquivalent value="Client is ineligible for PrEP based on answers given."/><condition><kind value="applicability"/><expression><language value="text/cql-identifier"/><expression value="Not suitable for PrEP"/></expression></condition><definitionCanonical value="http://smart.who.int/hiv/ActivityDefinition/HIVGuidanceCommunicationRequestActivity"/><dynamicValue><path value="payload[+].contentString"/><expression><language value="text/cql-identifier"/><expression value="Guidance"/></expression></dynamicValue></action></action></PlanDefinition>