<?xml version="1.0" encoding="UTF-8"?><ValueSet xmlns="http://hl7.org/fhir"><id value="HIV.G.DE43"/><meta><profile value="http://hl7.org/fhir/uv/crmi/StructureDefinition/crmi-shareablevalueset"/><profile value="http://hl7.org/fhir/uv/crmi/StructureDefinition/crmi-publishablevalueset"/><profile value="http://hl7.org/fhir/uv/crmi/StructureDefinition/crmi-computablevalueset"/></meta><text><status value="extensions"/><div xmlns="http://www.w3.org/1999/xhtml"><p class="res-header-id"><b>Generated Narrative: ValueSet HIV.G.DE43</b></p><a name="HIV.G.DE43"> </a><a name="hcHIV.G.DE43"> </a><a name="HIV.G.DE43-en-US"> </a><ul><li>Include these codes as defined in <a href="CodeSystem-HIVConcepts.html"><code>http://smart.who.int/hiv/CodeSystem/HIVConcepts</code></a><table class="none"><tr><td style="white-space:nowrap"><b>Code</b></td><td><b>Display</b></td><td><b>Definition</b></td></tr><tr><td><a href="CodeSystem-HIVConcepts.html#HIVConcepts-HIV.46G.46DE44">HIV.G.DE44</a></td><td>Positive</td><td>HCV test result was positive</td></tr><tr><td><a href="CodeSystem-HIVConcepts.html#HIVConcepts-HIV.46G.46DE45">HIV.G.DE45</a></td><td>Negative</td><td>HCV test result was negative</td></tr><tr><td><a href="CodeSystem-HIVConcepts.html#HIVConcepts-HIV.46G.46DE46">HIV.G.DE46</a></td><td>Indeterminate</td><td>HCV test result was indeterminate</td></tr></table></li></ul></div></text><url value="http://smart.who.int/hiv/ValueSet/HIV.G.DE43"/><version value="0.2.0"/><name value="HIVGDE43"/><title value="HCV test result ValueSet"/><status value="active"/><experimental value="true"/><date value="2024-08-14T10:49:52+00:00"/><publisher value="WHO"/><contact><name value="WHO"/><telecom><system value="url"/><value value="http://who.int"/></telecom></contact><description value="Value set of hepatitis C virus test result (HCV antibody, HCV RNA or HCV core antigen)"/><compose><include><system value="http://smart.who.int/hiv/CodeSystem/HIVConcepts"/><concept><code value="HIV.G.DE44"/><display value="Positive"/></concept><concept><code value="HIV.G.DE45"/><display value="Negative"/></concept><concept><code value="HIV.G.DE46"/><display value="Indeterminate"/></concept></include></compose></ValueSet>