<?xml version="1.0" encoding="UTF-8"?><ValueSet xmlns="http://hl7.org/fhir"><id value="HIV.D.DE64"/><meta><profile value="http://hl7.org/fhir/uv/crmi/StructureDefinition/crmi-shareablevalueset"/><profile value="http://hl7.org/fhir/uv/crmi/StructureDefinition/crmi-publishablevalueset"/><profile value="http://hl7.org/fhir/uv/crmi/StructureDefinition/crmi-computablevalueset"/></meta><text><status value="generated"/><div xmlns="http://www.w3.org/1999/xhtml"><p class="res-header-id"><b>Generated Narrative: ValueSet HIV.D.DE64</b></p><a name="HIV.D.DE64"> </a><a name="hcHIV.D.DE64"> </a><a name="hcHIV.D.DE64-en-US"> </a><p>This value set includes codes based on the following rules:</p><ul/></div></text><url value="http://smart.who.int/hiv/ValueSet/HIV.D.DE64"/><version value="0.1.0"/><name value="HIVDDE64"/><title value="ARV drug regimen received prior to enrolment ValueSet"/><status value="active"/><experimental value="true"/><date value="2024-07-01T19:16:13+00:00"/><publisher value="WHO"/><contact><name value="WHO"/><telecom><system value="url"/><value value="http://who.int"/></telecom></contact><description value="Value set of aRV drug regimen received prior to enrolment into HIV care/ART"/></ValueSet>