<?xml version="1.0" encoding="UTF-8"?><ValueSet xmlns="http://hl7.org/fhir"><id value="HIV.D.DE956"/><meta><profile value="http://hl7.org/fhir/uv/crmi/StructureDefinition/crmi-shareablevalueset"/><profile value="http://hl7.org/fhir/uv/crmi/StructureDefinition/crmi-publishablevalueset"/><profile value="http://hl7.org/fhir/uv/crmi/StructureDefinition/crmi-computablevalueset"/></meta><text><status value="extensions"/><div xmlns="http://www.w3.org/1999/xhtml"><p class="res-header-id"><b>Generated Narrative: ValueSet HIV.D.DE956</b></p><a name="HIV.D.DE956"> </a><a name="hcHIV.D.DE956"> </a><a name="hcHIV.D.DE956-en"> </a><ul><li>Include these codes as defined in <a href="CodeSystem-HIVConcepts.html"><code>http://smart.who.int/hiv/CodeSystem/HIVConcepts</code></a><table class="none"><tr><td style="white-space:nowrap"><b>Code</b></td><td><b>Display</b></td><td><b>Definition</b></td></tr><tr><td><a href="CodeSystem-HIVConcepts.html#HIVConcepts-HIV.46D.46DE957">HIV.D.DE957</a></td><td>Screening with cough</td><td>Client screened for TB based on cough symptom</td></tr><tr><td><a href="CodeSystem-HIVConcepts.html#HIVConcepts-HIV.46D.46DE958">HIV.D.DE958</a></td><td>Screening with any TB symptom</td><td>Client screened for TB based on any TB symptom</td></tr><tr><td><a href="CodeSystem-HIVConcepts.html#HIVConcepts-HIV.46D.46DE959">HIV.D.DE959</a></td><td>W4SS single screening algorithm</td><td>Client screened for TB based on the WHO-recommended four-symptom screen</td></tr><tr><td><a href="CodeSystem-HIVConcepts.html#HIVConcepts-HIV.46D.46DE960">HIV.D.DE960</a></td><td>CRP single screening algorithm</td><td>Client screened for TB based on C-reactive protein (CRP) testing</td></tr><tr><td><a href="CodeSystem-HIVConcepts.html#HIVConcepts-HIV.46D.46DE961">HIV.D.DE961</a></td><td>CXR single screening algorithm</td><td>Client screened for TB with a chest radiography (CXR)</td></tr><tr><td><a href="CodeSystem-HIVConcepts.html#HIVConcepts-HIV.46D.46DE962">HIV.D.DE962</a></td><td>Parallel screening algorithm with W4SS and CRP</td><td>Client screened for TB using parallel screening with WHO-recommended four-symptom screen and C-reactive protein (CRP) testing</td></tr><tr><td><a href="CodeSystem-HIVConcepts.html#HIVConcepts-HIV.46D.46DE963">HIV.D.DE963</a></td><td>Sequential positive screening algorithm with W4SS and CRP</td><td>Client screened for TB using sequential positive screening with WHO-recommended four-symptom screen and C-reactive protein (CRP) testing.</td></tr><tr><td><a href="CodeSystem-HIVConcepts.html#HIVConcepts-HIV.46D.46DE964">HIV.D.DE964</a></td><td>Sequential negative screening algorithm with W4SS and CRP</td><td>Client screened for TB using sequential negative screening with WHO-recommended four-symptom screen and C-reactive protein (CRP) testing</td></tr><tr><td><a href="CodeSystem-HIVConcepts.html#HIVConcepts-HIV.46D.46DE965">HIV.D.DE965</a></td><td>Parallel screening algorithm with W4SS and CXR</td><td>Client screened for TB using the parallel screening algorithm with W4SS and CXR</td></tr><tr><td><a href="CodeSystem-HIVConcepts.html#HIVConcepts-HIV.46D.46DE966">HIV.D.DE966</a></td><td>Sequential positive screening algorithm with W4SS and CXR</td><td>Client screened for TB using sequential positive screening with WHO-recommended four-symptom screen and chest radiography</td></tr><tr><td><a href="CodeSystem-HIVConcepts.html#HIVConcepts-HIV.46D.46DE967">HIV.D.DE967</a></td><td>Sequential negative screening algorithm with W4SS and CXR</td><td>Client screened for TB using sequential negative screening with WHO-recommended four-symptom screen and chest radiography</td></tr><tr><td><a href="CodeSystem-HIVConcepts.html#HIVConcepts-HIV.46D.46DE968">HIV.D.DE968</a></td><td>Screening with mWRD</td><td>Client screened for TB with a molecular WHO-recommended rapid diagnostic test (mWRD), such as an Xpert MTB/RIF test to detect Mycobacterium tuberculosis (MTB)</td></tr><tr><td><a href="CodeSystem-HIVConcepts.html#HIVConcepts-HIV.46D.46DE969">HIV.D.DE969</a></td><td>Clinical assessment</td><td>Client screened for with a clinical evaluation for tuberculosis (TB) based on national guidelines. Clinical assessment may be used as an eligibility evaluation for testing with LF-LAM or for empiric TB treatment.</td></tr><tr><td><a href="CodeSystem-HIVConcepts.html#HIVConcepts-HIV.46D.46DE970">HIV.D.DE970</a></td><td>Other TB screening algorithm</td><td>Client screened for tuberculosis (TB) with a different screening method not listed</td></tr></table></li></ul></div></text><url value="http://smart.who.int/hiv/ValueSet/HIV.D.DE956"/><version value="0.4.0"/><name value="HIVDDE956"/><title value="TB screening algorithm ValueSet"/><status value="active"/><experimental value="true"/><date value="2024-06-28T16:52:59+00:00"/><publisher value="World Health Organization"/><contact><telecom><system value="url"/><value value="https://www.who.int"/></telecom></contact><description value="Value set of screening algorithm selected for screening activities"/><jurisdiction><coding><system value="http://unstats.un.org/unsd/methods/m49/m49.htm"/><code value="001"/></coding></jurisdiction><compose><include><system value="http://smart.who.int/hiv/CodeSystem/HIVConcepts"/><concept><code value="HIV.D.DE957"/><display value="Screening with cough"/></concept><concept><code value="HIV.D.DE958"/><display value="Screening with any TB symptom"/></concept><concept><code value="HIV.D.DE959"/><display value="W4SS single screening algorithm"/></concept><concept><code value="HIV.D.DE960"/><display value="CRP single screening algorithm"/></concept><concept><code value="HIV.D.DE961"/><display value="CXR single screening algorithm"/></concept><concept><code value="HIV.D.DE962"/><display value="Parallel screening algorithm with W4SS and CRP"/></concept><concept><code value="HIV.D.DE963"/><display value="Sequential positive screening algorithm with W4SS and CRP"/></concept><concept><code value="HIV.D.DE964"/><display value="Sequential negative screening algorithm with W4SS and CRP"/></concept><concept><code value="HIV.D.DE965"/><display value="Parallel screening algorithm with W4SS and CXR"/></concept><concept><code value="HIV.D.DE966"/><display value="Sequential positive screening algorithm with W4SS and CXR"/></concept><concept><code value="HIV.D.DE967"/><display value="Sequential negative screening algorithm with W4SS and CXR"/></concept><concept><code value="HIV.D.DE968"/><display value="Screening with mWRD"/></concept><concept><code value="HIV.D.DE969"/><display value="Clinical assessment"/></concept><concept><code value="HIV.D.DE970"/><display value="Other TB screening algorithm"/></concept></include></compose></ValueSet>