<?xml version="1.0" encoding="UTF-8"?><ValueSet xmlns="http://hl7.org/fhir"><id value="HIV.B.DE33"/><meta><profile value="http://hl7.org/fhir/uv/crmi/StructureDefinition/crmi-shareablevalueset"/><profile value="http://hl7.org/fhir/uv/crmi/StructureDefinition/crmi-publishablevalueset"/><profile value="http://hl7.org/fhir/uv/crmi/StructureDefinition/crmi-computablevalueset"/></meta><text><status value="extensions"/><div xmlns="http://www.w3.org/1999/xhtml"><p class="res-header-id"><b>Generated Narrative: ValueSet HIV.B.DE33</b></p><a name="HIV.B.DE33"> </a><a name="hcHIV.B.DE33"> </a><a name="hcHIV.B.DE33-en-US"> </a><ul><li>Include these codes as defined in <a href="CodeSystem-HIVConcepts.html"><code>http://smart.who.int/hiv/CodeSystem/HIVConcepts</code></a><table class="none"><tr><td style="white-space:nowrap"><b>Code</b></td><td><b>Display</b></td><td><b>Definition</b></td></tr><tr><td><a href="CodeSystem-HIVConcepts.html#HIVConcepts-HIV.46B.46DE34">HIV.B.DE34</a></td><td>HIV-positive</td><td>Client's partner is HIV-positive</td></tr><tr><td><a href="CodeSystem-HIVConcepts.html#HIVConcepts-HIV.46B.46DE35">HIV.B.DE35</a></td><td>HIV-negative</td><td>Client's partner is HIV-negative</td></tr><tr><td><a href="CodeSystem-HIVConcepts.html#HIVConcepts-HIV.46B.46DE36">HIV.B.DE36</a></td><td>Unknown</td><td>Don't know HIV status - client does not know partner's HIV status</td></tr></table></li></ul></div></text><url value="http://smart.who.int/hiv/ValueSet/HIV.B.DE33"/><version value="0.1.0"/><name value="HIVBDE33"/><title value="Partner HIV status (reported) ValueSet"/><status value="active"/><experimental value="true"/><date value="2024-06-29T07:09:27+00:00"/><publisher value="WHO"/><contact><name value="WHO"/><telecom><system value="url"/><value value="http://who.int"/></telecom></contact><description value="Value set of the HIV status of the client's partner."/><compose><include><system value="http://smart.who.int/hiv/CodeSystem/HIVConcepts"/><concept><code value="HIV.B.DE34"/><display value="HIV-positive"/></concept><concept><code value="HIV.B.DE35"/><display value="HIV-negative"/></concept><concept><code value="HIV.B.DE36"/><display value="Unknown"/></concept></include></compose></ValueSet>