<?xml version="1.0" encoding="UTF-8"?><ValueSet xmlns="http://hl7.org/fhir"><id value="HIV.C.DE1"/><meta><profile value="http://hl7.org/fhir/uv/crmi/StructureDefinition/crmi-shareablevalueset"/><profile value="http://hl7.org/fhir/uv/crmi/StructureDefinition/crmi-publishablevalueset"/><profile value="http://hl7.org/fhir/uv/crmi/StructureDefinition/crmi-computablevalueset"/></meta><text><status value="extensions"/><div xmlns="http://www.w3.org/1999/xhtml"><p class="res-header-id"><b>Generated Narrative: ValueSet HIV.C.DE1</b></p><a name="HIV.C.DE1"> </a><a name="hcHIV.C.DE1"> </a><a name="HIV.C.DE1-en-US"> </a><ul><li>Include these codes as defined in <a href="CodeSystem-HIVConcepts.html"><code>http://smart.who.int/hiv/CodeSystem/HIVConcepts</code></a><table class="none"><tr><td style="white-space:nowrap"><b>Code</b></td><td><b>Display</b></td><td><b>Definition</b></td></tr><tr><td><a href="CodeSystem-HIVConcepts.html#HIVConcepts-HIV.46C.46DE2">HIV.C.DE2</a></td><td>First time counselling on PrEP</td><td>The client is interested in discussing pre-exposure prophylaxis (PrEP) for the first time</td></tr><tr><td><a href="CodeSystem-HIVConcepts.html#HIVConcepts-HIV.46C.46DE3">HIV.C.DE3</a></td><td>Follow-up appointment for PrEP or PEP</td><td>Client is at a follow-up or refill pre-exposure prophylaxis (PrEP) appointment</td></tr><tr><td><a href="CodeSystem-HIVConcepts.html#HIVConcepts-HIV.46C.46DE4">HIV.C.DE4</a></td><td>Restarting PrEP</td><td>Client has previously taken pre-exposure prophylaxis (PrEP) and may like to restart taking it</td></tr><tr><td><a href="CodeSystem-HIVConcepts.html#HIVConcepts-HIV.46C.46DE5">HIV.C.DE5</a></td><td>Counselling on PEP</td><td>Counselling on post-exposure prophylaxis (PEP)</td></tr><tr><td><a href="CodeSystem-HIVConcepts.html#HIVConcepts-HIV.46C.46DE6">HIV.C.DE6</a></td><td>Unscheduled visit for side effects</td><td>Patient visit for management of side effects related to PrEP</td></tr></table></li></ul></div></text><url value="http://smart.who.int/hiv/ValueSet/HIV.C.DE1"/><version value="0.3.0"/><name value="HIVCDE1"/><title value="Reason for PrEP visit ValueSet"/><status value="active"/><experimental value="true"/><date value="2024-08-18T19:09:24+00:00"/><publisher value="WHO"/><contact><name value="WHO"/><telecom><system value="url"/><value value="http://who.int"/></telecom></contact><description value="Value set of client's reason for the prevention visit"/><compose><include><system value="http://smart.who.int/hiv/CodeSystem/HIVConcepts"/><concept><code value="HIV.C.DE2"/><display value="First time counselling on PrEP"/></concept><concept><code value="HIV.C.DE3"/><display value="Follow-up appointment for PrEP or PEP"/></concept><concept><code value="HIV.C.DE4"/><display value="Restarting PrEP"/></concept><concept><code value="HIV.C.DE5"/><display value="Counselling on PEP"/></concept><concept><code value="HIV.C.DE6"/><display value="Unscheduled visit for side effects"/></concept></include></compose></ValueSet>