<?xml version="1.0" encoding="UTF-8"?><ValueSet xmlns="http://hl7.org/fhir"><id value="hiv-e-de105"/><text><status value="extensions"/><div xmlns="http://www.w3.org/1999/xhtml"><ul><li>Include these codes as defined in <a href="CodeSystem-concept-codes.html"><code>http://fhir.org/guides/who/hiv-dak/CodeSystem/HIV-DAKConcepts</code></a><table class="none"><tr><td style="white-space:nowrap"><b>Code</b></td><td><b>Display</b></td><td><b>Definition</b></td></tr><tr><td><a href="CodeSystem-concept-codes.html#concept-codes-HIV.46E.46DE105">HIV.E.DE105</a></td><td>HIV-positive</td><td>Maternal HIV test result - HIV-positive</td></tr><tr><td><a href="CodeSystem-concept-codes.html#concept-codes-HIV.46E.46DE106">HIV.E.DE106</a></td><td>HIV-negative</td><td>Maternal HIV test result - HIV-negative</td></tr><tr><td><a href="CodeSystem-concept-codes.html#concept-codes-HIV.46E.46DE107">HIV.E.DE107</a></td><td>HIV-inconclusive</td><td>Maternal HIV test result - HIV-inconclusive</td></tr></table></li></ul></div></text><url value="http://fhir.org/guides/who/hiv-dak/ValueSet/hiv-e-de105"/><version value="0.3.0"/><name value="MaternalHIVtestresultCodes"/><title value="Maternal HIV test result Codes"/><status value="draft"/><experimental value="false"/><date value="2024-06-25T02:35:18+00:00"/><publisher value="World Health Organization (WHO) "/><contact><telecom><system value="url"/><value value="https://www.who.int"/></telecom></contact><description value="Codes representing possible values for the Maternal HIV test result element"/><jurisdiction><coding><system value="http://unstats.un.org/unsd/methods/m49/m49.htm"/><code value="001"/></coding></jurisdiction><immutable value="true"/><compose><include><system value="http://fhir.org/guides/who/hiv-dak/CodeSystem/HIV-DAKConcepts"/><concept><code value="HIV.E.DE105"/><display value="HIV-positive"/></concept><concept><code value="HIV.E.DE106"/><display value="HIV-negative"/></concept><concept><code value="HIV.E.DE107"/><display value="HIV-inconclusive"/></concept></include></compose></ValueSet>