<?xml version="1.0" encoding="UTF-8"?><ValueSet xmlns="http://hl7.org/fhir"><id value="HIV.D.DE877"/><meta><profile value="http://hl7.org/fhir/uv/crmi/StructureDefinition/crmi-shareablevalueset"/><profile value="http://hl7.org/fhir/uv/crmi/StructureDefinition/crmi-publishablevalueset"/><profile value="http://hl7.org/fhir/uv/crmi/StructureDefinition/crmi-computablevalueset"/></meta><text><status value="extensions"/><div xmlns="http://www.w3.org/1999/xhtml"><p class="res-header-id"><b>Generated Narrative: ValueSet HIV.D.DE877</b></p><a name="HIV.D.DE877"> </a><a name="hcHIV.D.DE877"> </a><a name="HIV.D.DE877-en-US"> </a><ul><li>Include these codes as defined in <a href="CodeSystem-HIVConcepts.html"><code>http://smart.who.int/hiv/CodeSystem/HIVConcepts</code></a><table class="none"><tr><td style="white-space:nowrap"><b>Code</b></td><td><b>Display</b></td><td><b>Definition</b></td></tr><tr><td><a href="CodeSystem-HIVConcepts.html#HIVConcepts-HIV.46D.46DE878">HIV.D.DE878</a></td><td>Positive</td><td>Test result is positive</td></tr><tr><td><a href="CodeSystem-HIVConcepts.html#HIVConcepts-HIV.46D.46DE879">HIV.D.DE879</a></td><td>Negative</td><td>Test result is negative</td></tr><tr><td><a href="CodeSystem-HIVConcepts.html#HIVConcepts-HIV.46D.46DE880">HIV.D.DE880</a></td><td>Inconclusive</td><td>Test result is inconclusive</td></tr></table></li></ul></div></text><url value="http://smart.who.int/hiv/ValueSet/HIV.D.DE877"/><version value="0.3.0"/><name value="HIVDDE877"/><title value="Confirmatory STI test result ValueSet"/><status value="active"/><experimental value="true"/><date value="2024-08-21T16:05:17+00:00"/><publisher value="WHO"/><contact><name value="WHO"/><telecom><system value="url"/><value value="http://who.int"/></telecom></contact><description value="Value set of result from confirmatory STI test"/><compose><include><system value="http://smart.who.int/hiv/CodeSystem/HIVConcepts"/><concept><code value="HIV.D.DE878"/><display value="Positive"/></concept><concept><code value="HIV.D.DE879"/><display value="Negative"/></concept><concept><code value="HIV.D.DE880"/><display value="Inconclusive"/></concept></include></compose></ValueSet>