<?xml version="1.0" encoding="UTF-8"?><ValueSet xmlns="http://hl7.org/fhir"><id value="HIV.E.DE104"/><meta><profile value="http://hl7.org/fhir/uv/crmi/StructureDefinition/crmi-shareablevalueset"/><profile value="http://hl7.org/fhir/uv/crmi/StructureDefinition/crmi-publishablevalueset"/><profile value="http://hl7.org/fhir/uv/crmi/StructureDefinition/crmi-computablevalueset"/></meta><text><status value="extensions"/><div xmlns="http://www.w3.org/1999/xhtml"><p class="res-header-id"><b>Generated Narrative: ValueSet HIV.E.DE104</b></p><a name="HIV.E.DE104"> </a><a name="hcHIV.E.DE104"> </a><a name="HIV.E.DE104-en-US"> </a><ul><li>Include these codes as defined in <a href="CodeSystem-HIVConcepts.html"><code>http://smart.who.int/hiv/CodeSystem/HIVConcepts</code></a><table class="none"><tr><td style="white-space:nowrap"><b>Code</b></td><td><b>Display</b></td><td><b>Definition</b></td></tr><tr><td><a href="CodeSystem-HIVConcepts.html#HIVConcepts-HIV.46E.46DE105">HIV.E.DE105</a></td><td>HIV-positive</td><td>Test result is HIV-positive</td></tr><tr><td><a href="CodeSystem-HIVConcepts.html#HIVConcepts-HIV.46E.46DE106">HIV.E.DE106</a></td><td>HIV-negative</td><td>Test result is HIV-negative</td></tr><tr><td><a href="CodeSystem-HIVConcepts.html#HIVConcepts-HIV.46E.46DE107">HIV.E.DE107</a></td><td>HIV-inconclusive</td><td>Test result is HIV-inconclusive</td></tr></table></li></ul></div></text><url value="http://smart.who.int/hiv/ValueSet/HIV.E.DE104"/><version value="0.1.0"/><name value="HIVEDE104"/><title value="Maternal HIV test result ValueSet"/><status value="active"/><experimental value="true"/><date value="2024-07-12T23:16:48+00:00"/><publisher value="WHO"/><contact><name value="WHO"/><telecom><system value="url"/><value value="http://who.int"/></telecom></contact><description value="Value set of test result for mother after applying the testing strategy"/><compose><include><system value="http://smart.who.int/hiv/CodeSystem/HIVConcepts"/><concept><code value="HIV.E.DE105"/><display value="HIV-positive"/></concept><concept><code value="HIV.E.DE106"/><display value="HIV-negative"/></concept><concept><code value="HIV.E.DE107"/><display value="HIV-inconclusive"/></concept></include></compose></ValueSet>