<?xml version="1.0" encoding="UTF-8"?><ValueSet xmlns="http://hl7.org/fhir"><id value="HIV.B.DE88"/><meta><profile value="http://hl7.org/fhir/uv/crmi/StructureDefinition/crmi-shareablevalueset"/><profile value="http://hl7.org/fhir/uv/crmi/StructureDefinition/crmi-publishablevalueset"/><profile value="http://hl7.org/fhir/uv/crmi/StructureDefinition/crmi-computablevalueset"/></meta><text><status value="extensions"/><div xmlns="http://www.w3.org/1999/xhtml"><p class="res-header-id"><b>Generated Narrative: ValueSet HIV.B.DE88</b></p><a name="HIV.B.DE88"> </a><a name="hcHIV.B.DE88"> </a><a name="HIV.B.DE88-en-US"> </a><ul><li>Include these codes as defined in <a href="CodeSystem-HIVConcepts.html"><code>http://smart.who.int/hiv/CodeSystem/HIVConcepts</code></a><table class="none"><tr><td style="white-space:nowrap"><b>Code</b></td><td><b>Display</b></td><td><b>Definition</b></td></tr><tr><td><a href="CodeSystem-HIVConcepts.html#HIVConcepts-HIV.46E.46DE195">HIV.E.DE195</a></td><td>Assay 0</td><td>A community outreach test-for-triage or self-test which is not included in the HIV testing strategy</td></tr><tr><td><a href="CodeSystem-HIVConcepts.html#HIVConcepts-HIV.46E.46DE196">HIV.E.DE196</a></td><td>Assay 1</td><td>The first test in the HIV testing strategy</td></tr><tr><td><a href="CodeSystem-HIVConcepts.html#HIVConcepts-HIV.46E.46DE197">HIV.E.DE197</a></td><td>Assay 2</td><td>The second test in the HIV testing strategy</td></tr><tr><td><a href="CodeSystem-HIVConcepts.html#HIVConcepts-HIV.46E.46DE198">HIV.E.DE198</a></td><td>Assay 3</td><td>The third test in the HIV testing strategy</td></tr><tr><td><a href="CodeSystem-HIVConcepts.html#HIVConcepts-HIV.46E.46DE199">HIV.E.DE199</a></td><td>Assay 1 repeated</td><td>The first test in the HIV testing strategy</td></tr></table></li></ul></div></text><url value="http://smart.who.int/hiv/ValueSet/HIV.B.DE88"/><version value="0.4.1"/><name value="HIVBDE88"/><title value="Assay number in testing strategy ValueSet"/><status value="active"/><experimental value="true"/><date value="2025-02-01T23:38:57+00:00"/><publisher value="WHO"/><contact><name value="WHO"/><telecom><system value="url"/><value value="http://who.int"/></telecom></contact><description value="Value set of the number of the assay (test kit) in the HIV testing strategy"/><compose><include><system value="http://smart.who.int/hiv/CodeSystem/HIVConcepts"/><concept><code value="HIV.E.DE195"/><display value="Assay 0"/></concept><concept><code value="HIV.E.DE196"/><display value="Assay 1"/></concept><concept><code value="HIV.E.DE197"/><display value="Assay 2"/></concept><concept><code value="HIV.E.DE198"/><display value="Assay 3"/></concept><concept><code value="HIV.E.DE199"/><display value="Assay 1 repeated"/></concept></include></compose></ValueSet>