<?xml version="1.0" encoding="UTF-8"?><ValueSet xmlns="http://hl7.org/fhir"><id value="HIV.C.DE41"/><meta><profile value="http://hl7.org/fhir/uv/crmi/StructureDefinition/crmi-shareablevalueset"/><profile value="http://hl7.org/fhir/uv/crmi/StructureDefinition/crmi-publishablevalueset"/><profile value="http://hl7.org/fhir/uv/crmi/StructureDefinition/crmi-computablevalueset"/></meta><text><status value="extensions"/><div xmlns="http://www.w3.org/1999/xhtml"><p class="res-header-id"><b>Generated Narrative: ValueSet HIV.C.DE41</b></p><a name="HIV.C.DE41"> </a><a name="hcHIV.C.DE41"> </a><a name="hcHIV.C.DE41-en-US"> </a><ul><li>Include these codes as defined in <a href="CodeSystem-HIVConcepts.html"><code>http://smart.who.int/hiv/CodeSystem/HIVConcepts</code></a><table class="none"><tr><td style="white-space:nowrap"><b>Code</b></td><td><b>Display</b></td><td><b>Definition</b></td></tr><tr><td><a href="CodeSystem-HIVConcepts.html#HIVConcepts-HIV.46C.46DE42">HIV.C.DE42</a></td><td>Yes, I want to become pregnant</td><td>Client intends to become pregnant</td></tr><tr><td><a href="CodeSystem-HIVConcepts.html#HIVConcepts-HIV.46C.46DE43">HIV.C.DE43</a></td><td>I'm OK either way</td><td>Client is not intending to become pregnant, but would not be adverse to becoming pregnant</td></tr><tr><td><a href="CodeSystem-HIVConcepts.html#HIVConcepts-HIV.46C.46DE44">HIV.C.DE44</a></td><td>No, I don't want to become pregnant</td><td>Client does not intend to become pregnant</td></tr><tr><td><a href="CodeSystem-HIVConcepts.html#HIVConcepts-HIV.46C.46DE45">HIV.C.DE45</a></td><td>Unsure</td><td>Client is unsure or undecided about her pregnancy intentions</td></tr></table></li></ul></div></text><url value="http://smart.who.int/hiv/ValueSet/HIV.C.DE41"/><version value="0.1.0"/><name value="HIVCDE41"/><title value="Pregnancy intention in serodiscordant partnerships ValueSet"/><status value="active"/><experimental value="true"/><date value="2024-06-29T07:14:41+00:00"/><publisher value="WHO"/><contact><name value="WHO"/><telecom><system value="url"/><value value="http://who.int"/></telecom></contact><description value="Value set of client's intention or desire in the next year to either become pregnant or prevent a future pregnancy (in serodiscordant partnerships)"/><compose><include><system value="http://smart.who.int/hiv/CodeSystem/HIVConcepts"/><concept><code value="HIV.C.DE42"/><display value="Yes, I want to become pregnant"/></concept><concept><code value="HIV.C.DE43"/><display value="I'm OK either way"/></concept><concept><code value="HIV.C.DE44"/><display value="No, I don't want to become pregnant"/></concept><concept><code value="HIV.C.DE45"/><display value="Unsure"/></concept></include></compose></ValueSet>