<?xml version="1.0" encoding="UTF-8"?><ValueSet xmlns="http://hl7.org/fhir"><id value="HIV.E.DE180"/><meta><profile value="http://hl7.org/fhir/uv/crmi/StructureDefinition/crmi-shareablevalueset"/><profile value="http://hl7.org/fhir/uv/crmi/StructureDefinition/crmi-publishablevalueset"/><profile value="http://hl7.org/fhir/uv/crmi/StructureDefinition/crmi-computablevalueset"/></meta><text><status value="extensions"/><div xmlns="http://www.w3.org/1999/xhtml"><p class="res-header-id"><b>Generated Narrative: ValueSet HIV.E.DE180</b></p><a name="HIV.E.DE180"> </a><a name="hcHIV.E.DE180"> </a><a name="HIV.E.DE180-en-US"> </a><ul><li>Include these codes as defined in <a href="CodeSystem-HIVConcepts.html"><code>http://smart.who.int/hiv/CodeSystem/HIVConcepts</code></a><table class="none"><tr><td style="white-space:nowrap"><b>Code</b></td><td><b>Display</b></td><td><b>Definition</b></td></tr><tr><td><a href="CodeSystem-HIVConcepts.html#HIVConcepts-HIV.46E.46DE181">HIV.E.DE181</a></td><td>EID sample 1</td><td>First sample used to test an infant for HIV</td></tr><tr><td><a href="CodeSystem-HIVConcepts.html#HIVConcepts-HIV.46E.46DE182">HIV.E.DE182</a></td><td>EID sample 2</td><td>Second sample used to test an infant for HIV</td></tr></table></li></ul></div></text><url value="http://smart.who.int/hiv/ValueSet/HIV.E.DE180"/><version value="0.4.0"/><name value="HIVEDE180"/><title value="EID sample number ValueSet"/><status value="active"/><experimental value="true"/><date value="2025-01-30T04:52:13+00:00"/><publisher value="WHO"/><contact><name value="WHO"/><telecom><system value="url"/><value value="http://who.int"/></telecom></contact><description value="Value set of early infant diagnosis (EID) sample number"/><compose><include><system value="http://smart.who.int/hiv/CodeSystem/HIVConcepts"/><concept><code value="HIV.E.DE181"/><display value="EID sample 1"/></concept><concept><code value="HIV.E.DE182"/><display value="EID sample 2"/></concept></include></compose></ValueSet>