<?xml version="1.0" encoding="UTF-8"?><ValueSet xmlns="http://hl7.org/fhir"><id value="hiv-e-de48"/><text><status value="extensions"/><div xmlns="http://www.w3.org/1999/xhtml"><ul><li>Include these codes as defined in <a href="CodeSystem-concept-codes.html"><code>http://fhir.org/guides/who/hiv-dak/CodeSystem/HIV-DAKConcepts</code></a><table class="none"><tr><td style="white-space:nowrap"><b>Code</b></td><td><b>Display</b></td><td><b>Definition</b></td></tr><tr><td><a href="CodeSystem-concept-codes.html#concept-codes-HIV.46E.46DE48">HIV.E.DE48</a></td><td>Live birth</td><td>Pregnancy outcome - Live birth</td></tr><tr><td><a href="CodeSystem-concept-codes.html#concept-codes-HIV.46E.46DE49">HIV.E.DE49</a></td><td>Early fetal loss/miscarriage</td><td>Pregnancy outcome - Early fetal loss/miscarriage</td></tr><tr><td><a href="CodeSystem-concept-codes.html#concept-codes-HIV.46E.46DE50">HIV.E.DE50</a></td><td>Induced abortion</td><td>Pregnancy outcome - Induced abortion</td></tr><tr><td><a href="CodeSystem-concept-codes.html#concept-codes-HIV.46E.46DE51">HIV.E.DE51</a></td><td>Stillbirth</td><td>Pregnancy outcome - Stillbirth</td></tr></table></li></ul></div></text><url value="http://fhir.org/guides/who/hiv-dak/ValueSet/hiv-e-de48"/><version value="0.3.0"/><name value="PregnancyoutcomeCodes"/><title value="Pregnancy outcome Codes"/><status value="draft"/><experimental value="false"/><date value="2024-06-06T18:26:28+00:00"/><publisher value="World Health Organization (WHO) "/><contact><telecom><system value="url"/><value value="https://www.who.int"/></telecom></contact><description value="Codes representing possible values for the Pregnancy outcome element"/><jurisdiction><coding><system value="http://unstats.un.org/unsd/methods/m49/m49.htm"/><code value="001"/></coding></jurisdiction><immutable value="true"/><compose><include><system value="http://fhir.org/guides/who/hiv-dak/CodeSystem/HIV-DAKConcepts"/><concept><code value="HIV.E.DE48"/><display value="Live birth"/></concept><concept><code value="HIV.E.DE49"/><display value="Early fetal loss/miscarriage"/></concept><concept><code value="HIV.E.DE50"/><display value="Induced abortion"/></concept><concept><code value="HIV.E.DE51"/><display value="Stillbirth"/></concept></include></compose></ValueSet>