<?xml version="1.0" encoding="UTF-8"?><ValueSet xmlns="http://hl7.org/fhir"><id value="HIV.D.DE82"/><meta><profile value="http://hl7.org/fhir/uv/crmi/StructureDefinition/crmi-shareablevalueset"/><profile value="http://hl7.org/fhir/uv/crmi/StructureDefinition/crmi-publishablevalueset"/><profile value="http://hl7.org/fhir/uv/crmi/StructureDefinition/crmi-computablevalueset"/></meta><text><status value="generated"/><div xmlns="http://www.w3.org/1999/xhtml"><p class="res-header-id"><b>Generated Narrative: ValueSet HIV.D.DE82</b></p><a name="HIV.D.DE82"> </a><a name="hcHIV.D.DE82"> </a><a name="hcHIV.D.DE82-en"> </a><p>This value set includes codes based on the following rules:</p><ul/></div></text><url value="http://smart.who.int/hiv/ValueSet/HIV.D.DE82"/><version value="0.4.0"/><name value="HIVDDE82"/><title value="Optimal regimen for transition ValueSet"/><status value="active"/><experimental value="true"/><date value="2024-06-28T22:14:31+00:00"/><publisher value="World Health Organization"/><contact><telecom><system value="url"/><value value="https://www.who.int"/></telecom></contact><description value="Value set of the optimal regimen for transition to DTG-based regimens for children established on ART"/><jurisdiction><coding><system value="http://unstats.un.org/unsd/methods/m49/m49.htm"/><code value="001"/></coding></jurisdiction></ValueSet>