<?xml version="1.0" encoding="UTF-8"?><ValueSet xmlns="http://hl7.org/fhir"><id value="HIV.D.DE658"/><meta><profile value="http://hl7.org/fhir/uv/crmi/StructureDefinition/crmi-shareablevalueset"/><profile value="http://hl7.org/fhir/uv/crmi/StructureDefinition/crmi-publishablevalueset"/><profile value="http://hl7.org/fhir/uv/crmi/StructureDefinition/crmi-computablevalueset"/></meta><text><status value="extensions"/><div xmlns="http://www.w3.org/1999/xhtml"><p class="res-header-id"><b>Generated Narrative: ValueSet HIV.D.DE658</b></p><a name="HIV.D.DE658"> </a><a name="hcHIV.D.DE658"> </a><a name="HIV.D.DE658-en-US"> </a><ul><li>Include these codes as defined in <a href="CodeSystem-HIVConcepts.html"><code>http://smart.who.int/hiv/CodeSystem/HIVConcepts</code></a><table class="none"><tr><td style="white-space:nowrap"><b>Code</b></td><td><b>Display</b></td><td><b>Definition</b></td></tr><tr><td><a href="CodeSystem-HIVConcepts.html#HIVConcepts-HIV.46D.46DE659">HIV.D.DE659</a></td><td>HPV-DNA</td><td>Screened for cervical cancer using HPV-DNA test</td></tr><tr><td><a href="CodeSystem-HIVConcepts.html#HIVConcepts-HIV.46D.46DE660">HIV.D.DE660</a></td><td>VIA</td><td>Screened for cervical cancer using visual inspection with acetic acid (VIA)</td></tr><tr><td><a href="CodeSystem-HIVConcepts.html#HIVConcepts-HIV.46D.46DE661">HIV.D.DE661</a></td><td>Cervical cytology</td><td>Screened for cervical cancer using cervical cytology</td></tr><tr><td><a href="CodeSystem-HIVConcepts.html#HIVConcepts-HIV.46D.46DE662">HIV.D.DE662</a></td><td>Other</td><td>Screened for cervical cancer using other method</td></tr></table></li></ul></div></text><url value="http://smart.who.int/hiv/ValueSet/HIV.D.DE658"/><version value="0.3.0"/><name value="HIVDDE658"/><title value="Cervical cancer primary screening test type ValueSet"/><status value="active"/><experimental value="true"/><date value="2024-10-17T13:23:47+00:00"/><publisher value="WHO"/><contact><name value="WHO"/><telecom><system value="url"/><value value="http://who.int"/></telecom></contact><description value="Value set of type of cervical cancer screening test used in primary screening"/><compose><include><system value="http://smart.who.int/hiv/CodeSystem/HIVConcepts"/><concept><code value="HIV.D.DE659"/><display value="HPV-DNA"/></concept><concept><code value="HIV.D.DE660"/><display value="VIA"/></concept><concept><code value="HIV.D.DE661"/><display value="Cervical cytology"/></concept><concept><code value="HIV.D.DE662"/><display value="Other"/></concept></include></compose></ValueSet>