<?xml version="1.0" encoding="UTF-8"?><ValueSet xmlns="http://hl7.org/fhir"><id value="HIV.C.DE125"/><meta><profile value="http://hl7.org/fhir/uv/crmi/StructureDefinition/crmi-shareablevalueset"/><profile value="http://hl7.org/fhir/uv/crmi/StructureDefinition/crmi-publishablevalueset"/><profile value="http://hl7.org/fhir/uv/crmi/StructureDefinition/crmi-computablevalueset"/></meta><text><status value="extensions"/><div xmlns="http://www.w3.org/1999/xhtml"><p class="res-header-id"><b>Generated Narrative: ValueSet HIV.C.DE125</b></p><a name="HIV.C.DE125"> </a><a name="hcHIV.C.DE125"> </a><a name="hcHIV.C.DE125-en-US"> </a><ul><li>Include these codes as defined in <a href="CodeSystem-HIVConcepts.html"><code>http://smart.who.int/hiv/CodeSystem/HIVConcepts</code></a><table class="none"><tr><td style="white-space:nowrap"><b>Code</b></td><td><b>Display</b></td><td><b>Definition</b></td></tr><tr><td><a href="CodeSystem-HIVConcepts.html#HIVConcepts-HIV.46C.46DE126">HIV.C.DE126</a></td><td>Retesting for HIV</td><td>Retesting follow-up appointment</td></tr><tr><td><a href="CodeSystem-HIVConcepts.html#HIVConcepts-HIV.46C.46DE127">HIV.C.DE127</a></td><td>Follow-up appointment for PrEP</td><td>Retesting follow-up appointment</td></tr><tr><td><a href="CodeSystem-HIVConcepts.html#HIVConcepts-HIV.46C.46DE128">HIV.C.DE128</a></td><td>Other</td><td>Other reason for the follow-up appointment</td></tr></table></li></ul></div></text><url value="http://smart.who.int/hiv/ValueSet/HIV.C.DE125"/><version value="0.1.0"/><name value="HIVCDE125"/><title value="Type of follow-up appointment ValueSet"/><status value="active"/><experimental value="true"/><date value="2024-07-01T14:15:20+00:00"/><publisher value="WHO"/><contact><name value="WHO"/><telecom><system value="url"/><value value="http://who.int"/></telecom></contact><description value="Value set of type of follow-up appointment for testing services"/><compose><include><system value="http://smart.who.int/hiv/CodeSystem/HIVConcepts"/><concept><code value="HIV.C.DE126"/><display value="Retesting for HIV"/></concept><concept><code value="HIV.C.DE127"/><display value="Follow-up appointment for PrEP"/></concept><concept><code value="HIV.C.DE128"/><display value="Other"/></concept></include></compose></ValueSet>