<?xml version="1.0" encoding="UTF-8"?><ValueSet xmlns="http://hl7.org/fhir"><id value="HIV.H.DE34"/><meta><profile value="http://hl7.org/fhir/uv/crmi/StructureDefinition/crmi-shareablevalueset"/><profile value="http://hl7.org/fhir/uv/crmi/StructureDefinition/crmi-publishablevalueset"/><profile value="http://hl7.org/fhir/uv/crmi/StructureDefinition/crmi-computablevalueset"/></meta><text><status value="extensions"/><div xmlns="http://www.w3.org/1999/xhtml"><p class="res-header-id"><b>Generated Narrative: ValueSet HIV.H.DE34</b></p><a name="HIV.H.DE34"> </a><a name="hcHIV.H.DE34"> </a><a name="HIV.H.DE34-en-US"> </a><ul><li>Include these codes as defined in <a href="CodeSystem-HIVConcepts.html"><code>http://smart.who.int/hiv/CodeSystem/HIVConcepts</code></a><table class="none"><tr><td style="white-space:nowrap"><b>Code</b></td><td><b>Display</b></td><td><b>Definition</b></td></tr><tr><td><a href="CodeSystem-HIVConcepts.html#HIVConcepts-HIV.46H.46DE35">HIV.H.DE35</a></td><td>Already knew positive</td><td>The partner or contact of the index case already knew they are HIV-positive</td></tr><tr><td><a href="CodeSystem-HIVConcepts.html#HIVConcepts-HIV.46H.46DE36">HIV.H.DE36</a></td><td>Newly diagnosed</td><td>The partner or contact of the index case is newly diagnosed as HIV-positive</td></tr><tr><td><a href="CodeSystem-HIVConcepts.html#HIVConcepts-HIV.46H.46DE37">HIV.H.DE37</a></td><td>Negative</td><td>The partner or contact of the index case is newly diagnosed is HIV-negative</td></tr></table></li></ul></div></text><url value="http://smart.who.int/hiv/ValueSet/HIV.H.DE34"/><version value="0.4.1"/><name value="HIVHDE34"/><title value="HIV status of partner or contact ValueSet"/><status value="active"/><experimental value="true"/><date value="2025-02-01T06:48:33+00:00"/><publisher value="WHO"/><contact><name value="WHO"/><telecom><system value="url"/><value value="http://who.int"/></telecom></contact><description value="Value set of HIV status of the partner or contact given by the index case"/><compose><include><system value="http://smart.who.int/hiv/CodeSystem/HIVConcepts"/><concept><code value="HIV.H.DE35"/><display value="Already knew positive"/></concept><concept><code value="HIV.H.DE36"/><display value="Newly diagnosed"/></concept><concept><code value="HIV.H.DE37"/><display value="Negative"/></concept></include></compose></ValueSet>