<?xml version="1.0" encoding="UTF-8"?><ValueSet xmlns="http://hl7.org/fhir"><id value="HIV.B.DE61"/><meta><profile value="http://hl7.org/fhir/uv/crmi/StructureDefinition/crmi-shareablevalueset"/><profile value="http://hl7.org/fhir/uv/crmi/StructureDefinition/crmi-publishablevalueset"/><profile value="http://hl7.org/fhir/uv/crmi/StructureDefinition/crmi-computablevalueset"/></meta><text><status value="extensions"/><div xmlns="http://www.w3.org/1999/xhtml"><p class="res-header-id"><b>Generated Narrative: ValueSet HIV.B.DE61</b></p><a name="HIV.B.DE61"> </a><a name="hcHIV.B.DE61"> </a><a name="hcHIV.B.DE61-en"> </a><ul><li>Include these codes as defined in <a href="CodeSystem-HIVConcepts.html"><code>http://smart.who.int/hiv/CodeSystem/HIVConcepts</code></a><table class="none"><tr><td style="white-space:nowrap"><b>Code</b></td><td><b>Display</b></td><td><b>Definition</b></td></tr><tr><td><a href="CodeSystem-HIVConcepts.html#HIVConcepts-HIV.46B.46DE62">HIV.B.DE62</a></td><td>Occupational</td><td>Occupational exposure to HIV</td></tr><tr><td><a href="CodeSystem-HIVConcepts.html#HIVConcepts-HIV.46B.46DE63">HIV.B.DE63</a></td><td>Non-occupational violent</td><td>Non-occupational violent exposure to HIV</td></tr><tr><td><a href="CodeSystem-HIVConcepts.html#HIVConcepts-HIV.46B.46DE64">HIV.B.DE64</a></td><td>Non-occupational consensual sex</td><td>Exposure to HIV through non-occupational consensual sex</td></tr></table></li></ul></div></text><url value="http://smart.who.int/hiv/ValueSet/HIV.B.DE61"/><version value="0.4.0"/><name value="HIVBDE61"/><title value="HIV exposure type ValueSet"/><status value="active"/><experimental value="true"/><date value="2024-06-28T16:45:27+00:00"/><publisher value="World Health Organization"/><contact><telecom><system value="url"/><value value="https://www.who.int"/></telecom></contact><description value="Value set of ways in which the client was exposed to HIV"/><jurisdiction><coding><system value="http://unstats.un.org/unsd/methods/m49/m49.htm"/><code value="001"/></coding></jurisdiction><compose><include><system value="http://smart.who.int/hiv/CodeSystem/HIVConcepts"/><concept><code value="HIV.B.DE62"/><display value="Occupational"/></concept><concept><code value="HIV.B.DE63"/><display value="Non-occupational violent"/></concept><concept><code value="HIV.B.DE64"/><display value="Non-occupational consensual sex"/></concept></include></compose></ValueSet>