<?xml version="1.0" encoding="UTF-8"?><ValueSet xmlns="http://hl7.org/fhir"><id value="HIV.C.DE36"/><meta><profile value="http://hl7.org/fhir/uv/crmi/StructureDefinition/crmi-shareablevalueset"/><profile value="http://hl7.org/fhir/uv/crmi/StructureDefinition/crmi-publishablevalueset"/><profile value="http://hl7.org/fhir/uv/crmi/StructureDefinition/crmi-computablevalueset"/></meta><text><status value="extensions"/><div xmlns="http://www.w3.org/1999/xhtml"><p class="res-header-id"><b>Generated Narrative: ValueSet HIV.C.DE36</b></p><a name="HIV.C.DE36"> </a><a name="hcHIV.C.DE36"> </a><a name="HIV.C.DE36-en-US"> </a><ul><li>Include these codes as defined in <a href="CodeSystem-HIVConcepts.html"><code>http://smart.who.int/hiv/CodeSystem/HIVConcepts</code></a><table class="none"><tr><td style="white-space:nowrap"><b>Code</b></td><td><b>Display</b></td><td><b>Definition</b></td></tr><tr><td><a href="CodeSystem-HIVConcepts.html#HIVConcepts-HIV.46C.46DE37">HIV.C.DE37</a></td><td>No condom use during sex with more than one partner in the past 6 months</td><td>Recent vaginal or anal sexual intercourse without a condom with more than one partner</td></tr><tr><td><a href="CodeSystem-HIVConcepts.html#HIVConcepts-HIV.46C.46DE38">HIV.C.DE38</a></td><td>STI in the past 6 months</td><td>A recent history (in the last 6 months) of a sexually transmitted infection (STI ) by laboratory testing, self-report or syndromic STI treatment</td></tr><tr><td><a href="CodeSystem-HIVConcepts.html#HIVConcepts-HIV.46C.46DE39">HIV.C.DE39</a></td><td>A sexual partner in the past 6 months had one or more HIV risk factors</td><td>A recent sex partner of the client had HIV risk factors</td></tr><tr><td><a href="CodeSystem-HIVConcepts.html#HIVConcepts-HIV.46C.46DE40">HIV.C.DE40</a></td><td>PrEP requested by client</td><td>Client is requesting PrEP, reflecting a decision-making process has already taken place and suggesting of substantial risk of HIV</td></tr></table></li></ul></div></text><url value="http://smart.who.int/hiv/ValueSet/HIV.C.DE36"/><version value="0.2.0"/><name value="HIVCDE36"/><title value="Signs of substantial risk of HIV infection ValueSet"/><status value="active"/><experimental value="true"/><date value="2024-07-12T23:35:30+00:00"/><publisher value="WHO"/><contact><name value="WHO"/><telecom><system value="url"/><value value="http://who.int"/></telecom></contact><description value="Value set of signs the client is at a substantial risk of HIV infection"/><compose><include><system value="http://smart.who.int/hiv/CodeSystem/HIVConcepts"/><concept><code value="HIV.C.DE37"/><display value="No condom use during sex with more than one partner in the past 6 months"/></concept><concept><code value="HIV.C.DE38"/><display value="STI in the past 6 months"/></concept><concept><code value="HIV.C.DE39"/><display value="A sexual partner in the past 6 months had one or more HIV risk factors"/></concept><concept><code value="HIV.C.DE40"/><display value="PrEP requested by client"/></concept></include></compose></ValueSet>