<?xml version="1.0" encoding="UTF-8"?>

<Basic xmlns="http://hl7.org/fhir">
  <id value="LabTechnician"/>
  <meta>
    <profile value="http://smart.who.int/smart-base/StructureDefinition/SGPersona"/>
  </meta>
  <text>
    <status value="generated"/><div xmlns="http://www.w3.org/1999/xhtml"><p class="res-header-id"><b>Generated Narrative: ActorDefinition LabTechnician</b></p><a name="LabTechnician"> </a><a name="hcLabTechnician"> </a><a name="LabTechnician-en-US"> </a><table class="grid"><tr><td><b>Actor: LabTechnician </b></td><td>Lab technician</td><td>Type: person </td></tr><tr><td colspan="3"/></tr></table></div>
  </text>
  <extension url="http://hl7.org/fhir/5.0/StructureDefinition/extension-ActorDefinition.url">
    <valueUri value="http://smart.who.int/hiv/ActorDefinition/LabTechnician"/>
  </extension>
  <extension url="http://hl7.org/fhir/5.0/StructureDefinition/extension-ActorDefinition.version">
    <valueString value="0.2.0"/>
  </extension>
  <extension url="http://hl7.org/fhir/5.0/StructureDefinition/extension-ActorDefinition.name">
    <valueString value="LabTechnician"/>
  </extension>
  <extension url="http://hl7.org/fhir/5.0/StructureDefinition/extension-ActorDefinition.title">
    <valueString value="Lab technician"/>
  </extension>
  <extension url="http://hl7.org/fhir/5.0/StructureDefinition/extension-ActorDefinition.status">
    <valueCode value="draft"/>
  </extension>
  <extension url="http://hl7.org/fhir/5.0/StructureDefinition/extension-ActorDefinition.experimental">
    <valueBoolean value="false"/>
  </extension>
  <extension url="http://hl7.org/fhir/5.0/StructureDefinition/extension-ActorDefinition.date">
    <valueDateTime value="2024-07-22T01:36:05+00:00"/>
  </extension>
  <extension url="http://hl7.org/fhir/5.0/StructureDefinition/extension-ActorDefinition.publisher">
    <valueString value="WHO"/>
  </extension>
  <extension url="http://hl7.org/fhir/5.0/StructureDefinition/extension-ActorDefinition.contact">
    <valueContactDetail>
      <name value="WHO"/>
      <telecom>
        <system value="url"/>
        <value value="http://who.int"/>
      </telecom>
    </valueContactDetail>
  </extension>
  <extension url="http://hl7.org/fhir/5.0/StructureDefinition/extension-ActorDefinition.description">
    <valueMarkdown value="A person who performs clinical tests on specimens of bodily fluids and tissues in order to get information about the health of a patient, as well as conducts tests and operates equipment for analysis of biological material, including blood and urine. This person normally has completed formal training in biomedical science, medical technology or a related field."/>
  </extension>
  <extension url="http://hl7.org/fhir/5.0/StructureDefinition/extension-ActorDefinition.jurisdiction"/>
  <extension url="http://hl7.org/fhir/5.0/StructureDefinition/extension-ActorDefinition.type">
    <valueCode value="person"/>
  </extension>
  <identifier>
    <value value="LabTechnician"/>
  </identifier>
  <code>
    <coding>
      <system value="http://hl7.org/fhir/fhir-types"/>
      <code value="ActorDefinition"/>
    </coding>
  </code>
</Basic>