<?xml version="1.0" encoding="UTF-8"?>

<Library xmlns="http://hl7.org/fhir">
  <id value="HIVIND67Logic"/>
  <meta>
    <profile value="http://hl7.org/fhir/uv/crmi/StructureDefinition/crmi-shareablelibrary"/>
    <profile value="http://hl7.org/fhir/uv/crmi/StructureDefinition/crmi-publishablelibrary"/>
    <profile value="http://hl7.org/fhir/uv/cql/StructureDefinition/cql-library"/>
    <profile value="http://hl7.org/fhir/uv/cql/StructureDefinition/cql-module"/>
  </meta>
  <text>
    <status value="generated"/><div xmlns="http://www.w3.org/1999/xhtml"><p class="res-header-id"><b>Generated Narrative: Library HIVIND67Logic</b></p><a name="HIVIND67Logic"> </a><a name="hcHIVIND67Logic"> </a><a name="hcHIVIND67Logic-en-US"> </a></div>
  </text>
  <extension url="http://hl7.org/fhir/StructureDefinition/cqf-knowledgeCapability">
    <valueCode value="computable"/>
  </extension>
  <url value="http://smart.who.int/HIV/Library/HIVIND67Logic"/>
  <version value="0.1.0"/>
  <name value="HIVIND67Logic"/>
  <title value="HIV.IND.67 Logic"/>
  <status value="draft"/>
  <experimental value="true"/>
  <type>
    <coding>
      <system value="http://terminology.hl7.org/CodeSystem/library-type"/>
      <code value="logic-library"/>
    </coding>
  </type>
  <date value="2024-06-29T06:31:00+00:00"/>
  <publisher value="WHO"/>
  <contact>
    <name value="WHO"/>
    <telecom>
      <system value="url"/>
      <value value="http://who.int"/>
    </telecom>
  </contact>
  <description value="% of people living with HIV tested positive for syphilis who were treated based on national guidelines during the reporting period"/>
</Library>