<?xml version="1.0" encoding="UTF-8"?>
<library xmlns="urn:hl7-org:elm:r1" xmlns:t="urn:hl7-org:elm-types:r1" xmlns:xsi="http://www.w3.org/2001/XMLSchema-instance" xmlns:xsd="http://www.w3.org/2001/XMLSchema" xmlns:fhir="http://hl7.org/fhir" xmlns:qdm43="urn:healthit-gov:qdm:v4_3" xmlns:qdm53="urn:healthit-gov:qdm:v5_3" xmlns:a="urn:hl7-org:cql-annotations:r1">
   <annotation translatorOptions="EnableAnnotations,EnableLocators,DisableListDemotion,DisableListPromotion" signatureLevel="None" xsi:type="a:CqlToElmInfo"/>
   <annotation message="The function FHIRHelpers.ToInterval has multiple overloads and due to the SignatureLevel setting (None), the overload signature is not being included in the output. This may result in ambiguous function resolution at runtime, consider setting the SignatureLevel to Overloads or All to ensure that the output includes sufficient information to support correct overload selection at runtime." errorType="semantic" errorSeverity="warning" xsi:type="a:CqlToElmError"/>
   <annotation message="The function FHIRHelpers.ToInterval has multiple overloads and due to the SignatureLevel setting (None), the overload signature is not being included in the output. This may result in ambiguous function resolution at runtime, consider setting the SignatureLevel to Overloads or All to ensure that the output includes sufficient information to support correct overload selection at runtime." errorType="semantic" errorSeverity="warning" xsi:type="a:CqlToElmError"/>
   <annotation message="The function FHIRHelpers.ToInterval has multiple overloads and due to the SignatureLevel setting (None), the overload signature is not being included in the output. This may result in ambiguous function resolution at runtime, consider setting the SignatureLevel to Overloads or All to ensure that the output includes sufficient information to support correct overload selection at runtime." errorType="semantic" errorSeverity="warning" xsi:type="a:CqlToElmError"/>
   <annotation message="The function FHIRHelpers.ToInterval has multiple overloads and due to the SignatureLevel setting (None), the overload signature is not being included in the output. This may result in ambiguous function resolution at runtime, consider setting the SignatureLevel to Overloads or All to ensure that the output includes sufficient information to support correct overload selection at runtime." errorType="semantic" errorSeverity="warning" xsi:type="a:CqlToElmError"/>
   <annotation message="The function FHIRHelpers.ToInterval has multiple overloads and due to the SignatureLevel setting (None), the overload signature is not being included in the output. This may result in ambiguous function resolution at runtime, consider setting the SignatureLevel to Overloads or All to ensure that the output includes sufficient information to support correct overload selection at runtime." errorType="semantic" errorSeverity="warning" xsi:type="a:CqlToElmError"/>
   <annotation message="The function FHIRHelpers.ToDateTime has multiple overloads and due to the SignatureLevel setting (None), the overload signature is not being included in the output. This may result in ambiguous function resolution at runtime, consider setting the SignatureLevel to Overloads or All to ensure that the output includes sufficient information to support correct overload selection at runtime." errorType="semantic" errorSeverity="warning" xsi:type="a:CqlToElmError"/>
   <annotation message="The function FHIRHelpers.ToDateTime has multiple overloads and due to the SignatureLevel setting (None), the overload signature is not being included in the output. This may result in ambiguous function resolution at runtime, consider setting the SignatureLevel to Overloads or All to ensure that the output includes sufficient information to support correct overload selection at runtime." errorType="semantic" errorSeverity="warning" xsi:type="a:CqlToElmError"/>
   <annotation message="The function FHIRHelpers.ToDateTime has multiple overloads and due to the SignatureLevel setting (None), the overload signature is not being included in the output. This may result in ambiguous function resolution at runtime, consider setting the SignatureLevel to Overloads or All to ensure that the output includes sufficient information to support correct overload selection at runtime." errorType="semantic" errorSeverity="warning" xsi:type="a:CqlToElmError"/>
   <annotation message="The function FHIRHelpers.ToDateTime has multiple overloads and due to the SignatureLevel setting (None), the overload signature is not being included in the output. This may result in ambiguous function resolution at runtime, consider setting the SignatureLevel to Overloads or All to ensure that the output includes sufficient information to support correct overload selection at runtime." errorType="semantic" errorSeverity="warning" xsi:type="a:CqlToElmError"/>
   <annotation message="The function FHIRHelpers.ToString has multiple overloads and due to the SignatureLevel setting (None), the overload signature is not being included in the output. This may result in ambiguous function resolution at runtime, consider setting the SignatureLevel to Overloads or All to ensure that the output includes sufficient information to support correct overload selection at runtime." errorType="semantic" errorSeverity="warning" xsi:type="a:CqlToElmError"/>
   <annotation xsi:type="a:Annotation">
      <a:s r="129">
         <a:s>/**
 * Library: HIV.IND.3 Logic
 * Ref No: PRV.3
 * Short Name: PrEP coverage
 *
 * Definition: % of people prescribed PrEP among those identified as being at elevated risk for HIV acquisition
 *
 * Numerator: Number of unique individuals prescribed or dispensed any form of PrEP at least once during the reporting period. Individuals prescribed different products or regimens at different times during the reporting period should be counted only once.
 * Numerator Calculation: Count of clients with &quot;Date medications prescribed&quot; within reporting period AND &quot;Medications prescribed&quot;='PrEP for HIV prevention'
 * Numerator Exclusions: 
 *
 * Denominator: a) Programme/service provider level: number of individuals who received a negative HIV test during the reporting period and identified as being at elevated risk for HIV acquisition (includes people requesting/receiving any HIV prevention intervention, people from key populations, people with known risk factors or assessed as being at risk of HIV acquisition) |  | b) Population level: population-level estimate of the number of people who would benefit from PrEP, for example as derived from a PrEP need estimator tool
 * Denominator Calculation: Programme/service provider level:  | COUNT of clients with &quot;HIV test date&quot; within reporting period AND &quot;HIV test result&quot;='HIV-negative' AND &quot;At elevated risk for HIV acquisition&quot;=True † |  | Population level: *Estimate of the number of people who would benefit from PrEP
 * Denominator Exclusions: 
 *
 * Disaggregations:
 * • Gender (female, male, other*) 
 *  • Age (15–19, 20–24, 25–49, 50+ years) 
 *  • Key populations (men who have sex with men, people living in prisons and other closed settings, people who inject drugs, sex workers, trans and gender diverse people)** 
 *  • PrEP product and formulation (oral, long-acting device, long-acting injectable). Some people may start, continue, stop and restart, one or multiple times with different products or formulations in a given reporting period. Because of this, the percentages of recipients receiving different PrEP products may total more than 100%. 
 *  • Experience with PrEP (first time, continuing or restarting following a period of not taking PrEP) 
 *  • Provider type (key population-led or community-led organization, public sector provider, other entities such as private for-profit and not-for-profit organizations, including faith-based, international, nongovernmental) 
 *  • Setting: facility-based service (including hospitals, health clinics, general practice offices, etc.) or community-based service (including drop-in centres, community service delivery points, mobile clinics or vans, outreach teams, community support groups, etc.) 
 *  • Cities and other administrative regions of epidemiologic importance
 *
 * Disaggregation Elements: Gender | Age | Key population member type | PrEP product prescribed | Experience with PrEP
 *
 * Numerator and Denominator Elements:
 * At elevated risk for HIV acquisition 
 *  Date medications prescribed 
 *  HIV test date 
 *  HIV test result 
 *  Medications prescribed
 *
 * Reference: Consolidated guidelines on person-centred HIV strategic information: strengthening routine data for impact. Geneva: World Health Organization; 2022
 * 
 * Data Concepts:
 * HIV.A.DE17: Age | Calculated age (number of years) of the client based on date of birth
 * HIV.A.DE18: Gender* | Gender of the client*
 * HIV.A.DE19: Female | Client identifies as female
 * HIV.A.DE20: Male | Client identifies as male
 * HIV.A.DE21: Transgender male | Client identifies as transgender male
 * HIV.A.DE22: Transgender female | Client identifies as transgender female
 * HIV.A.DE23: Other | Additional category
 * HIV.B.DE50: Key population member type* | The type of key population that the client is included in
 * HIV.B.DE51: Sex worker | Client is a sex worker
 * HIV.B.DE52: Men who have sex with men | Client is a man who has sex with men
 * HIV.B.DE53: Trans and gender-diverse people | Client identifies as trans and gender-diverse
 * HIV.B.DE54: People who inject drugs | Client is a person who injects drugs
 * HIV.B.DE55: People living in prisons and other closed settings | Client lives in a prison or another closed setting
 * HIV.B.DE110: HIV test date | Date of the HIV test
 * HIV.B.DE111: HIV test result | The result from HIV testing after applying the testing algorithm
 * HIV.B.DE112: HIV-positive | Test result is HIV-positive
 * HIV.B.DE113: HIV-negative | Test result is HIV-negative
 * HIV.B.DE114: HIV-inconclusive | Test result is HIV-inconclusive
 * HIV.B.DE225: At elevated risk for HIV acquisition | Client is at elevated risk for HIV acquisition
 * HIV.C.DE24: Experience with PrEP | The client's experience in taking PrEP
 * HIV.C.DE25: First-time user | The client has never used pre-exposure prophylaxis (PrEP) before (naive)
 * HIV.C.DE26: Continuing user | The client has used PrEP before and is continuing to use PrEP
 * HIV.C.DE27: Restarting following a period of not taking PrEP | The client is restarting PrEP following a period of not taking PrEP
 * HIV.C.DE74: Date medications prescribed | Date the client was prescribed medications
 * HIV.C.DE75: Medications prescribed | Medications the client was prescribed
 * HIV.C.DE76: PrEP for HIV prevention | Client was prescribed pre-exposure prophylaxis (PrEP) for HIV prevention
 * HIV.C.DE77: PEP for HIV prevention | Client was prescribed post-exposure prophylaxis (PEP) for HIV prevention
 * HIV.C.DE78: Other | Client was prescribed other medications
 * HIV.C.DE80: PrEP product prescribed | PrEP product that the client was prescribed
 * HIV.C.DE81: Oral PrEP | Client was prescribed oral PrEP
 * HIV.C.DE82: Dapivirine vaginal ring (DVR) | Client was prescribed dapivirine vaginal ring (DVR)
 * HIV.C.DE83: CAB-LA | Client was prescribed long-acting cabotegravir (CAB-LA)
 * HIV.C.DE84: Other | Client was prescribed other PrEP product
 * HIV.D.DE457: Medications prescribed | Name or regimen code of all other medications prescribed during the visit
 * HIV.D.DE458: Date medications prescribed | Date the medications were prescribed
 * HIV.E.DE114: Key population member type* | The type of key population that the infant's mother is included in
 * HIV.E.DE115: Sex worker | Infant's mother is a sex worker
 * HIV.E.DE116: People who inject drugs | Infant's mother is a person who injects drugs
 * HIV.E.DE117: Trans and gender-diverse people | Infant's mother identifies as trans and gender-diverse
 * HIV.E.DE118: People living in prisons and other closed setting | Infant's mother is in a prison or closed setting
 * HIV.E.DE224: HIV test date | Date of the HIV test
 * HIV.PRV.DE1: At elevated risk for HIV acquisition | Client is at elevated risk for HIV acquisition, defined according to country/programme context
 * HIV.PRV.DE27: Date medications prescribed | Date the client was prescribed medications
 * HIV.SRV.DE1: HIV test date | Date of the HIV test
 * HIV.SRV.DE2: HIV test result | The result from HIV testing after applying the testing algorithm
 *
 * Additional Context
 * - what it measures: Measures PrEP uptake among the group estimated to be vulnerable to HIV acquisition. |  | When calculated at the programme/service provider level, the denominator includes all individuals accessing the service identified as being at elevated risk for to HIV acquisition.
 * - rationale: • WHO recommends that PrEP be offered as an additional prevention choice for people at substantial risk of HIV infection as part of combination HIV prevention approaches. |  | • Uptake and use of PrEP reflects people's awareness and interest in lowering their risk for HIV through the use of ARVs.
 * - method: Individual-level data obtained from programme records. |  | If individual-level data are not available, the indicator can be reported using aggregate programme data. Because de-duplication is not possible, individuals prescribed multiple | PrEP products or formulations at different times during the reporting period may be counted multiple times, and the number reported may be greater than the number of unique individuals receiving PrEP during the reporting period.
 * 
 * Suggested Scoring Method: proportion | http://hl7.org/fhir/us/cqfmeasures/StructureDefinition/proportion-measure-cqfm
 */

library HIVIND3Logic</a:s>
      </a:s>
   </annotation>
   <identifier id="HIVIND3Logic" system="http://smart.who.int/hiv"/>
   <schemaIdentifier id="urn:hl7-org:elm" version="r1"/>
   <usings>
      <def localIdentifier="System" uri="urn:hl7-org:elm-types:r1"/>
      <def localId="1" locator="95:1-95:26" localIdentifier="FHIR" uri="http://hl7.org/fhir" version="4.0.1">
         <annotation xsi:type="a:Annotation">
            <a:s r="1">
               <a:s>// Included Libraries
using </a:s>
               <a:s>
                  <a:s>FHIR</a:s>
               </a:s>
               <a:s> version '4.0.1'</a:s>
            </a:s>
         </annotation>
      </def>
   </usings>
   <includes>
      <def localId="2" locator="97:1-97:44" localIdentifier="HIC" path="http://smart.who.int/hiv/HIVCommon" version="0.0.1">
         <annotation xsi:type="a:Annotation">
            <a:s r="2">
               <a:s>include </a:s>
               <a:s>
                  <a:s>HIVCommon</a:s>
               </a:s>
               <a:s> version '0.0.1' called HIC</a:s>
            </a:s>
         </annotation>
      </def>
      <def localId="3" locator="98:1-98:35" localIdentifier="FHIRHelpers" path="http://hl7.org/fhir/FHIRHelpers" version="4.0.1">
         <annotation xsi:type="a:Annotation">
            <a:s r="3">
               <a:s>include </a:s>
               <a:s>
                  <a:s>FHIRHelpers</a:s>
               </a:s>
               <a:s> version '4.0.1'</a:s>
            </a:s>
         </annotation>
      </def>
      <def localId="4" locator="99:1-99:29" localIdentifier="WCom" path="http://smart.who.int/hiv/WHOCommon">
         <annotation xsi:type="a:Annotation">
            <a:s r="4">
               <a:s>include </a:s>
               <a:s>
                  <a:s>WHOCommon</a:s>
               </a:s>
               <a:s> called WCom</a:s>
            </a:s>
         </annotation>
      </def>
   </includes>
   <parameters>
      <def localId="10" locator="102:1-102:88" name="Measurement Period" accessLevel="Public">
         <annotation xsi:type="a:Annotation">
            <a:s r="10">
               <a:s>// Indicator Definition
parameter &quot;Measurement Period&quot; </a:s>
               <a:s r="9">
                  <a:s>Interval&lt;</a:s>
                  <a:s r="8">
                     <a:s>Date</a:s>
                  </a:s>
                  <a:s>></a:s>
               </a:s>
               <a:s> default </a:s>
               <a:s r="7">
                  <a:s r="5">Interval[@2023-01-01, @2023-01-30]</a:s>
               </a:s>
            </a:s>
         </annotation>
         <default localId="7" locator="102:55-102:88" lowClosed="true" highClosed="true" xsi:type="Interval">
            <low localId="5" locator="102:64-102:74" xsi:type="Date">
               <year valueType="t:Integer" value="2023" xsi:type="Literal"/>
               <month valueType="t:Integer" value="1" xsi:type="Literal"/>
               <day valueType="t:Integer" value="1" xsi:type="Literal"/>
            </low>
            <high localId="6" locator="102:77-102:87" xsi:type="Date">
               <year valueType="t:Integer" value="2023" xsi:type="Literal"/>
               <month valueType="t:Integer" value="1" xsi:type="Literal"/>
               <day valueType="t:Integer" value="30" xsi:type="Literal"/>
            </high>
         </default>
         <parameterTypeSpecifier localId="9" locator="102:32-102:45" xsi:type="IntervalTypeSpecifier">
            <pointType localId="8" locator="102:41-102:44" name="t:Date" xsi:type="NamedTypeSpecifier"/>
         </parameterTypeSpecifier>
      </def>
   </parameters>
   <contexts>
      <def locator="104:1-104:15" name="Patient"/>
   </contexts>
   <statements>
      <def locator="104:1-104:15" name="Patient" context="Patient">
         <expression xsi:type="SingletonFrom">
            <operand locator="104:1-104:15" dataType="fhir:Patient" templateId="http://hl7.org/fhir/StructureDefinition/Patient" xsi:type="Retrieve"/>
         </expression>
      </def>
      <def localId="12" locator="108:1-109:6" name="Initial Population" context="Patient" accessLevel="Public">
         <annotation xsi:type="a:Annotation">
            <a:s r="12">
               <a:s r="11">/*
 * As defined by Member State
 */
define &quot;Initial Population&quot;:
  true</a:s>
            </a:s>
         </annotation>
         <expression localId="11" locator="109:3-109:6" valueType="t:Boolean" value="true" xsi:type="Literal"/>
      </def>
      <def localId="34" locator="112:1-117:4" name="numerator" context="Patient" accessLevel="Public">
         <annotation xsi:type="a:Annotation">
            <a:s r="34">
               <a:s>define &quot;numerator&quot;:
   </a:s>
               <a:s r="33">
                  <a:s>exists</a:s>
                  <a:s r="32">
                     <a:s>(</a:s>
                     <a:s r="32">
                        <a:s>
                           <a:s r="14">
                              <a:s r="13">
                                 <a:s>
                                    <a:s>HIC.&quot;HIV PREP Active&quot;</a:s>
                                 </a:s>
                              </a:s>
                              <a:s> H</a:s>
                           </a:s>
                        </a:s>
                        <a:s>
   </a:s>
                        <a:s r="31">
                           <a:s>where </a:s>
                           <a:s r="31">
                              <a:s r="19">
                                 <a:s r="16">
                                    <a:s r="15">
                                       <a:s>H</a:s>
                                    </a:s>
                                    <a:s>.</a:s>
                                    <a:s r="16">
                                       <a:s>effective</a:s>
                                    </a:s>
                                 </a:s>
                                 <a:s r="19"> starts before </a:s>
                                 <a:s r="18">
                                    <a:s>end of </a:s>
                                    <a:s r="17">
                                       <a:s>&quot;Measurement Period&quot;</a:s>
                                    </a:s>
                                 </a:s>
                              </a:s>
                              <a:s>
    and </a:s>
                              <a:s r="30">
                                 <a:s>(</a:s>
                                 <a:s r="30">
                                    <a:s r="24">
                                       <a:s r="21">
                                          <a:s r="20">
                                             <a:s>H</a:s>
                                          </a:s>
                                          <a:s>.</a:s>
                                          <a:s r="21">
                                             <a:s>effective</a:s>
                                          </a:s>
                                       </a:s>
                                       <a:s r="24"> ends after </a:s>
                                       <a:s r="23">
                                          <a:s>start of </a:s>
                                          <a:s r="22">
                                             <a:s>&quot;Measurement Period&quot;</a:s>
                                          </a:s>
                                       </a:s>
                                    </a:s>
                                    <a:s>
    or </a:s>
                                    <a:s r="29">
                                       <a:s r="27">
                                          <a:s>end of </a:s>
                                          <a:s r="26">
                                             <a:s r="25">
                                                <a:s>H</a:s>
                                             </a:s>
                                             <a:s>.</a:s>
                                             <a:s r="26">
                                                <a:s>effective</a:s>
                                             </a:s>
                                          </a:s>
                                       </a:s>
                                       <a:s r="28">  ~  null</a:s>
                                    </a:s>
                                 </a:s>
                                 <a:s>)</a:s>
                              </a:s>
                           </a:s>
                        </a:s>
                     </a:s>
                     <a:s>
   )</a:s>
                  </a:s>
               </a:s>
            </a:s>
         </annotation>
         <expression localId="33" locator="113:4-117:4" xsi:type="Exists">
            <operand localId="32" locator="113:10-117:4" xsi:type="Query">
               <source localId="14" locator="113:11-113:33" alias="H">
                  <expression localId="13" locator="113:11-113:31" name="HIV PREP Active" libraryName="HIC" xsi:type="ExpressionRef"/>
               </source>
               <where localId="31" locator="114:4-116:35" xsi:type="And">
                  <operand localId="19" locator="114:10-114:62" xsi:type="Before">
                     <operand locator="114:22-114:27" xsi:type="Start">
                        <operand name="ToInterval" libraryName="FHIRHelpers" xsi:type="FunctionRef">
                           <operand asType="fhir:Period" xsi:type="As">
                              <operand localId="16" locator="114:10-114:20" path="effective" scope="H" xsi:type="Property"/>
                           </operand>
                        </operand>
                     </operand>
                     <operand xsi:type="ToDateTime">
                        <operand localId="18" locator="114:36-114:62" xsi:type="End">
                           <operand localId="17" locator="114:43-114:62" name="Measurement Period" xsi:type="ParameterRef"/>
                        </operand>
                     </operand>
                  </operand>
                  <operand localId="30" locator="115:9-116:35" xsi:type="Or">
                     <operand localId="24" locator="115:10-115:61" xsi:type="After">
                        <operand locator="115:22-115:25" xsi:type="End">
                           <operand name="ToInterval" libraryName="FHIRHelpers" xsi:type="FunctionRef">
                              <operand asType="fhir:Period" xsi:type="As">
                                 <operand localId="21" locator="115:10-115:20" path="effective" scope="H" xsi:type="Property"/>
                              </operand>
                           </operand>
                        </operand>
                        <operand xsi:type="ToDateTime">
                           <operand localId="23" locator="115:33-115:61" xsi:type="Start">
                              <operand localId="22" locator="115:42-115:61" name="Measurement Period" xsi:type="ParameterRef"/>
                           </operand>
                        </operand>
                     </operand>
                     <operand localId="29" locator="116:8-116:34" xsi:type="Equivalent">
                        <operand localId="27" locator="116:8-116:25" xsi:type="End">
                           <operand name="ToInterval" libraryName="FHIRHelpers" xsi:type="FunctionRef">
                              <operand asType="fhir:Period" xsi:type="As">
                                 <operand localId="26" locator="116:15-116:25" path="effective" scope="H" xsi:type="Property"/>
                              </operand>
                           </operand>
                        </operand>
                        <operand asType="t:DateTime" xsi:type="As">
                           <operand localId="28" locator="116:31-116:34" xsi:type="Null"/>
                        </operand>
                     </operand>
                  </operand>
               </where>
            </operand>
         </expression>
      </def>
      <def localId="66" locator="119:1-126:50" name="denominator" context="Patient" accessLevel="Public">
         <annotation xsi:type="a:Annotation">
            <a:s r="66">
               <a:s>define &quot;denominator&quot;:
	</a:s>
               <a:s r="65">
                  <a:s r="49">
                     <a:s>exists</a:s>
                     <a:s r="48">
                        <a:s>(</a:s>
                        <a:s r="48">
                           <a:s>
                              <a:s r="36">
                                 <a:s r="35">
                                    <a:s>
                                       <a:s>HIC.&quot;HIV Negative Observation&quot;</a:s>
                                    </a:s>
                                 </a:s>
                                 <a:s> O</a:s>
                              </a:s>
                           </a:s>
                           <a:s>
	</a:s>
                           <a:s r="47">
                              <a:s>where </a:s>
                              <a:s r="47">
                                 <a:s>(</a:s>
                                 <a:s r="47">
                                    <a:s r="41">
                                       <a:s r="38">
                                          <a:s r="37">
                                             <a:s>O</a:s>
                                          </a:s>
                                          <a:s>.</a:s>
                                          <a:s r="38">
                                             <a:s>issued</a:s>
                                          </a:s>
                                       </a:s>
                                       <a:s r="41"> before </a:s>
                                       <a:s r="40">
                                          <a:s>end of </a:s>
                                          <a:s r="39">
                                             <a:s>&quot;Measurement Period&quot;</a:s>
                                          </a:s>
                                       </a:s>
                                    </a:s>
                                    <a:s>
	and </a:s>
                                    <a:s r="46">
                                       <a:s r="43">
                                          <a:s r="42">
                                             <a:s>O</a:s>
                                          </a:s>
                                          <a:s>.</a:s>
                                          <a:s r="43">
                                             <a:s>issued</a:s>
                                          </a:s>
                                       </a:s>
                                       <a:s r="46"> after </a:s>
                                       <a:s r="45">
                                          <a:s>start of </a:s>
                                          <a:s r="44">
                                             <a:s>&quot;Measurement Period&quot;</a:s>
                                          </a:s>
                                       </a:s>
                                    </a:s>
                                 </a:s>
                                 <a:s>)</a:s>
                              </a:s>
                           </a:s>
                        </a:s>
                        <a:s>
	)</a:s>
                     </a:s>
                  </a:s>
                  <a:s> and 
    </a:s>
                  <a:s r="64">
                     <a:s>exists</a:s>
                     <a:s r="63">
                        <a:s>(</a:s>
                        <a:s r="63">
                           <a:s>
                              <a:s r="51">
                                 <a:s r="50">
                                    <a:s>
                                       <a:s>HIC.&quot;Client is at elevated risk for HIV acquisition&quot;</a:s>
                                    </a:s>
                                 </a:s>
                                 <a:s> O</a:s>
                              </a:s>
                           </a:s>
                           <a:s>
	</a:s>
                           <a:s r="62">
                              <a:s>where </a:s>
                              <a:s r="62">
                                 <a:s r="56">
                                    <a:s r="53">
                                       <a:s r="52">
                                          <a:s>O</a:s>
                                       </a:s>
                                       <a:s>.</a:s>
                                       <a:s r="53">
                                          <a:s>issued</a:s>
                                       </a:s>
                                    </a:s>
                                    <a:s r="56"> before </a:s>
                                    <a:s r="55">
                                       <a:s>end of </a:s>
                                       <a:s r="54">
                                          <a:s>&quot;Measurement Period&quot;</a:s>
                                       </a:s>
                                    </a:s>
                                 </a:s>
                                 <a:s>
	and </a:s>
                                 <a:s r="61">
                                    <a:s r="58">
                                       <a:s r="57">
                                          <a:s>O</a:s>
                                       </a:s>
                                       <a:s>.</a:s>
                                       <a:s r="58">
                                          <a:s>issued</a:s>
                                       </a:s>
                                    </a:s>
                                    <a:s r="61"> after </a:s>
                                    <a:s r="60">
                                       <a:s>start of </a:s>
                                       <a:s r="59">
                                          <a:s>&quot;Measurement Period&quot;</a:s>
                                       </a:s>
                                    </a:s>
                                 </a:s>
                              </a:s>
                           </a:s>
                        </a:s>
                        <a:s>)</a:s>
                     </a:s>
                  </a:s>
               </a:s>
            </a:s>
         </annotation>
         <expression localId="65" locator="120:2-126:50" xsi:type="And">
            <operand localId="49" locator="120:2-123:2" xsi:type="Exists">
               <operand localId="48" locator="120:8-123:2" xsi:type="Query">
                  <source localId="36" locator="120:9-120:40" alias="O">
                     <expression localId="35" locator="120:9-120:38" name="HIV Negative Observation" libraryName="HIC" xsi:type="ExpressionRef"/>
                  </source>
                  <where localId="47" locator="121:2-122:50" xsi:type="And">
                     <operand localId="41" locator="121:9-121:51" xsi:type="Before">
                        <operand name="ToDateTime" libraryName="FHIRHelpers" xsi:type="FunctionRef">
                           <operand localId="38" locator="121:9-121:16" path="issued" scope="O" xsi:type="Property"/>
                        </operand>
                        <operand xsi:type="ToDateTime">
                           <operand localId="40" locator="121:25-121:51" xsi:type="End">
                              <operand localId="39" locator="121:32-121:51" name="Measurement Period" xsi:type="ParameterRef"/>
                           </operand>
                        </operand>
                     </operand>
                     <operand localId="46" locator="122:6-122:49" xsi:type="After">
                        <operand name="ToDateTime" libraryName="FHIRHelpers" xsi:type="FunctionRef">
                           <operand localId="43" locator="122:6-122:13" path="issued" scope="O" xsi:type="Property"/>
                        </operand>
                        <operand xsi:type="ToDateTime">
                           <operand localId="45" locator="122:21-122:49" xsi:type="Start">
                              <operand localId="44" locator="122:30-122:49" name="Measurement Period" xsi:type="ParameterRef"/>
                           </operand>
                        </operand>
                     </operand>
                  </where>
               </operand>
            </operand>
            <operand localId="64" locator="124:5-126:50" xsi:type="Exists">
               <operand localId="63" locator="124:11-126:50" xsi:type="Query">
                  <source localId="51" locator="124:12-124:65" alias="O">
                     <expression localId="50" locator="124:12-124:63" name="Client is at elevated risk for HIV acquisition" libraryName="HIC" xsi:type="ExpressionRef"/>
                  </source>
                  <where localId="62" locator="125:2-126:49" xsi:type="And">
                     <operand localId="56" locator="125:8-125:50" xsi:type="Before">
                        <operand name="ToDateTime" libraryName="FHIRHelpers" xsi:type="FunctionRef">
                           <operand localId="53" locator="125:8-125:15" path="issued" scope="O" xsi:type="Property"/>
                        </operand>
                        <operand xsi:type="ToDateTime">
                           <operand localId="55" locator="125:24-125:50" xsi:type="End">
                              <operand localId="54" locator="125:31-125:50" name="Measurement Period" xsi:type="ParameterRef"/>
                           </operand>
                        </operand>
                     </operand>
                     <operand localId="61" locator="126:6-126:49" xsi:type="After">
                        <operand name="ToDateTime" libraryName="FHIRHelpers" xsi:type="FunctionRef">
                           <operand localId="58" locator="126:6-126:13" path="issued" scope="O" xsi:type="Property"/>
                        </operand>
                        <operand xsi:type="ToDateTime">
                           <operand localId="60" locator="126:21-126:49" xsi:type="Start">
                              <operand localId="59" locator="126:30-126:49" name="Measurement Period" xsi:type="ParameterRef"/>
                           </operand>
                        </operand>
                     </operand>
                  </where>
               </operand>
            </operand>
         </expression>
      </def>
      <def localId="69" locator="133:1-134:42" name="Administrative Gender Stratifier" context="Patient" accessLevel="Public">
         <annotation xsi:type="a:Annotation">
            <a:s r="69">
               <a:s>/*
 * Disaggregators
 */

define &quot;Administrative Gender Stratifier&quot;:
	</a:s>
               <a:s r="68">
                  <a:s r="67">
                     <a:s>HIC</a:s>
                  </a:s>
                  <a:s>.</a:s>
                  <a:s r="68">
                     <a:s>&quot;By Administrative Gender Stratifier&quot;</a:s>
                  </a:s>
               </a:s>
            </a:s>
         </annotation>
         <expression localId="68" locator="134:2-134:42" name="By Administrative Gender Stratifier" libraryName="HIC" xsi:type="ExpressionRef"/>
      </def>
      <def localId="72" locator="136:1-137:26" name="Age Stratifier" context="Patient" accessLevel="Public">
         <annotation xsi:type="a:Annotation">
            <a:s r="72">
               <a:s>define &quot;Age Stratifier&quot;:
	</a:s>
               <a:s r="71">
                  <a:s r="70">
                     <a:s>HIC</a:s>
                  </a:s>
                  <a:s>.</a:s>
                  <a:s r="71">
                     <a:s>&quot;By Age Stratifier 3&quot;</a:s>
                  </a:s>
               </a:s>
            </a:s>
         </annotation>
         <expression localId="71" locator="137:2-137:26" name="By Age Stratifier 3" libraryName="HIC" xsi:type="ExpressionRef"/>
      </def>
      <def localId="75" locator="139:1-140:38" name="Geographic Region Stratifier" context="Patient" accessLevel="Public">
         <annotation xsi:type="a:Annotation">
            <a:s r="75">
               <a:s>define &quot;Geographic Region Stratifier&quot;:
	</a:s>
               <a:s r="74">
                  <a:s r="73">
                     <a:s>HIC</a:s>
                  </a:s>
                  <a:s>.</a:s>
                  <a:s r="74">
                     <a:s>&quot;By Geographic Region Stratifier&quot;</a:s>
                  </a:s>
               </a:s>
            </a:s>
         </annotation>
         <expression localId="74" locator="140:2-140:38" name="By Geographic Region Stratifier" libraryName="HIC" xsi:type="ExpressionRef"/>
      </def>
      <def localId="78" locator="142:1-143:20" name="patientGroups Stratifier" context="Patient" accessLevel="Public">
         <annotation xsi:type="a:Annotation">
            <a:s r="78">
               <a:s>define &quot;patientGroups Stratifier&quot;:
	</a:s>
               <a:s r="77">
                  <a:s r="76">
                     <a:s>HIC</a:s>
                  </a:s>
                  <a:s>.</a:s>
                  <a:s r="77">
                     <a:s>&quot;patientGroups&quot;</a:s>
                  </a:s>
               </a:s>
            </a:s>
         </annotation>
         <expression localId="77" locator="143:2-143:20" name="patientGroups" libraryName="HIC" xsi:type="ExpressionRef"/>
      </def>
      <def localId="81" locator="145:1-146:17" name="Setting" context="Patient" accessLevel="Public">
         <annotation xsi:type="a:Annotation">
            <a:s r="81">
               <a:s>define &quot;Setting&quot;:
    </a:s>
               <a:s r="80">
                  <a:s r="79">
                     <a:s>HIC</a:s>
                  </a:s>
                  <a:s>.</a:s>
                  <a:s r="80">
                     <a:s>&quot;setting&quot;</a:s>
                  </a:s>
               </a:s>
            </a:s>
         </annotation>
         <expression localId="80" locator="146:5-146:17" name="setting" libraryName="HIC" xsi:type="ExpressionRef"/>
      </def>
      <def localId="84" locator="148:1-149:22" name="prep product" context="Patient" accessLevel="Public">
         <annotation xsi:type="a:Annotation">
            <a:s r="84">
               <a:s>define &quot;prep product&quot;:
    </a:s>
               <a:s r="83">
                  <a:s r="82">
                     <a:s>HIC</a:s>
                  </a:s>
                  <a:s>.</a:s>
                  <a:s r="83">
                     <a:s>&quot;prep_product&quot;</a:s>
                  </a:s>
               </a:s>
            </a:s>
         </annotation>
         <expression localId="83" locator="149:5-149:22" name="prep_product" libraryName="HIC" xsi:type="ExpressionRef"/>
      </def>
      <def localId="87" locator="151:1-152:25" name="prep_experience" context="Patient" accessLevel="Public">
         <annotation xsi:type="a:Annotation">
            <a:s r="87">
               <a:s>define &quot;prep_experience&quot;:
    </a:s>
               <a:s r="86">
                  <a:s r="85">
                     <a:s>HIC</a:s>
                  </a:s>
                  <a:s>.</a:s>
                  <a:s r="86">
                     <a:s>&quot;prep_experience&quot;</a:s>
                  </a:s>
               </a:s>
            </a:s>
         </annotation>
         <expression localId="86" locator="152:5-152:25" name="prep_experience" libraryName="HIC" xsi:type="ExpressionRef"/>
      </def>
      <def localId="90" locator="154:1-155:21" name="prep_dosing" context="Patient" accessLevel="Public">
         <annotation xsi:type="a:Annotation">
            <a:s r="90">
               <a:s>define &quot;prep_dosing&quot;:
    </a:s>
               <a:s r="89">
                  <a:s r="88">
                     <a:s>HIC</a:s>
                  </a:s>
                  <a:s>.</a:s>
                  <a:s r="89">
                     <a:s>&quot;prep_dosing&quot;</a:s>
                  </a:s>
               </a:s>
            </a:s>
         </annotation>
         <expression localId="89" locator="155:5-155:21" name="prep_dosing" libraryName="HIC" xsi:type="ExpressionRef"/>
      </def>
      <def localId="129" locator="159:1-167:31" name="Stratification" context="Patient" accessLevel="Public">
         <annotation xsi:type="a:Annotation">
            <a:s r="129">
               <a:s>// Provider type concepts are not found in DD

define &quot;Stratification&quot;:
 </a:s>
               <a:s r="128">
                  <a:s r="123">
                     <a:s r="118">
                        <a:s r="113">
                           <a:s r="108">
                              <a:s r="103">
                                 <a:s r="100">
                                    <a:s r="98">
                                       <a:s r="95">
                                          <a:s r="93">
                                             <a:s r="92">
                                                <a:s r="91">
                                                   <a:s>HIC</a:s>
                                                </a:s>
                                                <a:s>.</a:s>
                                                <a:s r="92">
                                                   <a:s>&quot;By Administrative Gender Stratifier&quot;</a:s>
                                                </a:s>
                                             </a:s>
                                             <a:s>.</a:s>
                                             <a:s r="93">
                                                <a:s>code</a:s>
                                             </a:s>
                                          </a:s>
                                          <a:s> 
  + </a:s>
                                          <a:s r="94">
                                             <a:s>':'</a:s>
                                          </a:s>
                                       </a:s>
                                       <a:s> + </a:s>
                                       <a:s r="97">
                                          <a:s r="96">
                                             <a:s>HIC</a:s>
                                          </a:s>
                                          <a:s>.</a:s>
                                          <a:s r="97">
                                             <a:s>&quot;By Age Stratifier 3&quot;</a:s>
                                          </a:s>
                                       </a:s>
                                    </a:s>
                                    <a:s>
+ </a:s>
                                    <a:s r="99">
                                       <a:s>':'</a:s>
                                    </a:s>
                                 </a:s>
                                 <a:s> + </a:s>
                                 <a:s r="102">
                                    <a:s r="101">
                                       <a:s>HIC</a:s>
                                    </a:s>
                                    <a:s>.</a:s>
                                    <a:s r="102">
                                       <a:s>&quot;By Geographic Region Stratifier&quot;</a:s>
                                    </a:s>
                                 </a:s>
                              </a:s>
                              <a:s>
+ </a:s>
                              <a:s r="107">
                                 <a:s>Combine(</a:s>
                                 <a:s r="105">
                                    <a:s r="104">
                                       <a:s>HIC</a:s>
                                    </a:s>
                                    <a:s>.</a:s>
                                    <a:s r="105">
                                       <a:s>patientGroups</a:s>
                                    </a:s>
                                 </a:s>
                                 <a:s>, </a:s>
                                 <a:s r="106">
                                    <a:s>':'</a:s>
                                 </a:s>
                                 <a:s>)</a:s>
                              </a:s>
                           </a:s>
                           <a:s>
+ </a:s>
                           <a:s r="112">
                              <a:s>Combine(</a:s>
                              <a:s r="110">
                                 <a:s r="109">
                                    <a:s>HIC</a:s>
                                 </a:s>
                                 <a:s>.</a:s>
                                 <a:s r="110">
                                    <a:s>setting</a:s>
                                 </a:s>
                              </a:s>
                              <a:s>, </a:s>
                              <a:s r="111">
                                 <a:s>':'</a:s>
                              </a:s>
                              <a:s>)</a:s>
                           </a:s>
                        </a:s>
                        <a:s>
+ </a:s>
                        <a:s r="117">
                           <a:s>Combine(</a:s>
                           <a:s r="115">
                              <a:s r="114">
                                 <a:s>HIC</a:s>
                              </a:s>
                              <a:s>.</a:s>
                              <a:s r="115">
                                 <a:s>prep_product</a:s>
                              </a:s>
                           </a:s>
                           <a:s>, </a:s>
                           <a:s r="116">
                              <a:s>':'</a:s>
                           </a:s>
                           <a:s>)</a:s>
                        </a:s>
                     </a:s>
                     <a:s>
+ </a:s>
                     <a:s r="122">
                        <a:s>Combine(</a:s>
                        <a:s r="120">
                           <a:s r="119">
                              <a:s>HIC</a:s>
                           </a:s>
                           <a:s>.</a:s>
                           <a:s r="120">
                              <a:s>prep_experience</a:s>
                           </a:s>
                        </a:s>
                        <a:s>, </a:s>
                        <a:s r="121">
                           <a:s>':'</a:s>
                        </a:s>
                        <a:s>)</a:s>
                     </a:s>
                  </a:s>
                  <a:s>
+ </a:s>
                  <a:s r="127">
                     <a:s>Combine(</a:s>
                     <a:s r="125">
                        <a:s r="124">
                           <a:s>HIC</a:s>
                        </a:s>
                        <a:s>.</a:s>
                        <a:s r="125">
                           <a:s>prep_dosing</a:s>
                        </a:s>
                     </a:s>
                     <a:s>, </a:s>
                     <a:s r="126">
                        <a:s>':'</a:s>
                     </a:s>
                     <a:s>)</a:s>
                  </a:s>
               </a:s>
            </a:s>
         </annotation>
         <expression localId="128" locator="160:2-167:31" xsi:type="Concatenate">
            <operand localId="123" locator="160:2-166:35" xsi:type="Concatenate">
               <operand localId="118" locator="160:2-165:32" xsi:type="Concatenate">
                  <operand localId="113" locator="160:2-164:27" xsi:type="Concatenate">
                     <operand localId="108" locator="160:2-163:33" xsi:type="Concatenate">
                        <operand localId="103" locator="160:2-162:45" xsi:type="Concatenate">
                           <operand localId="100" locator="160:2-162:5" xsi:type="Concatenate">
                              <operand localId="98" locator="160:2-161:35" xsi:type="Concatenate">
                                 <operand localId="95" locator="160:2-161:7" xsi:type="Concatenate">
                                    <operand localId="93" locator="160:2-160:47" path="code" xsi:type="Property">
                                       <source localId="92" locator="160:2-160:42" name="By Administrative Gender Stratifier" libraryName="HIC" xsi:type="ExpressionRef"/>
                                    </operand>
                                    <operand localId="94" locator="161:5-161:7" valueType="t:String" value=":" xsi:type="Literal"/>
                                 </operand>
                                 <operand localId="97" locator="161:11-161:35" name="By Age Stratifier 3" libraryName="HIC" xsi:type="ExpressionRef"/>
                              </operand>
                              <operand localId="99" locator="162:3-162:5" valueType="t:String" value=":" xsi:type="Literal"/>
                           </operand>
                           <operand name="ToString" libraryName="FHIRHelpers" xsi:type="FunctionRef">
                              <operand localId="102" locator="162:9-162:45" name="By Geographic Region Stratifier" libraryName="HIC" xsi:type="ExpressionRef"/>
                           </operand>
                        </operand>
                        <operand localId="107" locator="163:3-163:33" xsi:type="Combine">
                           <source localId="105" locator="163:11-163:27" name="patientGroups" libraryName="HIC" xsi:type="ExpressionRef"/>
                           <separator localId="106" locator="163:30-163:32" valueType="t:String" value=":" xsi:type="Literal"/>
                        </operand>
                     </operand>
                     <operand localId="112" locator="164:3-164:27" xsi:type="Combine">
                        <source localId="110" locator="164:11-164:21" name="setting" libraryName="HIC" xsi:type="ExpressionRef"/>
                        <separator localId="111" locator="164:24-164:26" valueType="t:String" value=":" xsi:type="Literal"/>
                     </operand>
                  </operand>
                  <operand localId="117" locator="165:3-165:32" xsi:type="Combine">
                     <source localId="115" locator="165:11-165:26" name="prep_product" libraryName="HIC" xsi:type="ExpressionRef"/>
                     <separator localId="116" locator="165:29-165:31" valueType="t:String" value=":" xsi:type="Literal"/>
                  </operand>
               </operand>
               <operand localId="122" locator="166:3-166:35" xsi:type="Combine">
                  <source localId="120" locator="166:11-166:29" name="prep_experience" libraryName="HIC" xsi:type="ExpressionRef"/>
                  <separator localId="121" locator="166:32-166:34" valueType="t:String" value=":" xsi:type="Literal"/>
               </operand>
            </operand>
            <operand localId="127" locator="167:3-167:31" xsi:type="Combine">
               <source localId="125" locator="167:11-167:25" name="prep_dosing" libraryName="HIC" xsi:type="ExpressionRef"/>
               <separator localId="126" locator="167:28-167:30" valueType="t:String" value=":" xsi:type="Literal"/>
            </operand>
         </expression>
      </def>
   </statements>
</library>
