<?xml version="1.0" encoding="UTF-8"?>
<library xmlns="urn:hl7-org:elm:r1" xmlns:t="urn:hl7-org:elm-types:r1" xmlns:xsi="http://www.w3.org/2001/XMLSchema-instance" xmlns:xsd="http://www.w3.org/2001/XMLSchema" xmlns:fhir="http://hl7.org/fhir" xmlns:qdm43="urn:healthit-gov:qdm:v4_3" xmlns:qdm53="urn:healthit-gov:qdm:v5_3" xmlns:a="urn:hl7-org:cql-annotations:r1">
   <annotation translatorOptions="EnableAnnotations,EnableLocators,DisableListDemotion,DisableListPromotion" signatureLevel="None" xsi:type="a:CqlToElmInfo"/>
   <annotation message="The function FHIRHelpers.ToInterval has multiple overloads and due to the SignatureLevel setting (None), the overload signature is not being included in the output. This may result in ambiguous function resolution at runtime, consider setting the SignatureLevel to Overloads or All to ensure that the output includes sufficient information to support correct overload selection at runtime." errorType="semantic" errorSeverity="warning" xsi:type="a:CqlToElmError"/>
   <annotation message="The function FHIRHelpers.ToInterval has multiple overloads and due to the SignatureLevel setting (None), the overload signature is not being included in the output. This may result in ambiguous function resolution at runtime, consider setting the SignatureLevel to Overloads or All to ensure that the output includes sufficient information to support correct overload selection at runtime." errorType="semantic" errorSeverity="warning" xsi:type="a:CqlToElmError"/>
   <annotation xsi:type="a:Annotation">
      <a:s r="16">
         <a:s>/**
 * Library: HIV.IND.39 Logic
 * Ref No: VER.3
 * Short Name: Infant ARV prophylaxis coverage
 *
 * Definition: % of HIV-exposed infants who initiated ARV prophylaxis
 *
 * Numerator: Number of HIV-exposed infants born within the past 12 months who were started on ARV prophylaxis at birth
 * Numerator Calculation: COUNT of infants who are an &quot;HIV-exposed infant or child&quot; AND &quot;Infant date of birth&quot; within reporting period AND &quot;Infant ART start date&quot; is on&quot;Infant date of birth&quot;
 * Numerator Exclusions: 
 *
 * Denominator: a) Programme-based/service delivery denominator: Number of HIV-positive women who delivered in a facility within the past 12 months. |  | B) Population-based denominator: Number of HIV-positive women who delivered within the past 12 months.
 * Denominator Calculation: Programme-based/service delivery denominator: | COUNT of women with &quot;HIV status&quot;='HIV-positive' AND &quot;Place of delivery&quot; is a 'Health facility' AND &quot;Delivery date&quot; within reporting period |  | Population-based denominator: | *Estimated number of HIV-positive women who delivered during the past 12 months
 * Denominator Exclusions: 
 *
 * Disaggregations:
 * • ARV drug regimen 
 *  • Cities and other administrative regions of epidemiologic importance
 *
 * Disaggregation Elements: Current ART regimen
 *
 * Numerator and Denominator Elements:
 * Delivery date 
 *  HIV status 
 *  HIV-exposed infant or child 
 *  Infant ART start date 
 *  Infant date of birth 
 *  Place of delivery
 *
 * Reference: Consolidated guidelines on person-centred HIV strategic information: strengthening routine data for impact. Geneva: World Health Organization; 2022
 * 
 * Data Concepts:
 * HIV.B.DE115: HIV status | HIV status reported after applying the national HIV testing algorithm. No single HIV test can provide an HIV-positive diagnosis.
 * HIV.B.DE116: HIV-positive | Client is HIV-positive
 * HIV.B.DE117: HIV-negative | Client is HIV-negative
 * HIV.B.DE118: Unknown | Client has unknown HIV status
 * HIV.D.DE75: Current ART regimen | The current ART regimen the client is taking
 * HIV.E.DE46: Delivery date | Date on which the woman delivered
 * HIV.E.DE67: Place of delivery | The type of place where the woman delivered
 * HIV.E.DE68: Health facility | The woman delivered at a health facility
 * HIV.E.DE69: Home | The woman delivered at home
 * HIV.E.DE70: Other | The woman delivered at another location that is not at home or at a health facility
 * HIV.E.DE87: Infant date of birth | The infant's date of birth (DOB) if known
 * HIV.E.DE112: HIV-exposed infant or child | Whether the infant or child was determined to have had HIV exposure
 * HIV.E.DE229: Infant ART start date | The date on which the infant was started or restarted on antiretroviral therapy (ART)
 * HIV.SRV.DE20: HIV-exposed infant or child | Whether the infant or child was determined to have had HIV exposure
 *
 * Additional Context
 * - what it measures: This indicator measures the delivery of prevention services to HIV-exposed infants immediately after birth.
 * - rationale: • ARV prophylaxis for HIV-exposed infants is critical for reducing the risk of mother-to-child transmission in the immediate postpartum period – part of Prong 3 of the PMTCT strategy. | • In particular, coverage of HIV-exposed infants who are born in facilities should be very high. | • When using the programme-based/service delivery denominator, the indicator measures coverage among only HIV-exposed infants who are born in facilities, which is a direct measure of a programme's ability to meet standards of care.
 * - method: For the numerator: Programme records (for example, PMTCT registers) | a) For the programme-based/service delivery denominator: Programme records, labour and delivery registers | b) For the population-based denominator: Modelling-based estimates (for example, Spectrum AIM). |  | Note: The population-based denominator is a proxy measure for the number of infants born to HIV-infected women. |  | The recommended reporting period is 12 months.
 * 
 * Suggested Scoring Method: proportion | http://hl7.org/fhir/us/cqfmeasures/StructureDefinition/proportion-measure-cqfm
 */

library HIVIND39Logic</a:s>
      </a:s>
   </annotation>
   <identifier id="HIVIND39Logic" system="http://smart.who.int/hiv"/>
   <schemaIdentifier id="urn:hl7-org:elm" version="r1"/>
   <usings>
      <def localIdentifier="System" uri="urn:hl7-org:elm-types:r1"/>
      <def localId="1" locator="59:1-59:26" localIdentifier="FHIR" uri="http://hl7.org/fhir" version="4.0.1">
         <annotation xsi:type="a:Annotation">
            <a:s r="1">
               <a:s>// Included Libraries
using </a:s>
               <a:s>
                  <a:s>FHIR</a:s>
               </a:s>
               <a:s> version '4.0.1'</a:s>
            </a:s>
         </annotation>
      </def>
   </usings>
   <includes>
      <def localId="2" locator="61:1-61:44" localIdentifier="HIC" path="http://smart.who.int/hiv/HIVCommon" version="0.0.1">
         <annotation xsi:type="a:Annotation">
            <a:s r="2">
               <a:s>include </a:s>
               <a:s>
                  <a:s>HIVCommon</a:s>
               </a:s>
               <a:s> version '0.0.1' called HIC</a:s>
            </a:s>
         </annotation>
      </def>
      <def localId="3" locator="62:1-62:35" localIdentifier="FHIRHelpers" path="http://hl7.org/fhir/FHIRHelpers" version="4.0.1">
         <annotation xsi:type="a:Annotation">
            <a:s r="3">
               <a:s>include </a:s>
               <a:s>
                  <a:s>FHIRHelpers</a:s>
               </a:s>
               <a:s> version '4.0.1'</a:s>
            </a:s>
         </annotation>
      </def>
      <def localId="4" locator="64:1-64:29" localIdentifier="WCom" path="http://smart.who.int/hiv/WHOCommon">
         <annotation xsi:type="a:Annotation">
            <a:s r="4">
               <a:s>include </a:s>
               <a:s>
                  <a:s>WHOCommon</a:s>
               </a:s>
               <a:s> called WCom</a:s>
            </a:s>
         </annotation>
      </def>
   </includes>
   <parameters>
      <def localId="10" locator="67:1-67:88" name="Measurement Period" accessLevel="Public">
         <annotation xsi:type="a:Annotation">
            <a:s r="10">
               <a:s>// Indicator Definition
parameter &quot;Measurement Period&quot; </a:s>
               <a:s r="9">
                  <a:s>Interval&lt;</a:s>
                  <a:s r="8">
                     <a:s>Date</a:s>
                  </a:s>
                  <a:s>></a:s>
               </a:s>
               <a:s> default </a:s>
               <a:s r="7">
                  <a:s r="5">Interval[@2023-01-01, @2023-01-30]</a:s>
               </a:s>
            </a:s>
         </annotation>
         <default localId="7" locator="67:55-67:88" lowClosed="true" highClosed="true" xsi:type="Interval">
            <low localId="5" locator="67:64-67:74" xsi:type="Date">
               <year valueType="t:Integer" value="2023" xsi:type="Literal"/>
               <month valueType="t:Integer" value="1" xsi:type="Literal"/>
               <day valueType="t:Integer" value="1" xsi:type="Literal"/>
            </low>
            <high localId="6" locator="67:77-67:87" xsi:type="Date">
               <year valueType="t:Integer" value="2023" xsi:type="Literal"/>
               <month valueType="t:Integer" value="1" xsi:type="Literal"/>
               <day valueType="t:Integer" value="30" xsi:type="Literal"/>
            </high>
         </default>
         <parameterTypeSpecifier localId="9" locator="67:32-67:45" xsi:type="IntervalTypeSpecifier">
            <pointType localId="8" locator="67:41-67:44" name="t:Date" xsi:type="NamedTypeSpecifier"/>
         </parameterTypeSpecifier>
      </def>
   </parameters>
   <contexts>
      <def locator="69:1-69:15" name="Patient"/>
   </contexts>
   <statements>
      <def locator="69:1-69:15" name="Patient" context="Patient">
         <expression xsi:type="SingletonFrom">
            <operand locator="69:1-69:15" dataType="fhir:Patient" templateId="http://hl7.org/fhir/StructureDefinition/Patient" xsi:type="Retrieve"/>
         </expression>
      </def>
      <def localId="12" locator="76:1-77:6" name="Initial Population" context="Patient" accessLevel="Public">
         <annotation xsi:type="a:Annotation">
            <a:s r="12">
               <a:s r="11">/* Populations */

/*
 *Initial Population
 */

define &quot;Initial Population&quot;:
  true</a:s>
            </a:s>
         </annotation>
         <expression localId="11" locator="77:3-77:6" valueType="t:Boolean" value="true" xsi:type="Literal"/>
      </def>
      <def localId="14" locator="86:1-87:6" name="Numerator" context="Patient" accessLevel="Public">
         <annotation xsi:type="a:Annotation">
            <a:s r="14">
               <a:s r="13">/**
 * Numerator
 * 
 * Definition: Number of HIV-exposed infants born within the past 12 months who were started on ARV prophylaxis at birth
 * Calculation: COUNT of infants who are an &quot;HIV-exposed infant or child&quot; AND &quot;Infant date of birth&quot; within reporting period AND &quot;Infant ART start date&quot; is on&quot;Infant date of birth&quot;
 */

define &quot;Numerator&quot;:
  true</a:s>
            </a:s>
         </annotation>
         <expression localId="13" locator="87:3-87:6" valueType="t:Boolean" value="true" xsi:type="Literal"/>
      </def>
      <def localId="16" locator="97:1-98:6" name="Denominator" context="Patient" accessLevel="Public">
         <annotation xsi:type="a:Annotation">
            <a:s r="16">
               <a:s r="15">/**
 * Denominator
 *
 * Definition: a) Programme-based/service delivery denominator: Number of HIV-positive women who delivered in a facility within the past 12 months. |  | B) Population-based denominator: Number of HIV-positive women who delivered within the past 12 months.
 * Calculation: Programme-based/service delivery denominator: | COUNT of women with &quot;HIV status&quot;='HIV-positive' AND &quot;Place of delivery&quot; is a 'Health facility' AND &quot;Delivery date&quot; within reporting period |  | Population-based denominator: | *Estimated number of HIV-positive women who delivered during the past 12 months
 */

define &quot;Denominator&quot;:
  true</a:s>
            </a:s>
         </annotation>
         <expression localId="15" locator="98:3-98:6" valueType="t:Boolean" value="true" xsi:type="Literal"/>
      </def>
   </statements>
</library>
