<?xml version="1.0" encoding="UTF-8"?>
<library xmlns="urn:hl7-org:elm:r1" xmlns:t="urn:hl7-org:elm-types:r1" xmlns:xsi="http://www.w3.org/2001/XMLSchema-instance" xmlns:xsd="http://www.w3.org/2001/XMLSchema" xmlns:fhir="http://hl7.org/fhir" xmlns:qdm43="urn:healthit-gov:qdm:v4_3" xmlns:qdm53="urn:healthit-gov:qdm:v5_3" xmlns:a="urn:hl7-org:cql-annotations:r1">
   <annotation translatorOptions="EnableAnnotations,EnableLocators,DisableListDemotion,DisableListPromotion" signatureLevel="None" xsi:type="a:CqlToElmInfo"/>
   <annotation message="The function FHIRHelpers.ToInterval has multiple overloads and due to the SignatureLevel setting (None), the overload signature is not being included in the output. This may result in ambiguous function resolution at runtime, consider setting the SignatureLevel to Overloads or All to ensure that the output includes sufficient information to support correct overload selection at runtime." errorType="semantic" errorSeverity="warning" xsi:type="a:CqlToElmError"/>
   <annotation message="The function FHIRHelpers.ToInterval has multiple overloads and due to the SignatureLevel setting (None), the overload signature is not being included in the output. This may result in ambiguous function resolution at runtime, consider setting the SignatureLevel to Overloads or All to ensure that the output includes sufficient information to support correct overload selection at runtime." errorType="semantic" errorSeverity="warning" xsi:type="a:CqlToElmError"/>
   <annotation message="The function FHIRHelpers.ToDateTime has multiple overloads and due to the SignatureLevel setting (None), the overload signature is not being included in the output. This may result in ambiguous function resolution at runtime, consider setting the SignatureLevel to Overloads or All to ensure that the output includes sufficient information to support correct overload selection at runtime." errorType="semantic" errorSeverity="warning" xsi:type="a:CqlToElmError"/>
   <annotation message="The function FHIRHelpers.ToDateTime has multiple overloads and due to the SignatureLevel setting (None), the overload signature is not being included in the output. This may result in ambiguous function resolution at runtime, consider setting the SignatureLevel to Overloads or All to ensure that the output includes sufficient information to support correct overload selection at runtime." errorType="semantic" errorSeverity="warning" xsi:type="a:CqlToElmError"/>
   <annotation message="The function FHIRHelpers.ToString has multiple overloads and due to the SignatureLevel setting (None), the overload signature is not being included in the output. This may result in ambiguous function resolution at runtime, consider setting the SignatureLevel to Overloads or All to ensure that the output includes sufficient information to support correct overload selection at runtime." errorType="semantic" errorSeverity="warning" xsi:type="a:CqlToElmError"/>
   <annotation xsi:type="a:Annotation">
      <a:s r="88">
         <a:s>/**
 * Library: HIV.IND.5 Logic
 * Ref No: PRV.5
 * Short Name: Number of PEP recipients
 *
 * Definition: Number of people prescribed PEP during the reporting period
 *
 * Numerator: Number of people prescribed PEP during the reporting period
 * Numerator Calculation: COUNT of clients with &quot;Medications prescribed&quot;='PEP for HIV prevention' AND &quot;Date medications prescribed&quot; within the reporting period
 * Numerator Exclusions: 
 *
 * Denominator: 1
 * Denominator Calculation: 1
 * Denominator Exclusions: 
 *
 * Disaggregations:
 * • Gender (female, male, other*) 
 *  • Age (15-19, 20-24, 25-49, 50+ years) 
 *  • Key populations (men who have sex with men, people living in prisons and other closed settings, people who inject drugs, sex workers, trans and gender diverse people)2 
 *  • Exposure type (occupational, non-occupational violent, non-occupational consensual sex) 
 *  • Provider type (key population-led or community-led organization, public sector provider, other entities such as private for-profit and not-for-profit organizations, including faith-based, international, nongovernmental) 
 *  • Setting: facility-based service (including hospitals, health clinics, general practice offices, etc.) or community-based service (including drop-in centres, community service delivery points, mobile clinics or vans, outreach teams, community support groups, etc.) 
 *  • Cities and other administrative regions of epidemiologic importance
 *
 * Disaggregation Elements: Gender | Age | Key population member type | HIV exposure type
 *
 * Numerator and Denominator Elements:
 * Date medications prescribed 
 *  Medications prescribed
 *
 * Reference: Consolidated guidelines on person-centred HIV strategic information: strengthening routine data for impact. Geneva: World Health Organization; 2022
 * 
 * Data Concepts:
 * HIV.A.DE17: Age | Calculated age (number of years) of the client based on date of birth
 * HIV.A.DE18: Gender* | Gender of the client*
 * HIV.A.DE19: Female | Client identifies as female
 * HIV.A.DE20: Male | Client identifies as male
 * HIV.A.DE21: Transgender male | Client identifies as transgender male
 * HIV.A.DE22: Transgender female | Client identifies as transgender female
 * HIV.A.DE23: Other | Additional category
 * HIV.B.DE50: Key population member type* | The type of key population that the client is included in
 * HIV.B.DE51: Sex worker | Client is a sex worker
 * HIV.B.DE52: Men who have sex with men | Client is a man who has sex with men
 * HIV.B.DE53: Trans and gender-diverse people | Client identifies as trans and gender-diverse
 * HIV.B.DE54: People who inject drugs | Client is a person who injects drugs
 * HIV.B.DE55: People living in prisons and other closed settings | Client lives in a prison or another closed setting
 * HIV.B.DE61: HIV exposure type* | Ways in which the client was exposed to HIV
 * HIV.B.DE62: Occupational | Occupational exposure to HIV
 * HIV.B.DE63: Non-occupational violent | Non-occupational violent exposure to HIV
 * HIV.B.DE64: Non-occupational consensual sex | Exposure to HIV through non-occupational consensual sex
 * HIV.C.DE74: Date medications prescribed | Date the client was prescribed medications
 * HIV.C.DE75: Medications prescribed | Medications the client was prescribed
 * HIV.C.DE76: PrEP for HIV prevention | Client was prescribed pre-exposure prophylaxis (PrEP) for HIV prevention
 * HIV.C.DE77: PEP for HIV prevention | Client was prescribed post-exposure prophylaxis (PEP) for HIV prevention
 * HIV.C.DE78: Other | Client was prescribed other medications
 * HIV.D.DE457: Medications prescribed | Name or regimen code of all other medications prescribed during the visit
 * HIV.D.DE458: Date medications prescribed | Date the medications were prescribed
 * HIV.E.DE114: Key population member type* | The type of key population that the infant's mother is included in
 * HIV.E.DE115: Sex worker | Infant's mother is a sex worker
 * HIV.E.DE116: People who inject drugs | Infant's mother is a person who injects drugs
 * HIV.E.DE117: Trans and gender-diverse people | Infant's mother identifies as trans and gender-diverse
 * HIV.E.DE118: People living in prisons and other closed setting | Infant's mother is in a prison or closed setting
 * HIV.PRV.DE27: Date medications prescribed | Date the client was prescribed medications
 *
 * Additional Context
 * - what it measures: Measure of total number of individuals receiving PEP in a defined period.
 * - rationale: PEP should be offered and initiated as early as possible for all individuals with an exposure that has the potential for HIV transmission, preferably within 72 hours.
 * - method: Individual-level data obtained from programme records
 * 
 * Suggested Scoring Method: continuous-variable | http://hl7.org/fhir/us/cqfmeasures/StructureDefinition/cv-measure-cqfm
 */

library HIVIND5Logic</a:s>
      </a:s>
   </annotation>
   <identifier id="HIVIND5Logic" system="http://smart.who.int/hiv"/>
   <schemaIdentifier id="urn:hl7-org:elm" version="r1"/>
   <usings>
      <def localIdentifier="System" uri="urn:hl7-org:elm-types:r1"/>
      <def localId="1" locator="76:1-76:26" localIdentifier="FHIR" uri="http://hl7.org/fhir" version="4.0.1">
         <annotation xsi:type="a:Annotation">
            <a:s r="1">
               <a:s>// Included Libraries
using </a:s>
               <a:s>
                  <a:s>FHIR</a:s>
               </a:s>
               <a:s> version '4.0.1'</a:s>
            </a:s>
         </annotation>
      </def>
   </usings>
   <includes>
      <def localId="2" locator="78:1-78:44" localIdentifier="HIC" path="http://smart.who.int/hiv/HIVCommon" version="0.0.1">
         <annotation xsi:type="a:Annotation">
            <a:s r="2">
               <a:s>include </a:s>
               <a:s>
                  <a:s>HIVCommon</a:s>
               </a:s>
               <a:s> version '0.0.1' called HIC</a:s>
            </a:s>
         </annotation>
      </def>
      <def localId="3" locator="79:1-79:35" localIdentifier="FHIRHelpers" path="http://hl7.org/fhir/FHIRHelpers" version="4.0.1">
         <annotation xsi:type="a:Annotation">
            <a:s r="3">
               <a:s>include </a:s>
               <a:s>
                  <a:s>FHIRHelpers</a:s>
               </a:s>
               <a:s> version '4.0.1'</a:s>
            </a:s>
         </annotation>
      </def>
      <def localId="4" locator="80:1-80:29" localIdentifier="WCom" path="http://smart.who.int/hiv/WHOCommon">
         <annotation xsi:type="a:Annotation">
            <a:s r="4">
               <a:s>include </a:s>
               <a:s>
                  <a:s>WHOCommon</a:s>
               </a:s>
               <a:s> called WCom</a:s>
            </a:s>
         </annotation>
      </def>
      <def localId="5" locator="82:1-82:29" localIdentifier="HE" path="http://smart.who.int/hiv/HIVElements">
         <annotation xsi:type="a:Annotation">
            <a:s r="5">
               <a:s>include </a:s>
               <a:s>
                  <a:s>HIVElements</a:s>
               </a:s>
               <a:s> called HE</a:s>
            </a:s>
         </annotation>
      </def>
      <def localId="6" locator="83:1-83:39" localIdentifier="HIE" path="http://smart.who.int/hiv/HIVIndicatorElements">
         <annotation xsi:type="a:Annotation">
            <a:s r="6">
               <a:s>include </a:s>
               <a:s>
                  <a:s>HIVIndicatorElements</a:s>
               </a:s>
               <a:s> called HIE</a:s>
            </a:s>
         </annotation>
      </def>
   </includes>
   <parameters>
      <def localId="12" locator="86:1-86:88" name="Measurement Period" accessLevel="Public">
         <annotation xsi:type="a:Annotation">
            <a:s r="12">
               <a:s>// Indicator Definition
parameter &quot;Measurement Period&quot; </a:s>
               <a:s r="11">
                  <a:s>Interval&lt;</a:s>
                  <a:s r="10">
                     <a:s>Date</a:s>
                  </a:s>
                  <a:s>></a:s>
               </a:s>
               <a:s> default </a:s>
               <a:s r="9">
                  <a:s r="7">Interval[@2023-01-01, @2023-01-30]</a:s>
               </a:s>
            </a:s>
         </annotation>
         <default localId="9" locator="86:55-86:88" lowClosed="true" highClosed="true" xsi:type="Interval">
            <low localId="7" locator="86:64-86:74" xsi:type="Date">
               <year valueType="t:Integer" value="2023" xsi:type="Literal"/>
               <month valueType="t:Integer" value="1" xsi:type="Literal"/>
               <day valueType="t:Integer" value="1" xsi:type="Literal"/>
            </low>
            <high localId="8" locator="86:77-86:87" xsi:type="Date">
               <year valueType="t:Integer" value="2023" xsi:type="Literal"/>
               <month valueType="t:Integer" value="1" xsi:type="Literal"/>
               <day valueType="t:Integer" value="30" xsi:type="Literal"/>
            </high>
         </default>
         <parameterTypeSpecifier localId="11" locator="86:32-86:45" xsi:type="IntervalTypeSpecifier">
            <pointType localId="10" locator="86:41-86:44" name="t:Date" xsi:type="NamedTypeSpecifier"/>
         </parameterTypeSpecifier>
      </def>
   </parameters>
   <contexts>
      <def locator="88:1-88:15" name="Patient"/>
   </contexts>
   <statements>
      <def locator="88:1-88:15" name="Patient" context="Patient">
         <expression xsi:type="SingletonFrom">
            <operand locator="88:1-88:15" dataType="fhir:Patient" templateId="http://hl7.org/fhir/StructureDefinition/Patient" xsi:type="Retrieve"/>
         </expression>
      </def>
      <def localId="28" locator="89:1-92:58" name="Measure Population" context="Patient" accessLevel="Public">
         <annotation xsi:type="a:Annotation">
            <a:s r="28">
               <a:s>define &quot;Measure Population&quot;:
  </a:s>
               <a:s r="27">
                  <a:s>exists</a:s>
                  <a:s r="26">
                     <a:s>(</a:s>
                     <a:s r="26">
                        <a:s>
                           <a:s r="14">
                              <a:s r="13">
                                 <a:s>
                                    <a:s>HE.&quot;PEP Prescription&quot;</a:s>
                                 </a:s>
                              </a:s>
                              <a:s> MR</a:s>
                           </a:s>
                        </a:s>
                        <a:s>
  </a:s>
                        <a:s r="25">
                           <a:s>where </a:s>
                           <a:s r="25">
                              <a:s r="19">
                                 <a:s r="16">
                                    <a:s r="15">
                                       <a:s>MR</a:s>
                                    </a:s>
                                    <a:s>.</a:s>
                                    <a:s r="16">
                                       <a:s>authoredOn</a:s>
                                    </a:s>
                                 </a:s>
                                 <a:s r="19"> before </a:s>
                                 <a:s r="18">
                                    <a:s>end of  </a:s>
                                    <a:s r="17">
                                       <a:s>&quot;Measurement Period&quot;</a:s>
                                    </a:s>
                                 </a:s>
                              </a:s>
                              <a:s>
  and  </a:s>
                              <a:s r="24">
                                 <a:s r="21">
                                    <a:s r="20">
                                       <a:s>MR</a:s>
                                    </a:s>
                                    <a:s>.</a:s>
                                    <a:s r="21">
                                       <a:s>authoredOn</a:s>
                                    </a:s>
                                 </a:s>
                                 <a:s r="24"> after </a:s>
                                 <a:s r="23">
                                    <a:s>start of  </a:s>
                                    <a:s r="22">
                                       <a:s>&quot;Measurement Period&quot;</a:s>
                                    </a:s>
                                 </a:s>
                              </a:s>
                           </a:s>
                        </a:s>
                     </a:s>
                     <a:s>)</a:s>
                  </a:s>
               </a:s>
            </a:s>
         </annotation>
         <expression localId="27" locator="90:3-92:58" xsi:type="Exists">
            <operand localId="26" locator="90:9-92:58" xsi:type="Query">
               <source localId="14" locator="90:10-90:33" alias="MR">
                  <expression localId="13" locator="90:10-90:30" name="PEP Prescription" libraryName="HE" xsi:type="ExpressionRef"/>
               </source>
               <where localId="25" locator="91:3-92:57" xsi:type="And">
                  <operand localId="19" locator="91:9-91:57" xsi:type="Before">
                     <operand name="ToDateTime" libraryName="FHIRHelpers" xsi:type="FunctionRef">
                        <operand localId="16" locator="91:9-91:21" path="authoredOn" scope="MR" xsi:type="Property"/>
                     </operand>
                     <operand xsi:type="ToDateTime">
                        <operand localId="18" locator="91:30-91:57" xsi:type="End">
                           <operand localId="17" locator="91:38-91:57" name="Measurement Period" xsi:type="ParameterRef"/>
                        </operand>
                     </operand>
                  </operand>
                  <operand localId="24" locator="92:8-92:57" xsi:type="After">
                     <operand name="ToDateTime" libraryName="FHIRHelpers" xsi:type="FunctionRef">
                        <operand localId="21" locator="92:8-92:20" path="authoredOn" scope="MR" xsi:type="Property"/>
                     </operand>
                     <operand xsi:type="ToDateTime">
                        <operand localId="23" locator="92:28-92:57" xsi:type="Start">
                           <operand localId="22" locator="92:38-92:57" name="Measurement Period" xsi:type="ParameterRef"/>
                        </operand>
                     </operand>
                  </operand>
               </where>
            </operand>
         </expression>
      </def>
      <def localId="30" locator="97:1-98:6" name="Initial Population" context="Patient" accessLevel="Public">
         <annotation xsi:type="a:Annotation">
            <a:s r="30">
               <a:s r="29">/*
 * As defined by Member States
 */
define &quot;Initial Population&quot;:
  true</a:s>
            </a:s>
         </annotation>
         <expression localId="29" locator="98:3-98:6" valueType="t:Boolean" value="true" xsi:type="Literal"/>
      </def>
      <def localId="33" locator="104:1-105:3" name="Measure Observation" context="Patient" accessLevel="Public" xsi:type="FunctionDef">
         <annotation xsi:type="a:Annotation">
            <a:s r="33">
               <a:s>/*
 * NOTE: Modeled as a Continuous Variable measure because this is an estimated denominator proportion measure
 */

define function &quot;Measure Observation&quot;(Patient &quot;Patient&quot;):
  </a:s>
               <a:s r="32">
                  <a:s r="32">1</a:s>
               </a:s>
            </a:s>
         </annotation>
         <expression localId="32" locator="105:3" valueType="t:Integer" value="1" xsi:type="Literal"/>
         <operand name="Patient">
            <operandTypeSpecifier localId="31" locator="104:47-104:55" name="fhir:Patient" xsi:type="NamedTypeSpecifier"/>
         </operand>
      </def>
      <def localId="36" locator="111:1-112:42" name="Administrative Gender Stratifier" context="Patient" accessLevel="Public">
         <annotation xsi:type="a:Annotation">
            <a:s r="36">
               <a:s>/*
 * Disaggregators
 */

define &quot;Administrative Gender Stratifier&quot;:
	</a:s>
               <a:s r="35">
                  <a:s r="34">
                     <a:s>HIE</a:s>
                  </a:s>
                  <a:s>.</a:s>
                  <a:s r="35">
                     <a:s>&quot;By Administrative Gender Stratifier&quot;</a:s>
                  </a:s>
               </a:s>
            </a:s>
         </annotation>
         <expression localId="35" locator="112:2-112:42" name="By Administrative Gender Stratifier" libraryName="HIE" xsi:type="ExpressionRef"/>
      </def>
      <def localId="39" locator="114:1-115:26" name="Age Stratifier" context="Patient" accessLevel="Public">
         <annotation xsi:type="a:Annotation">
            <a:s r="39">
               <a:s>define &quot;Age Stratifier&quot;:
	</a:s>
               <a:s r="38">
                  <a:s r="37">
                     <a:s>HIE</a:s>
                  </a:s>
                  <a:s>.</a:s>
                  <a:s r="38">
                     <a:s>&quot;By Age Stratifier 3&quot;</a:s>
                  </a:s>
               </a:s>
            </a:s>
         </annotation>
         <expression localId="38" locator="115:2-115:26" name="By Age Stratifier 3" libraryName="HIE" xsi:type="ExpressionRef"/>
      </def>
      <def localId="42" locator="117:1-118:38" name="Geographic Region Stratifier" context="Patient" accessLevel="Public">
         <annotation xsi:type="a:Annotation">
            <a:s r="42">
               <a:s>define &quot;Geographic Region Stratifier&quot;:
	</a:s>
               <a:s r="41">
                  <a:s r="40">
                     <a:s>HIE</a:s>
                  </a:s>
                  <a:s>.</a:s>
                  <a:s r="41">
                     <a:s>&quot;By Geographic Region Stratifier&quot;</a:s>
                  </a:s>
               </a:s>
            </a:s>
         </annotation>
         <expression localId="41" locator="118:2-118:38" name="By Geographic Region Stratifier" libraryName="HIE" xsi:type="ExpressionRef"/>
      </def>
      <def localId="45" locator="120:1-121:20" name="patientGroups Stratifier" context="Patient" accessLevel="Public">
         <annotation xsi:type="a:Annotation">
            <a:s r="45">
               <a:s>define &quot;patientGroups Stratifier&quot;:
	</a:s>
               <a:s r="44">
                  <a:s r="43">
                     <a:s>HIE</a:s>
                  </a:s>
                  <a:s>.</a:s>
                  <a:s r="44">
                     <a:s>&quot;patientGroups&quot;</a:s>
                  </a:s>
               </a:s>
            </a:s>
         </annotation>
         <expression localId="44" locator="121:2-121:20" name="patientGroups" libraryName="HIE" xsi:type="ExpressionRef"/>
      </def>
      <def localId="48" locator="123:1-124:22" name="prep product" context="Patient" accessLevel="Public">
         <annotation xsi:type="a:Annotation">
            <a:s r="48">
               <a:s>define &quot;prep product&quot;:
    </a:s>
               <a:s r="47">
                  <a:s r="46">
                     <a:s>HIE</a:s>
                  </a:s>
                  <a:s>.</a:s>
                  <a:s r="47">
                     <a:s>&quot;prep_product&quot;</a:s>
                  </a:s>
               </a:s>
            </a:s>
         </annotation>
         <expression localId="47" locator="124:5-124:22" name="prep_product" libraryName="HIE" xsi:type="ExpressionRef"/>
      </def>
      <def localId="51" locator="126:1-127:17" name="Setting" context="Patient" accessLevel="Public">
         <annotation xsi:type="a:Annotation">
            <a:s r="51">
               <a:s>define &quot;Setting&quot;:
    </a:s>
               <a:s r="50">
                  <a:s r="49">
                     <a:s>HIE</a:s>
                  </a:s>
                  <a:s>.</a:s>
                  <a:s r="50">
                     <a:s>&quot;setting&quot;</a:s>
                  </a:s>
               </a:s>
            </a:s>
         </annotation>
         <expression localId="50" locator="127:5-127:17" name="setting" libraryName="HIE" xsi:type="ExpressionRef"/>
      </def>
      <def localId="54" locator="129:1-130:27" name="hiv_exposure_type" context="Patient" accessLevel="Public">
         <annotation xsi:type="a:Annotation">
            <a:s r="54">
               <a:s>define &quot;hiv_exposure_type&quot;:
    </a:s>
               <a:s r="53">
                  <a:s r="52">
                     <a:s>HIE</a:s>
                  </a:s>
                  <a:s>.</a:s>
                  <a:s r="53">
                     <a:s>&quot;hiv_exposure_type&quot;</a:s>
                  </a:s>
               </a:s>
            </a:s>
         </annotation>
         <expression localId="53" locator="130:5-130:27" name="hiv_exposure_type" libraryName="HIE" xsi:type="ExpressionRef"/>
      </def>
      <def localId="88" locator="134:1-141:39" name="Stratification" context="Patient" accessLevel="Public">
         <annotation xsi:type="a:Annotation">
            <a:s r="88">
               <a:s>//provider type not provided?

define &quot;Stratification&quot;:
 </a:s>
               <a:s r="87">
                  <a:s r="82">
                     <a:s r="77">
                        <a:s r="72">
                           <a:s r="67">
                              <a:s r="64">
                                 <a:s r="62">
                                    <a:s r="59">
                                       <a:s r="57">
                                          <a:s r="56">
                                             <a:s r="55">
                                                <a:s>HIE</a:s>
                                             </a:s>
                                             <a:s>.</a:s>
                                             <a:s r="56">
                                                <a:s>&quot;By Administrative Gender Stratifier&quot;</a:s>
                                             </a:s>
                                          </a:s>
                                          <a:s>.</a:s>
                                          <a:s r="57">
                                             <a:s>code</a:s>
                                          </a:s>
                                       </a:s>
                                       <a:s> 
  + </a:s>
                                       <a:s r="58">
                                          <a:s>':'</a:s>
                                       </a:s>
                                    </a:s>
                                    <a:s> + </a:s>
                                    <a:s r="61">
                                       <a:s r="60">
                                          <a:s>HIE</a:s>
                                       </a:s>
                                       <a:s>.</a:s>
                                       <a:s r="61">
                                          <a:s>&quot;By Age Stratifier 3&quot;</a:s>
                                       </a:s>
                                    </a:s>
                                 </a:s>
                                 <a:s>
+ </a:s>
                                 <a:s r="63">
                                    <a:s>':'</a:s>
                                 </a:s>
                              </a:s>
                              <a:s> + </a:s>
                              <a:s r="66">
                                 <a:s r="65">
                                    <a:s>HIE</a:s>
                                 </a:s>
                                 <a:s>.</a:s>
                                 <a:s r="66">
                                    <a:s>&quot;By Geographic Region Stratifier&quot;</a:s>
                                 </a:s>
                              </a:s>
                           </a:s>
                           <a:s>
+ </a:s>
                           <a:s r="71">
                              <a:s>Combine(</a:s>
                              <a:s r="69">
                                 <a:s r="68">
                                    <a:s>HIE</a:s>
                                 </a:s>
                                 <a:s>.</a:s>
                                 <a:s r="69">
                                    <a:s>patientGroups</a:s>
                                 </a:s>
                              </a:s>
                              <a:s>, </a:s>
                              <a:s r="70">
                                 <a:s>':'</a:s>
                              </a:s>
                              <a:s>)</a:s>
                           </a:s>
                        </a:s>
                        <a:s>
+ </a:s>
                        <a:s r="76">
                           <a:s>Combine(</a:s>
                           <a:s r="74">
                              <a:s r="73">
                                 <a:s>HIE</a:s>
                              </a:s>
                              <a:s>.</a:s>
                              <a:s r="74">
                                 <a:s>setting</a:s>
                              </a:s>
                           </a:s>
                           <a:s>, </a:s>
                           <a:s r="75">
                              <a:s>':'</a:s>
                           </a:s>
                           <a:s>)</a:s>
                        </a:s>
                     </a:s>
                     <a:s>
+ </a:s>
                     <a:s r="81">
                        <a:s>Combine(</a:s>
                        <a:s r="79">
                           <a:s r="78">
                              <a:s>HIE</a:s>
                           </a:s>
                           <a:s>.</a:s>
                           <a:s r="79">
                              <a:s>prep_product</a:s>
                           </a:s>
                        </a:s>
                        <a:s>, </a:s>
                        <a:s r="80">
                           <a:s>':'</a:s>
                        </a:s>
                        <a:s>)</a:s>
                     </a:s>
                  </a:s>
                  <a:s>
+ </a:s>
                  <a:s r="86">
                     <a:s>Combine(</a:s>
                     <a:s r="84">
                        <a:s r="83">
                           <a:s>HIE</a:s>
                        </a:s>
                        <a:s>.</a:s>
                        <a:s r="84">
                           <a:s>&quot;hiv_exposure_type&quot;</a:s>
                        </a:s>
                     </a:s>
                     <a:s>, </a:s>
                     <a:s r="85">
                        <a:s>':'</a:s>
                     </a:s>
                     <a:s>)</a:s>
                  </a:s>
               </a:s>
            </a:s>
         </annotation>
         <expression localId="87" locator="135:2-141:39" xsi:type="Concatenate">
            <operand localId="82" locator="135:2-140:32" xsi:type="Concatenate">
               <operand localId="77" locator="135:2-139:27" xsi:type="Concatenate">
                  <operand localId="72" locator="135:2-138:33" xsi:type="Concatenate">
                     <operand localId="67" locator="135:2-137:45" xsi:type="Concatenate">
                        <operand localId="64" locator="135:2-137:5" xsi:type="Concatenate">
                           <operand localId="62" locator="135:2-136:35" xsi:type="Concatenate">
                              <operand localId="59" locator="135:2-136:7" xsi:type="Concatenate">
                                 <operand localId="57" locator="135:2-135:47" path="code" xsi:type="Property">
                                    <source localId="56" locator="135:2-135:42" name="By Administrative Gender Stratifier" libraryName="HIE" xsi:type="ExpressionRef"/>
                                 </operand>
                                 <operand localId="58" locator="136:5-136:7" valueType="t:String" value=":" xsi:type="Literal"/>
                              </operand>
                              <operand localId="61" locator="136:11-136:35" name="By Age Stratifier 3" libraryName="HIE" xsi:type="ExpressionRef"/>
                           </operand>
                           <operand localId="63" locator="137:3-137:5" valueType="t:String" value=":" xsi:type="Literal"/>
                        </operand>
                        <operand name="ToString" libraryName="FHIRHelpers" xsi:type="FunctionRef">
                           <operand localId="66" locator="137:9-137:45" name="By Geographic Region Stratifier" libraryName="HIE" xsi:type="ExpressionRef"/>
                        </operand>
                     </operand>
                     <operand localId="71" locator="138:3-138:33" xsi:type="Combine">
                        <source localId="69" locator="138:11-138:27" name="patientGroups" libraryName="HIE" xsi:type="ExpressionRef"/>
                        <separator localId="70" locator="138:30-138:32" valueType="t:String" value=":" xsi:type="Literal"/>
                     </operand>
                  </operand>
                  <operand localId="76" locator="139:3-139:27" xsi:type="Combine">
                     <source localId="74" locator="139:11-139:21" name="setting" libraryName="HIE" xsi:type="ExpressionRef"/>
                     <separator localId="75" locator="139:24-139:26" valueType="t:String" value=":" xsi:type="Literal"/>
                  </operand>
               </operand>
               <operand localId="81" locator="140:3-140:32" xsi:type="Combine">
                  <source localId="79" locator="140:11-140:26" name="prep_product" libraryName="HIE" xsi:type="ExpressionRef"/>
                  <separator localId="80" locator="140:29-140:31" valueType="t:String" value=":" xsi:type="Literal"/>
               </operand>
            </operand>
            <operand localId="86" locator="141:3-141:39" xsi:type="Combine">
               <source localId="84" locator="141:11-141:33" name="hiv_exposure_type" libraryName="HIE" xsi:type="ExpressionRef"/>
               <separator localId="85" locator="141:36-141:38" valueType="t:String" value=":" xsi:type="Literal"/>
            </operand>
         </expression>
      </def>
   </statements>
</library>
