<?xml version="1.0" encoding="UTF-8"?>
<library xmlns="urn:hl7-org:elm:r1" xmlns:t="urn:hl7-org:elm-types:r1" xmlns:xsi="http://www.w3.org/2001/XMLSchema-instance" xmlns:xsd="http://www.w3.org/2001/XMLSchema" xmlns:fhir="http://hl7.org/fhir" xmlns:qdm43="urn:healthit-gov:qdm:v4_3" xmlns:qdm53="urn:healthit-gov:qdm:v5_3" xmlns:a="urn:hl7-org:cql-annotations:r1">
   <annotation translatorOptions="EnableAnnotations,EnableLocators,DisableListDemotion,DisableListPromotion" signatureLevel="None" xsi:type="a:CqlToElmInfo"/>
   <annotation message="The function FHIRHelpers.ToInterval has multiple overloads and due to the SignatureLevel setting (None), the overload signature is not being included in the output. This may result in ambiguous function resolution at runtime, consider setting the SignatureLevel to Overloads or All to ensure that the output includes sufficient information to support correct overload selection at runtime." errorType="semantic" errorSeverity="warning" xsi:type="a:CqlToElmError"/>
   <annotation message="The function FHIRHelpers.ToDateTime has multiple overloads and due to the SignatureLevel setting (None), the overload signature is not being included in the output. This may result in ambiguous function resolution at runtime, consider setting the SignatureLevel to Overloads or All to ensure that the output includes sufficient information to support correct overload selection at runtime." errorType="semantic" errorSeverity="warning" xsi:type="a:CqlToElmError"/>
   <annotation message="The function FHIRHelpers.ToDateTime has multiple overloads and due to the SignatureLevel setting (None), the overload signature is not being included in the output. This may result in ambiguous function resolution at runtime, consider setting the SignatureLevel to Overloads or All to ensure that the output includes sufficient information to support correct overload selection at runtime." errorType="semantic" errorSeverity="warning" xsi:type="a:CqlToElmError"/>
   <annotation message="The function FHIRHelpers.ToDateTime has multiple overloads and due to the SignatureLevel setting (None), the overload signature is not being included in the output. This may result in ambiguous function resolution at runtime, consider setting the SignatureLevel to Overloads or All to ensure that the output includes sufficient information to support correct overload selection at runtime." errorType="semantic" errorSeverity="warning" xsi:type="a:CqlToElmError"/>
   <annotation message="The function FHIRHelpers.ToDateTime has multiple overloads and due to the SignatureLevel setting (None), the overload signature is not being included in the output. This may result in ambiguous function resolution at runtime, consider setting the SignatureLevel to Overloads or All to ensure that the output includes sufficient information to support correct overload selection at runtime." errorType="semantic" errorSeverity="warning" xsi:type="a:CqlToElmError"/>
   <annotation message="The function FHIRHelpers.ToString has multiple overloads and due to the SignatureLevel setting (None), the overload signature is not being included in the output. This may result in ambiguous function resolution at runtime, consider setting the SignatureLevel to Overloads or All to ensure that the output includes sufficient information to support correct overload selection at runtime." errorType="semantic" errorSeverity="warning" xsi:type="a:CqlToElmError"/>
   <annotation xsi:type="a:Annotation">
      <a:s r="86">
         <a:s>/*
 * Library: HIV.IND.20 Logic
 * Ref No: HTS.3
 * Short Name: Individuals testing positive for HIV
 *
 * Definition: % testing positive among people who received an HIV test in the reporting period
 *
 * Numerator: Number of people who test HIV-positive in the reporting period and have results returned to them*
 * Numerator Calculation: COUNT of clients with &quot;HIV test result&quot;='HIV-positive' AND &quot;HIV test date&quot; in the reporting period AND ((&quot;Date HIV test results returned&quot; in the reporting period) OR (&quot;HIV diagnosis date&quot; in the reporting period))
 * Numerator Exclusions: 
 *
 * Denominator: Number of people receiving an HIV test in the reporting period
 * Denominator Calculation: COUNT of clients with &quot;HIV test date&quot; in the reporting period AND &quot;Date HIV test results returned&quot; in the reporting period
 * Denominator Exclusions: 
 *
 * Disaggregations:
 * • Gender (female, male, other**)
 * • Age (0–4, 5–9, 10–14, 15–19, 20–24, 25–29, 30–34, 35–39, 40–44, 45–49, 50+ years)***
 * • Key populations (men who have sex with men, people living in prisons and other closed settings, people who inject drugs, sex workers, trans and gender diverse people)****
 * • TB status (presumptive TB, diagnosed TB, none)
 * • Testing entry point:
 * - Facility-level testing: Provider-initiated testing and counselling in clinics or emergency facilities, ANC clinics (including labour and delivery), voluntary counselling and testing (within a health facility setting), family planning clinics (only in high HIV burden settings), TB clinics, other facility-level testing
 * - Community-level testing: Mobile testing (for example, through vans or temporary testing facilities), voluntary counselling and testing (VCT) centres (not within a health facility setting), other community-based testing.
 * • Cities and other administrative regions of epidemiologic importance
 * 
 * Disaggregation Elements: Gender | Age | Key population member type | TB diagnosis result | Presumptive TB | Testing entry point
 *
 * Numerator and Denominator Elements:
 * Date HIV test results returned | HIV diagnosis date | HIV test date | HIV test result
 *
 * Reference: Consolidated guidelines on person-centred HIV strategic information: strengthening routine data for impact. Geneva: World Health Organization; 2022
 * 
 * Data Concepts:
 *  
 * HIV.A.DE17: Age | Calculated age (number of years) of the client based on date of birth 
 * HIV.A.DE18: Gender* | Gender of the client* 
 * HIV.A.DE19: Female | Client identifies as female 
 * HIV.A.DE20: Male | Client identifies as male 
 * HIV.A.DE21: Transgender male | Client identifies as transgender male 
 * HIV.A.DE22: Transgender female | Client identifies as transgender female 
 * HIV.A.DE23: Other | Additional category 
 * HIV.B.DE15: Testing entry point | Whether testing is happening in the community or at a facility 
 * HIV.B.DE16: Community-level testing | Testing is happening in the community, which includes mobile testing 
 * HIV.B.DE17: Facility-level testing | Testing is happening at a facility 
 * HIV.B.DE50: Key population member type* | The type of key population that the client is included in 
 * HIV.B.DE51: Sex worker | Client is a sex worker 
 * HIV.B.DE52: Men who have sex with men | Client is a man who has sex with men 
 * HIV.B.DE53: Trans and gender-diverse people | Client identifies as trans and gender-diverse 
 * HIV.B.DE54: People who inject drugs | Client is a person who injects drugs 
 * HIV.B.DE55: People living in prisons and other closed settings | Client lives in a prison or another closed setting 
 * HIV.B.DE60: Date HIV test results returned | Date HIV test result returned to client 
 * HIV.B.DE71: HIV diagnosis date | Date diagnosis was returned to client 
 * HIV.B.DE110: HIV test date | Date of the HIV test 
 * HIV.B.DE111: HIV test result | The result from HIV testing after applying the testing algorithm 
 * HIV.B.DE112: HIV-positive | Test result is HIV-positive 
 * HIV.B.DE113: HIV-negative | Test result is HIV-negative 
 * HIV.B.DE114: HIV-inconclusive | Test result is HIV-inconclusive 
 * HIV.D.DE282: Presumptive TB | Client's comorbidities or coinfections or symptoms of these include presumptive TB 
 * HIV.D.DE939: TB diagnosis result | Final result of the TB investigation (bacteriological and/or clinical) 
 * HIV.D.DE940: Diagnosed TB | Client is diagnosed with TB disease 
 * HIV.D.DE941: TB excluded | Client is not diagnosed with TB 
 * HIV.D.DE945: Presumptive TB | Client has signs or symptoms of tuberculosis (TB) without laboratory confirmation 
 * HIV.E.DE114: Key population member type* | The type of key population that the infant's mother is included in 
 * HIV.E.DE115: Sex worker | Infant's mother is a sex worker 
 * HIV.E.DE116: People who inject drugs | Infant's mother is a person who injects drugs 
 * HIV.E.DE117: Trans and gender-diverse people | Infant's mother identifies as trans and gender-diverse 
 * HIV.E.DE118: People living in prisons and other closed setting | Infant's mother is in a prison or closed setting 
 * HIV.E.DE224: HIV test date | Date of the HIV test
 *
 * Additional Context
 * - what it measures: Measures the proportion of people testing positive for HIV. Individuals receiving more than one HIV test in the reporting period are counted only once in the denominator.
 * - rationale: Knowing the HIV test positivity among individuals by testing approach is critical to understanding the reach of HIV testing services, and the number of people aware of their status and receiving person-centred services.
 * - method: For the numerator and denominator: Patient monitoring tools, for example, HIV testing service records, HTS or lab registers, logbooks and reporting forms at facility and community levels or EMRs
 * 
 * Suggested Scoring Method: proportion | http://hl7.org/fhir/us/cqfmeasures/StructureDefinition/proportion-measure-cqfm
 */

library HIVIND20Logic</a:s>
      </a:s>
   </annotation>
   <identifier id="HIVIND20Logic" system="http://smart.who.int/hiv"/>
   <schemaIdentifier id="urn:hl7-org:elm" version="r1"/>
   <usings>
      <def localIdentifier="System" uri="urn:hl7-org:elm-types:r1"/>
      <def localId="1" locator="81:1-81:26" localIdentifier="FHIR" uri="http://hl7.org/fhir" version="4.0.1">
         <annotation xsi:type="a:Annotation">
            <a:s r="1">
               <a:s>// Included Libraries
using </a:s>
               <a:s>
                  <a:s>FHIR</a:s>
               </a:s>
               <a:s> version '4.0.1'</a:s>
            </a:s>
         </annotation>
      </def>
   </usings>
   <includes>
      <def localId="2" locator="83:1-83:53" localIdentifier="HIC" path="http://smart.who.int/hiv/HIVIndicatorCommon" version="0.0.1">
         <annotation xsi:type="a:Annotation">
            <a:s r="2">
               <a:s>include </a:s>
               <a:s>
                  <a:s>HIVIndicatorCommon</a:s>
               </a:s>
               <a:s> version '0.0.1' called HIC</a:s>
            </a:s>
         </annotation>
      </def>
      <def localId="3" locator="84:1-84:35" localIdentifier="FHIRHelpers" path="http://smart.who.int/hiv/FHIRHelpers" version="4.0.1">
         <annotation xsi:type="a:Annotation">
            <a:s r="3">
               <a:s>include </a:s>
               <a:s>
                  <a:s>FHIRHelpers</a:s>
               </a:s>
               <a:s> version '4.0.1'</a:s>
            </a:s>
         </annotation>
      </def>
      <def localId="4" locator="85:1-85:29" localIdentifier="WCom" path="http://smart.who.int/hiv/WHOCommon">
         <annotation xsi:type="a:Annotation">
            <a:s r="4">
               <a:s>include </a:s>
               <a:s>
                  <a:s>WHOCommon</a:s>
               </a:s>
               <a:s> called WCom</a:s>
            </a:s>
         </annotation>
      </def>
      <def localId="5" locator="86:1-86:28" localIdentifier="FC" path="http://smart.who.int/hiv/FHIRCommon">
         <annotation xsi:type="a:Annotation">
            <a:s r="5">
               <a:s>include </a:s>
               <a:s>
                  <a:s>FHIRCommon</a:s>
               </a:s>
               <a:s> called FC</a:s>
            </a:s>
         </annotation>
      </def>
   </includes>
   <parameters>
      <def localId="11" locator="90:1-90:88" name="Measurement Period" accessLevel="Public">
         <annotation xsi:type="a:Annotation">
            <a:s r="11">
               <a:s>// Indicator Definition

parameter &quot;Measurement Period&quot; </a:s>
               <a:s r="10">
                  <a:s>Interval&lt;</a:s>
                  <a:s r="9">
                     <a:s>Date</a:s>
                  </a:s>
                  <a:s>></a:s>
               </a:s>
               <a:s> default </a:s>
               <a:s r="8">
                  <a:s r="6">Interval[@2020-01-01, @2020-01-31]</a:s>
               </a:s>
            </a:s>
         </annotation>
         <default localId="8" locator="90:55-90:88" lowClosed="true" highClosed="true" xsi:type="Interval">
            <low localId="6" locator="90:64-90:74" xsi:type="Date">
               <year valueType="t:Integer" value="2020" xsi:type="Literal"/>
               <month valueType="t:Integer" value="1" xsi:type="Literal"/>
               <day valueType="t:Integer" value="1" xsi:type="Literal"/>
            </low>
            <high localId="7" locator="90:77-90:87" xsi:type="Date">
               <year valueType="t:Integer" value="2020" xsi:type="Literal"/>
               <month valueType="t:Integer" value="1" xsi:type="Literal"/>
               <day valueType="t:Integer" value="31" xsi:type="Literal"/>
            </high>
         </default>
         <parameterTypeSpecifier localId="10" locator="90:32-90:45" xsi:type="IntervalTypeSpecifier">
            <pointType localId="9" locator="90:41-90:44" name="t:Date" xsi:type="NamedTypeSpecifier"/>
         </parameterTypeSpecifier>
      </def>
   </parameters>
   <contexts>
      <def locator="92:1-92:15" name="Patient"/>
   </contexts>
   <statements>
      <def locator="92:1-92:15" name="Patient" context="Patient">
         <expression xsi:type="SingletonFrom">
            <operand locator="92:1-92:15" dataType="fhir:Patient" templateId="http://hl7.org/fhir/StructureDefinition/Patient" xsi:type="Retrieve"/>
         </expression>
      </def>
      <def localId="13" locator="103:1-104:6" name="Initial Population" context="Patient" accessLevel="Public">
         <annotation xsi:type="a:Annotation">
            <a:s r="13">
               <a:s r="12">// From BRYN
//you use a Measure resource, and your Measure would be based on either Patients or Observations.
//If you want to count number of Patients that have received the test, that's a Patient-based Measure using an &quot;exists&quot;, 
//if you want to count the number of Tests, that could be a Patient-based continuous variable measure, where the Measure Observation is a Count of tests, or it could be an Observation-based proportion measure, where the basis is actually Observation.

/*
 * As defined by Member State
 */
define &quot;Initial Population&quot;:
  true</a:s>
            </a:s>
         </annotation>
         <expression localId="12" locator="104:3-104:6" valueType="t:Boolean" value="true" xsi:type="Literal"/>
      </def>
      <def localId="38" locator="109:1-116:2" name="numerator" context="Patient" accessLevel="Public">
         <annotation xsi:type="a:Annotation">
            <a:s r="38">
               <a:s>//Does this also filter out self HIV tests 
//right now using HIVIND19 definition which does
define &quot;numerator&quot;:
    </a:s>
               <a:s r="37">
                  <a:s r="21">
                     <a:s>exists</a:s>
                     <a:s r="20">
                        <a:s>(</a:s>
                        <a:s r="20">
                           <a:s>
                              <a:s r="15">
                                 <a:s r="14">
                                    <a:s>
                                       <a:s>HIC.&quot;HIV Positive Condition&quot;</a:s>
                                    </a:s>
                                 </a:s>
                                 <a:s> C</a:s>
                              </a:s>
                           </a:s>
                           <a:s>
	</a:s>
                           <a:s r="19">
                              <a:s>where </a:s>
                              <a:s r="19">
                                 <a:s r="17">
                                    <a:s r="16">
                                       <a:s>C</a:s>
                                    </a:s>
                                    <a:s>.</a:s>
                                    <a:s r="17">
                                       <a:s>onset</a:s>
                                    </a:s>
                                 </a:s>
                                 <a:s r="19"> during </a:s>
                                 <a:s r="18">
                                    <a:s>&quot;Measurement Period&quot;</a:s>
                                 </a:s>
                              </a:s>
                           </a:s>
                        </a:s>
                        <a:s>)</a:s>
                     </a:s>
                  </a:s>
                  <a:s>
	or 
	</a:s>
                  <a:s r="36">
                     <a:s>exists</a:s>
                     <a:s r="35">
                        <a:s>(</a:s>
                        <a:s r="35">
                           <a:s>
                              <a:s r="23">
                                 <a:s r="22">
                                    <a:s>
                                       <a:s>HIC.&quot;HIV Positive Observation&quot;</a:s>
                                    </a:s>
                                 </a:s>
                                 <a:s> O</a:s>
                              </a:s>
                           </a:s>
                           <a:s>
	</a:s>
                           <a:s r="34">
                              <a:s>where </a:s>
                              <a:s r="34">
                                 <a:s>(</a:s>
                                 <a:s r="34">
                                    <a:s r="28">
                                       <a:s r="25">
                                          <a:s r="24">
                                             <a:s>O</a:s>
                                          </a:s>
                                          <a:s>.</a:s>
                                          <a:s r="25">
                                             <a:s>issued</a:s>
                                          </a:s>
                                       </a:s>
                                       <a:s r="28"> before </a:s>
                                       <a:s r="27">
                                          <a:s>end of </a:s>
                                          <a:s r="26">
                                             <a:s>&quot;Measurement Period&quot;</a:s>
                                          </a:s>
                                       </a:s>
                                    </a:s>
                                    <a:s>
	and </a:s>
                                    <a:s r="33">
                                       <a:s r="30">
                                          <a:s r="29">
                                             <a:s>O</a:s>
                                          </a:s>
                                          <a:s>.</a:s>
                                          <a:s r="30">
                                             <a:s>issued</a:s>
                                          </a:s>
                                       </a:s>
                                       <a:s r="33"> after </a:s>
                                       <a:s r="32">
                                          <a:s>start of </a:s>
                                          <a:s r="31">
                                             <a:s>&quot;Measurement Period&quot;</a:s>
                                          </a:s>
                                       </a:s>
                                    </a:s>
                                 </a:s>
                                 <a:s>)</a:s>
                              </a:s>
                           </a:s>
                        </a:s>
                        <a:s>
	)</a:s>
                     </a:s>
                  </a:s>
               </a:s>
            </a:s>
         </annotation>
         <expression localId="37" locator="110:5-116:2" xsi:type="Or">
            <operand localId="21" locator="110:5-111:43" xsi:type="Exists">
               <operand localId="20" locator="110:11-111:43" xsi:type="Query">
                  <source localId="15" locator="110:12-110:41" alias="C">
                     <expression localId="14" locator="110:12-110:39" name="HIV Positive Condition" libraryName="HIC" xsi:type="ExpressionRef"/>
                  </source>
                  <where localId="19" locator="111:2-111:42" xsi:type="IncludedIn">
                     <operand name="ToInterval" libraryName="FHIRHelpers" xsi:type="FunctionRef">
                        <operand asType="fhir:Period" xsi:type="As">
                           <operand localId="17" locator="111:8-111:14" path="onset" scope="C" xsi:type="Property"/>
                        </operand>
                     </operand>
                     <operand xsi:type="Interval">
                        <low xsi:type="ToDateTime">
                           <operand path="low" xsi:type="Property">
                              <source localId="18" locator="111:23-111:42" name="Measurement Period" xsi:type="ParameterRef"/>
                           </operand>
                        </low>
                        <lowClosedExpression path="lowClosed" xsi:type="Property">
                           <source localId="18" locator="111:23-111:42" name="Measurement Period" xsi:type="ParameterRef"/>
                        </lowClosedExpression>
                        <high xsi:type="ToDateTime">
                           <operand path="high" xsi:type="Property">
                              <source localId="18" locator="111:23-111:42" name="Measurement Period" xsi:type="ParameterRef"/>
                           </operand>
                        </high>
                        <highClosedExpression path="highClosed" xsi:type="Property">
                           <source localId="18" locator="111:23-111:42" name="Measurement Period" xsi:type="ParameterRef"/>
                        </highClosedExpression>
                     </operand>
                  </where>
               </operand>
            </operand>
            <operand localId="36" locator="113:2-116:2" xsi:type="Exists">
               <operand localId="35" locator="113:8-116:2" xsi:type="Query">
                  <source localId="23" locator="113:9-113:40" alias="O">
                     <expression localId="22" locator="113:9-113:38" name="HIV Positive Observation" libraryName="HIC" xsi:type="ExpressionRef"/>
                  </source>
                  <where localId="34" locator="114:2-115:50" xsi:type="And">
                     <operand localId="28" locator="114:9-114:51" xsi:type="Before">
                        <operand name="ToDateTime" libraryName="FHIRHelpers" xsi:type="FunctionRef">
                           <operand localId="25" locator="114:9-114:16" path="issued" scope="O" xsi:type="Property"/>
                        </operand>
                        <operand xsi:type="ToDateTime">
                           <operand localId="27" locator="114:25-114:51" xsi:type="End">
                              <operand localId="26" locator="114:32-114:51" name="Measurement Period" xsi:type="ParameterRef"/>
                           </operand>
                        </operand>
                     </operand>
                     <operand localId="33" locator="115:6-115:49" xsi:type="After">
                        <operand name="ToDateTime" libraryName="FHIRHelpers" xsi:type="FunctionRef">
                           <operand localId="30" locator="115:6-115:13" path="issued" scope="O" xsi:type="Property"/>
                        </operand>
                        <operand xsi:type="ToDateTime">
                           <operand localId="32" locator="115:21-115:49" xsi:type="Start">
                              <operand localId="31" locator="115:30-115:49" name="Measurement Period" xsi:type="ParameterRef"/>
                           </operand>
                        </operand>
                     </operand>
                  </where>
               </operand>
            </operand>
         </expression>
      </def>
      <def localId="54" locator="118:1-121:50" name="denominator" context="Patient" accessLevel="Public">
         <annotation xsi:type="a:Annotation">
            <a:s r="54">
               <a:s>define &quot;denominator&quot;:
    </a:s>
               <a:s r="53">
                  <a:s>exists</a:s>
                  <a:s r="52">
                     <a:s>(</a:s>
                     <a:s r="52">
                        <a:s>
                           <a:s r="40">
                              <a:s r="39">
                                 <a:s>
                                    <a:s>HIC.&quot;HIV test resulted&quot;</a:s>
                                 </a:s>
                              </a:s>
                              <a:s> T</a:s>
                           </a:s>
                        </a:s>
                        <a:s>
	</a:s>
                        <a:s r="51">
                           <a:s>where </a:s>
                           <a:s r="51">
                              <a:s r="45">
                                 <a:s r="42">
                                    <a:s r="41">
                                       <a:s>T</a:s>
                                    </a:s>
                                    <a:s>.</a:s>
                                    <a:s r="42">
                                       <a:s>issued</a:s>
                                    </a:s>
                                 </a:s>
                                 <a:s r="45"> before </a:s>
                                 <a:s r="44">
                                    <a:s>end of </a:s>
                                    <a:s r="43">
                                       <a:s>&quot;Measurement Period&quot;</a:s>
                                    </a:s>
                                 </a:s>
                              </a:s>
                              <a:s>
	and </a:s>
                              <a:s r="50">
                                 <a:s r="47">
                                    <a:s r="46">
                                       <a:s>T</a:s>
                                    </a:s>
                                    <a:s>.</a:s>
                                    <a:s r="47">
                                       <a:s>issued</a:s>
                                    </a:s>
                                 </a:s>
                                 <a:s r="50"> after </a:s>
                                 <a:s r="49">
                                    <a:s>start of </a:s>
                                    <a:s r="48">
                                       <a:s>&quot;Measurement Period&quot;</a:s>
                                    </a:s>
                                 </a:s>
                              </a:s>
                           </a:s>
                        </a:s>
                     </a:s>
                     <a:s>)</a:s>
                  </a:s>
               </a:s>
            </a:s>
         </annotation>
         <expression localId="53" locator="119:5-121:50" xsi:type="Exists">
            <operand localId="52" locator="119:11-121:50" xsi:type="Query">
               <source localId="40" locator="119:12-119:36" alias="T">
                  <expression localId="39" locator="119:12-119:34" name="HIV test resulted" libraryName="HIC" xsi:type="ExpressionRef"/>
               </source>
               <where localId="51" locator="120:2-121:49" xsi:type="And">
                  <operand localId="45" locator="120:8-120:50" xsi:type="Before">
                     <operand name="ToDateTime" libraryName="FHIRHelpers" xsi:type="FunctionRef">
                        <operand localId="42" locator="120:8-120:15" path="issued" scope="T" xsi:type="Property"/>
                     </operand>
                     <operand xsi:type="ToDateTime">
                        <operand localId="44" locator="120:24-120:50" xsi:type="End">
                           <operand localId="43" locator="120:31-120:50" name="Measurement Period" xsi:type="ParameterRef"/>
                        </operand>
                     </operand>
                  </operand>
                  <operand localId="50" locator="121:6-121:49" xsi:type="After">
                     <operand name="ToDateTime" libraryName="FHIRHelpers" xsi:type="FunctionRef">
                        <operand localId="47" locator="121:6-121:13" path="issued" scope="T" xsi:type="Property"/>
                     </operand>
                     <operand xsi:type="ToDateTime">
                        <operand localId="49" locator="121:21-121:49" xsi:type="Start">
                           <operand localId="48" locator="121:30-121:49" name="Measurement Period" xsi:type="ParameterRef"/>
                        </operand>
                     </operand>
                  </operand>
               </where>
            </operand>
         </expression>
      </def>
      <def localId="57" locator="128:1-129:42" name="Administrative Gender Stratifier" context="Patient" accessLevel="Public">
         <annotation xsi:type="a:Annotation">
            <a:s r="57">
               <a:s>/*
 * Disaggregators
 */
 
define &quot;Administrative Gender Stratifier&quot;:
	</a:s>
               <a:s r="56">
                  <a:s r="55">
                     <a:s>HIC</a:s>
                  </a:s>
                  <a:s>.</a:s>
                  <a:s r="56">
                     <a:s>&quot;By Administrative Gender Stratifier&quot;</a:s>
                  </a:s>
               </a:s>
            </a:s>
         </annotation>
         <expression localId="56" locator="129:2-129:42" name="By Administrative Gender Stratifier" libraryName="HIC" xsi:type="ExpressionRef"/>
      </def>
      <def localId="60" locator="131:1-132:24" name="Age Stratifier" context="Patient" accessLevel="Public">
         <annotation xsi:type="a:Annotation">
            <a:s r="60">
               <a:s>define &quot;Age Stratifier&quot;:
	</a:s>
               <a:s r="59">
                  <a:s r="58">
                     <a:s>HIC</a:s>
                  </a:s>
                  <a:s>.</a:s>
                  <a:s r="59">
                     <a:s>&quot;By Age Stratifier&quot;</a:s>
                  </a:s>
               </a:s>
            </a:s>
         </annotation>
         <expression localId="59" locator="132:2-132:24" name="By Age Stratifier" libraryName="HIC" xsi:type="ExpressionRef"/>
      </def>
      <def localId="63" locator="134:1-135:38" name="Geographic Region Stratifier" context="Patient" accessLevel="Public">
         <annotation xsi:type="a:Annotation">
            <a:s r="63">
               <a:s>define &quot;Geographic Region Stratifier&quot;:
	</a:s>
               <a:s r="62">
                  <a:s r="61">
                     <a:s>HIC</a:s>
                  </a:s>
                  <a:s>.</a:s>
                  <a:s r="62">
                     <a:s>&quot;By Geographic Region Stratifier&quot;</a:s>
                  </a:s>
               </a:s>
            </a:s>
         </annotation>
         <expression localId="62" locator="135:2-135:38" name="By Geographic Region Stratifier" libraryName="HIC" xsi:type="ExpressionRef"/>
      </def>
      <def localId="66" locator="137:1-138:20" name="patientGroups Stratifier" context="Patient" accessLevel="Public">
         <annotation xsi:type="a:Annotation">
            <a:s r="66">
               <a:s>define &quot;patientGroups Stratifier&quot;:
	</a:s>
               <a:s r="65">
                  <a:s r="64">
                     <a:s>HIC</a:s>
                  </a:s>
                  <a:s>.</a:s>
                  <a:s r="65">
                     <a:s>&quot;patientGroups&quot;</a:s>
                  </a:s>
               </a:s>
            </a:s>
         </annotation>
         <expression localId="65" locator="138:2-138:20" name="patientGroups" libraryName="HIC" xsi:type="ExpressionRef"/>
      </def>
      <def localId="69" locator="140:1-141:17" name="Setting" context="Patient" accessLevel="Public">
         <annotation xsi:type="a:Annotation">
            <a:s r="69">
               <a:s>define &quot;Setting&quot;:
    </a:s>
               <a:s r="68">
                  <a:s r="67">
                     <a:s>HIC</a:s>
                  </a:s>
                  <a:s>.</a:s>
                  <a:s r="68">
                     <a:s>&quot;setting&quot;</a:s>
                  </a:s>
               </a:s>
            </a:s>
         </annotation>
         <expression localId="68" locator="141:5-141:17" name="setting" libraryName="HIC" xsi:type="ExpressionRef"/>
      </def>
      <def localId="72" locator="143:1-144:12" name="TB Stratifier" context="Patient" accessLevel="Public">
         <annotation xsi:type="a:Annotation">
            <a:s r="72">
               <a:s>define &quot;TB Stratifier&quot;:
    </a:s>
               <a:s r="71">
                  <a:s r="70">
                     <a:s>HIC</a:s>
                  </a:s>
                  <a:s>.</a:s>
                  <a:s r="71">
                     <a:s>&quot;tb&quot;</a:s>
                  </a:s>
               </a:s>
            </a:s>
         </annotation>
         <expression localId="71" locator="144:5-144:12" name="tb" libraryName="HIC" xsi:type="ExpressionRef"/>
      </def>
      <def localId="86" locator="146:1-149:45" name="Stratification" context="Patient" accessLevel="Public">
         <annotation xsi:type="a:Annotation">
            <a:s r="86">
               <a:s>define &quot;Stratification&quot;:
 </a:s>
               <a:s r="85">
                  <a:s r="82">
                     <a:s r="80">
                        <a:s r="77">
                           <a:s r="75">
                              <a:s r="74">
                                 <a:s r="73">
                                    <a:s>HIC</a:s>
                                 </a:s>
                                 <a:s>.</a:s>
                                 <a:s r="74">
                                    <a:s>&quot;By Administrative Gender Stratifier&quot;</a:s>
                                 </a:s>
                              </a:s>
                              <a:s>.</a:s>
                              <a:s r="75">
                                 <a:s>code</a:s>
                              </a:s>
                           </a:s>
                           <a:s> 
  + </a:s>
                           <a:s r="76">
                              <a:s>':'</a:s>
                           </a:s>
                        </a:s>
                        <a:s> + </a:s>
                        <a:s r="79">
                           <a:s r="78">
                              <a:s>HIC</a:s>
                           </a:s>
                           <a:s>.</a:s>
                           <a:s r="79">
                              <a:s>&quot;By Age Stratifier&quot;</a:s>
                           </a:s>
                        </a:s>
                     </a:s>
                     <a:s>
+ </a:s>
                     <a:s r="81">
                        <a:s>':'</a:s>
                     </a:s>
                  </a:s>
                  <a:s> + </a:s>
                  <a:s r="84">
                     <a:s r="83">
                        <a:s>HIC</a:s>
                     </a:s>
                     <a:s>.</a:s>
                     <a:s r="84">
                        <a:s>&quot;By Geographic Region Stratifier&quot;</a:s>
                     </a:s>
                  </a:s>
               </a:s>
            </a:s>
         </annotation>
         <expression localId="85" locator="147:2-149:45" xsi:type="Concatenate">
            <operand localId="82" locator="147:2-149:5" xsi:type="Concatenate">
               <operand localId="80" locator="147:2-148:33" xsi:type="Concatenate">
                  <operand localId="77" locator="147:2-148:7" xsi:type="Concatenate">
                     <operand localId="75" locator="147:2-147:47" path="code" xsi:type="Property">
                        <source localId="74" locator="147:2-147:42" name="By Administrative Gender Stratifier" libraryName="HIC" xsi:type="ExpressionRef"/>
                     </operand>
                     <operand localId="76" locator="148:5-148:7" valueType="t:String" value=":" xsi:type="Literal"/>
                  </operand>
                  <operand localId="79" locator="148:11-148:33" name="By Age Stratifier" libraryName="HIC" xsi:type="ExpressionRef"/>
               </operand>
               <operand localId="81" locator="149:3-149:5" valueType="t:String" value=":" xsi:type="Literal"/>
            </operand>
            <operand name="ToString" libraryName="FHIRHelpers" xsi:type="FunctionRef">
               <operand localId="84" locator="149:9-149:45" name="By Geographic Region Stratifier" libraryName="HIC" xsi:type="ExpressionRef"/>
            </operand>
         </expression>
      </def>
   </statements>
</library>
