{
  "resourceType" : "Library",
  "id" : "HIVIND80Logic",
  "meta" : {
    "profile" : ["http://hl7.org/fhir/uv/crmi/StructureDefinition/crmi-shareablelibrary",
    "http://hl7.org/fhir/uv/crmi/StructureDefinition/crmi-publishablelibrary",
    "http://hl7.org/fhir/uv/cql/StructureDefinition/cql-library",
    "http://hl7.org/fhir/uv/cql/StructureDefinition/cql-module"]
  },
  "text" : {
    "status" : "generated",
    "div" : "<div xmlns=\"http://www.w3.org/1999/xhtml\"><p class=\"res-header-id\"><b>Generated Narrative: Library HIVIND80Logic</b></p><a name=\"HIVIND80Logic\"> </a><a name=\"hcHIVIND80Logic\"> </a><a name=\"hcHIVIND80Logic-en-US\"> </a></div>"
  },
  "extension" : [{
    "url" : "http://hl7.org/fhir/StructureDefinition/cqf-knowledgeCapability",
    "valueCode" : "computable"
  }],
  "url" : "http://smart.who.int/HIV/Library/HIVIND80Logic",
  "version" : "0.1.0",
  "name" : "HIVIND80Logic",
  "title" : "HIV.IND.80 Logic",
  "status" : "draft",
  "experimental" : true,
  "type" : {
    "coding" : [{
      "system" : "http://terminology.hl7.org/CodeSystem/library-type",
      "code" : "logic-library"
    }]
  },
  "date" : "2024-06-29T06:31:00+00:00",
  "publisher" : "WHO",
  "contact" : [{
    "name" : "WHO",
    "telecom" : [{
      "system" : "url",
      "value" : "http://who.int"
    }]
  }],
  "description" : "% of people attending HIV prevention services who were tested for hepatitis B surface antigen (HBsAg) during the reporting period (laboratory-based test or rapid test)"
}