<?xml version="1.0" encoding="UTF-8"?>

<Measure xmlns="http://hl7.org/fhir">
  <id value="HIVIND38"/>
  <meta>
    <profile value="http://hl7.org/fhir/us/cqfmeasures/StructureDefinition/proportion-measure-cqfm"/>
    <profile value="http://hl7.org/fhir/uv/crmi/StructureDefinition/crmi-shareablemeasure"/>
    <profile value="http://hl7.org/fhir/uv/crmi/StructureDefinition/crmi-publishablemeasure"/>
  </meta>
  <text>
    <status value="generated"/><div xmlns="http://www.w3.org/1999/xhtml"><p class="res-header-id"><b>Generated Narrative: Measure HIVIND38</b></p><a name="HIVIND38"> </a><a name="hcHIVIND38"> </a><a name="HIVIND38-en-US"> </a><p><b>url</b>: <a href="Measure-HIVIND38.html">Measure HIV.IND.38 Early infant diagnosis (EID) coverage</a></p><p><b>version</b>: 0.2.0</p><p><b>name</b>: HIVIND38</p><p><b>title</b>: HIV.IND.38 Early infant diagnosis (EID) coverage</p><p><b>status</b>: Draft</p><p><b>experimental</b>: true</p><p><b>date</b>: 2024-08-05</p><p><b>publisher</b>: WHO</p><p><b>contact</b>: WHO: <a href="http://who.int">http://who.int</a></p><p><b>description</b>: </p><div><p>% of HIV-exposed infants who receive a virological test for HIV within two months (and 12 months) of birth</p>
</div><p><b>library</b>: <a href="Library-HIVIND38Logic.html">HIV.IND.38 Logic</a></p><p><b>scoring</b>: <span title="Codes:{http://terminology.hl7.org/CodeSystem/measure-scoring proportion}">Proportion</span></p><blockquote><p><b>group</b></p><blockquote><p><b>population</b></p><blockquote><p><b>id</b></p>HIV.IND.38.IP</blockquote><p><b>code</b>: <span title="Codes:{http://terminology.hl7.org/CodeSystem/measure-population initial-population}">Initial Population</span></p><p><b>description</b>: Initial Population</p><h3>Criteria</h3><table class="grid"><tr><td style="display: none">-</td><td><b>Language</b></td><td><b>Expression</b></td></tr><tr><td style="display: none">*</td><td>text/cql-identifier</td><td>Initial Population</td></tr></table></blockquote><blockquote><p><b>population</b></p><blockquote><p><b>id</b></p>HIV.IND.38.DEN</blockquote><p><b>code</b>: <span title="Codes:{http://terminology.hl7.org/CodeSystem/measure-population denominator}">Denominator</span></p><p><b>description</b>: Estimated number of HIV-positive women who delivered during the reporting period.   |  | Note: The denominator is a proxy measure for the number of infants born to HIV-infected women.</p><h3>Criteria</h3><table class="grid"><tr><td style="display: none">-</td><td><b>Language</b></td><td><b>Expression</b></td></tr><tr><td style="display: none">*</td><td>text/cql-identifier</td><td>Denominator</td></tr></table></blockquote><blockquote><p><b>population</b></p><blockquote><p><b>id</b></p>HIV.IND.38.NUM</blockquote><p><b>code</b>: <span title="Codes:{http://terminology.hl7.org/CodeSystem/measure-population numerator}">Numerator</span></p><p><b>description</b>: Number of HIV-exposed infants born during the reporting period who received a virological HIV test within two months (and 12 months) of birth</p><h3>Criteria</h3><table class="grid"><tr><td style="display: none">-</td><td><b>Language</b></td><td><b>Expression</b></td></tr><tr><td style="display: none">*</td><td>text/cql-identifier</td><td>Numerator</td></tr></table></blockquote></blockquote></div>
  </text>
  <extension url="http://hl7.org/fhir/us/cqfmeasures/StructureDefinition/cqfm-populationBasis">
    <valueCode value="boolean"/>
  </extension>
  <url value="http://smart.who.int/hiv/Measure/HIVIND38"/>
  <version value="0.2.0"/>
  <name value="HIVIND38"/>
  <title value="HIV.IND.38 Early infant diagnosis (EID) coverage"/>
  <status value="draft"/>
  <experimental value="true"/>
  <date value="2024-08-05"/>
  <publisher value="WHO"/>
  <contact>
    <name value="WHO"/>
    <telecom>
      <system value="url"/>
      <value value="http://who.int"/>
    </telecom>
  </contact>
  <description value="% of HIV-exposed infants who receive a virological test for HIV within two months (and 12 months) of birth"/>
  <library value="http://smart.who.int/hiv/Library/HIVIND38Logic"/>
  <scoring>
    <coding>
      <system value="http://terminology.hl7.org/CodeSystem/measure-scoring"/>
      <code value="proportion"/>
      <display value="Proportion"/>
    </coding>
  </scoring>
  <group>
    <population id="HIV.IND.38.IP">
      <code>
        <coding>
          <system value="http://terminology.hl7.org/CodeSystem/measure-population"/>
          <code value="initial-population"/>
          <display value="Initial Population"/>
        </coding>
      </code>
      <description value="Initial Population"/>
      <criteria>
        <language value="text/cql-identifier"/>
        <expression value="Initial Population"/>
      </criteria>
    </population>
    <population id="HIV.IND.38.DEN">
      <code>
        <coding>
          <system value="http://terminology.hl7.org/CodeSystem/measure-population"/>
          <code value="denominator"/>
          <display value="Denominator"/>
        </coding>
      </code>
      <description value="Estimated number of HIV-positive women who delivered during the reporting period.   |  | Note: The denominator is a proxy measure for the number of infants born to HIV-infected women."/>
      <criteria>
        <language value="text/cql-identifier"/>
        <expression value="Denominator"/>
      </criteria>
    </population>
    <population id="HIV.IND.38.NUM">
      <code>
        <coding>
          <system value="http://terminology.hl7.org/CodeSystem/measure-population"/>
          <code value="numerator"/>
          <display value="Numerator"/>
        </coding>
      </code>
      <description value="Number of HIV-exposed infants born during the reporting period who received a virological HIV test within two months (and 12 months) of birth"/>
      <criteria>
        <language value="text/cql-identifier"/>
        <expression value="Numerator"/>
      </criteria>
    </population>
  </group>
</Measure>