{
  "resourceType" : "Measure",
  "id" : "HIVIND93",
  "meta" : {
    "profile" : ["http://hl7.org/fhir/us/cqfmeasures/StructureDefinition/cv-measure-cqfm",
    "http://hl7.org/fhir/uv/crmi/StructureDefinition/crmi-shareablemeasure",
    "http://hl7.org/fhir/uv/crmi/StructureDefinition/crmi-publishablemeasure"]
  },
  "text" : {
    "status" : "generated",
    "div" : "<div xmlns=\"http://www.w3.org/1999/xhtml\"><p class=\"res-header-id\"><b>Generated Narrative: Measure HIVIND93</b></p><a name=\"HIVIND93\"> </a><a name=\"hcHIVIND93\"> </a><a name=\"HIVIND93-en-US\"> </a><p><b>url</b>: <a href=\"Measure-HIVIND93.html\">Measure HIV.IND.93 Cervical cancer screening</a></p><p><b>version</b>: 0.3.0</p><p><b>name</b>: HIVIND93</p><p><b>title</b>: HIV.IND.93 Cervical cancer screening</p><p><b>status</b>: Draft</p><p><b>experimental</b>: true</p><p><b>date</b>: 2024-08-18</p><p><b>publisher</b>: WHO</p><p><b>contact</b>: WHO: <a href=\"http://who.int\">http://who.int</a></p><p><b>description</b>: </p><div><p>Number of women living with HIV who were screened for cervical cancer using any screening test</p>\n</div><p><b>library</b>: <a href=\"Library-HIVIND93Logic.html\">HIV.IND.93 Logic</a></p><p><b>scoring</b>: <span title=\"Codes:{http://terminology.hl7.org/CodeSystem/measure-scoring continuous-variable}\">Continuous Variable</span></p><blockquote><p><b>group</b></p><blockquote><p><b>population</b></p><blockquote><p><b>id</b></p>HIV.IND.93.IP</blockquote><p><b>code</b>: <span title=\"Codes:{http://terminology.hl7.org/CodeSystem/measure-population initial-population}\">Initial Population</span></p><p><b>description</b>: Initial Population</p><h3>Criteria</h3><table class=\"grid\"><tr><td style=\"display: none\">-</td><td><b>Language</b></td><td><b>Expression</b></td></tr><tr><td style=\"display: none\">*</td><td>text/cql-identifier</td><td>Initial Population</td></tr></table></blockquote><blockquote><p><b>population</b></p><blockquote><p><b>id</b></p>HIV.IND.93.MP</blockquote><p><b>code</b>: <span title=\"Codes:{http://terminology.hl7.org/CodeSystem/measure-population measure-population}\">Measure Population</span></p><p><b>description</b>: Measure Population</p><h3>Criteria</h3><table class=\"grid\"><tr><td style=\"display: none\">-</td><td><b>Language</b></td><td><b>Expression</b></td></tr><tr><td style=\"display: none\">*</td><td>text/cql-identifier</td><td>Measure Population</td></tr></table></blockquote><blockquote><p><b>population</b></p><blockquote><p><b>id</b></p>HIV.IND.93.MO</blockquote><p><b>code</b>: <span title=\"Codes:{http://terminology.hl7.org/CodeSystem/measure-population measure-observation}\">Measure Observation</span></p><p><b>description</b>: Measure Observation</p><h3>Criteria</h3><table class=\"grid\"><tr><td style=\"display: none\">-</td><td><b>Language</b></td><td><b>Expression</b></td></tr><tr><td style=\"display: none\">*</td><td>text/cql-identifier</td><td>Measure Observation</td></tr></table></blockquote></blockquote></div>"
  },
  "extension" : [{
    "url" : "http://hl7.org/fhir/us/cqfmeasures/StructureDefinition/cqfm-populationBasis",
    "valueCode" : "boolean"
  }],
  "url" : "http://smart.who.int/hiv/Measure/HIVIND93",
  "version" : "0.3.0",
  "name" : "HIVIND93",
  "title" : "HIV.IND.93 Cervical cancer screening",
  "status" : "draft",
  "experimental" : true,
  "date" : "2024-08-18",
  "publisher" : "WHO",
  "contact" : [{
    "name" : "WHO",
    "telecom" : [{
      "system" : "url",
      "value" : "http://who.int"
    }]
  }],
  "description" : "Number of women living with HIV who were screened for cervical cancer using any screening test",
  "library" : ["http://smart.who.int/hiv/Library/HIVIND93Logic"],
  "scoring" : {
    "coding" : [{
      "system" : "http://terminology.hl7.org/CodeSystem/measure-scoring",
      "code" : "continuous-variable",
      "display" : "Continuous Variable"
    }]
  },
  "group" : [{
    "population" : [{
      "id" : "HIV.IND.93.IP",
      "code" : {
        "coding" : [{
          "system" : "http://terminology.hl7.org/CodeSystem/measure-population",
          "code" : "initial-population",
          "display" : "Initial Population"
        }]
      },
      "description" : "Initial Population",
      "criteria" : {
        "language" : "text/cql-identifier",
        "expression" : "Initial Population"
      }
    },
    {
      "id" : "HIV.IND.93.MP",
      "extension" : [{
        "url" : "http://hl7.org/fhir/us/cqfmeasures/StructureDefinition/cqfm-populationBasis",
        "valueCode" : "boolean"
      }],
      "code" : {
        "coding" : [{
          "system" : "http://terminology.hl7.org/CodeSystem/measure-population",
          "code" : "measure-population",
          "display" : "Measure Population"
        }]
      },
      "description" : "Measure Population",
      "criteria" : {
        "language" : "text/cql-identifier",
        "expression" : "Measure Population"
      }
    },
    {
      "id" : "HIV.IND.93.MO",
      "extension" : [{
        "url" : "http://hl7.org/fhir/us/cqfmeasures/StructureDefinition/cqfm-criteriaReference",
        "valueString" : "measure-population"
      },
      {
        "url" : "http://hl7.org/fhir/us/cqfmeasures/StructureDefinition/cqfm-aggregateMethod",
        "valueCode" : "count"
      }],
      "code" : {
        "coding" : [{
          "system" : "http://terminology.hl7.org/CodeSystem/measure-population",
          "code" : "measure-observation",
          "display" : "Measure Observation"
        }]
      },
      "description" : "Measure Observation",
      "criteria" : {
        "language" : "text/cql-identifier",
        "expression" : "Measure Observation"
      }
    }]
  }]
}