{
  "resourceType" : "Measure",
  "id" : "HIVIND57",
  "meta" : {
    "profile" : ["http://hl7.org/fhir/us/cqfmeasures/StructureDefinition/proportion-measure-cqfm",
    "http://hl7.org/fhir/uv/crmi/StructureDefinition/crmi-shareablemeasure",
    "http://hl7.org/fhir/uv/crmi/StructureDefinition/crmi-publishablemeasure"]
  },
  "text" : {
    "status" : "generated",
    "div" : "<div xmlns=\"http://www.w3.org/1999/xhtml\"><p class=\"res-header-id\"><b>Generated Narrative: Measure HIVIND57</b></p><a name=\"HIVIND57\"> </a><a name=\"hcHIVIND57\"> </a><a name=\"HIVIND57-en-US\"> </a><p><b>url</b>: <a href=\"Measure-HIVIND57.html\">Measure HIV.IND.57 Viral suppression among people living with HIV engaged in DSD ART models</a></p><p><b>version</b>: 0.2.0</p><p><b>name</b>: HIVIND57</p><p><b>title</b>: HIV.IND.57 Viral suppression among people living with HIV engaged in DSD ART models</p><p><b>status</b>: Draft</p><p><b>experimental</b>: true</p><p><b>date</b>: 2024-07-12</p><p><b>publisher</b>: WHO</p><p><b>contact</b>: WHO: <a href=\"http://who.int\">http://who.int</a></p><p><b>description</b>: </p><div><p>% of people living with HIV engaged in DSD ART models who have virological suppression</p>\n</div><p><b>library</b>: <a href=\"Library-HIVIND57Logic.html\">HIV.IND.57 Logic</a></p><p><b>scoring</b>: <span title=\"Codes:{http://terminology.hl7.org/CodeSystem/measure-scoring proportion}\">Proportion</span></p><blockquote><p><b>group</b></p><blockquote><p><b>population</b></p><blockquote><p><b>id</b></p>HIV.IND.57.IP</blockquote><p><b>code</b>: <span title=\"Codes:{http://terminology.hl7.org/CodeSystem/measure-population initial-population}\">Initial Population</span></p><p><b>description</b>: Initial Population</p><h3>Criteria</h3><table class=\"grid\"><tr><td style=\"display: none\">-</td><td><b>Language</b></td><td><b>Expression</b></td></tr><tr><td style=\"display: none\">*</td><td>text/cql-identifier</td><td>Initial Population</td></tr></table></blockquote><blockquote><p><b>population</b></p><blockquote><p><b>id</b></p>HIV.IND.57.DEN</blockquote><p><b>code</b>: <span title=\"Codes:{http://terminology.hl7.org/CodeSystem/measure-population denominator}\">Denominator</span></p><p><b>description</b>: Number of people enrolled in a DSD ART model with at least one routine viral load result in a medical or laboratory record during the reporting period</p><h3>Criteria</h3><table class=\"grid\"><tr><td style=\"display: none\">-</td><td><b>Language</b></td><td><b>Expression</b></td></tr><tr><td style=\"display: none\">*</td><td>text/cql-identifier</td><td>Denominator</td></tr></table></blockquote><blockquote><p><b>population</b></p><blockquote><p><b>id</b></p>HIV.IND.57.NUM</blockquote><p><b>code</b>: <span title=\"Codes:{http://terminology.hl7.org/CodeSystem/measure-population numerator}\">Numerator</span></p><p><b>description</b>: Number of people enrolled in a DSD ART model with at least one routine viral load test during the reporting period who have virological suppression (&lt;1000 copies/mL) at 6 months after ART initiation and yearly thereafter (that is, at 24, 36, 48 and 60 months, etc. after ART initiation).</p><h3>Criteria</h3><table class=\"grid\"><tr><td style=\"display: none\">-</td><td><b>Language</b></td><td><b>Expression</b></td></tr><tr><td style=\"display: none\">*</td><td>text/cql-identifier</td><td>Numerator</td></tr></table></blockquote></blockquote></div>"
  },
  "extension" : [{
    "url" : "http://hl7.org/fhir/us/cqfmeasures/StructureDefinition/cqfm-populationBasis",
    "valueCode" : "boolean"
  }],
  "url" : "http://smart.who.int/HIV/Measure/HIVIND57",
  "version" : "0.2.0",
  "name" : "HIVIND57",
  "title" : "HIV.IND.57 Viral suppression among people living with HIV engaged in DSD ART models",
  "status" : "draft",
  "experimental" : true,
  "date" : "2024-07-12",
  "publisher" : "WHO",
  "contact" : [{
    "name" : "WHO",
    "telecom" : [{
      "system" : "url",
      "value" : "http://who.int"
    }]
  }],
  "description" : "% of people living with HIV engaged in DSD ART models who have virological suppression",
  "library" : ["http://smart.who.int/HIV/Library/HIVIND57Logic"],
  "scoring" : {
    "coding" : [{
      "system" : "http://terminology.hl7.org/CodeSystem/measure-scoring",
      "code" : "proportion",
      "display" : "Proportion"
    }]
  },
  "group" : [{
    "population" : [{
      "id" : "HIV.IND.57.IP",
      "code" : {
        "coding" : [{
          "system" : "http://terminology.hl7.org/CodeSystem/measure-population",
          "code" : "initial-population",
          "display" : "Initial Population"
        }]
      },
      "description" : "Initial Population",
      "criteria" : {
        "language" : "text/cql-identifier",
        "expression" : "Initial Population"
      }
    },
    {
      "id" : "HIV.IND.57.DEN",
      "code" : {
        "coding" : [{
          "system" : "http://terminology.hl7.org/CodeSystem/measure-population",
          "code" : "denominator",
          "display" : "Denominator"
        }]
      },
      "description" : "Number of people enrolled in a DSD ART model with at least one routine viral load result in a medical or laboratory record during the reporting period",
      "criteria" : {
        "language" : "text/cql-identifier",
        "expression" : "Denominator"
      }
    },
    {
      "id" : "HIV.IND.57.NUM",
      "code" : {
        "coding" : [{
          "system" : "http://terminology.hl7.org/CodeSystem/measure-population",
          "code" : "numerator",
          "display" : "Numerator"
        }]
      },
      "description" : "Number of people enrolled in a DSD ART model with at least one routine viral load test during the reporting period who have virological suppression (<1000 copies/mL) at 6 months after ART initiation and yearly thereafter (that is, at 24, 36, 48 and 60 months, etc. after ART initiation).",
      "criteria" : {
        "language" : "text/cql-identifier",
        "expression" : "Numerator"
      }
    }]
  }]
}