{
  "resourceType" : "Measure",
  "id" : "HIVIND2",
  "meta" : {
    "profile" : ["http://hl7.org/fhir/us/cqfmeasures/StructureDefinition/cv-measure-cqfm",
    "http://hl7.org/fhir/uv/crmi/StructureDefinition/crmi-shareablemeasure",
    "http://hl7.org/fhir/uv/crmi/StructureDefinition/crmi-publishablemeasure"]
  },
  "text" : {
    "status" : "generated",
    "div" : "<div xmlns=\"http://www.w3.org/1999/xhtml\"><p class=\"res-header-id\"><b>Generated Narrative: Measure HIVIND2</b></p><a name=\"HIVIND2\"> </a><a name=\"hcHIVIND2\"> </a><a name=\"hcHIVIND2-en-US\"> </a><p><b>url</b>: <a href=\"Measure-HIVIND2.html\">Measure HIV.IND.2 Total PrEP recipients</a></p><p><b>version</b>: 0.1.0</p><p><b>name</b>: HIVIND2</p><p><b>title</b>: HIV.IND.2 Total PrEP recipients</p><p><b>status</b>: Draft</p><p><b>experimental</b>: true</p><p><b>date</b>: 2024-07-01</p><p><b>publisher</b>: WHO</p><p><b>contact</b>: WHO: <a href=\"http://who.int\">http://who.int</a></p><p><b>description</b>: </p><div><p>Number of people who received PrEP at least once during the reporting period</p>\n</div><p><b>library</b>: <a href=\"Library-HIVIND2Logic.html\">HIV.IND.2 Logic</a></p><p><b>scoring</b>: <span title=\"Codes:{http://terminology.hl7.org/CodeSystem/measure-scoring continuous-variable}\">Continuous Variable</span></p><blockquote><p><b>group</b></p><blockquote><p><b>population</b></p><blockquote><p><b>id</b></p>HIV.IND.2.IP</blockquote><p><b>code</b>: <span title=\"Codes:{http://terminology.hl7.org/CodeSystem/measure-population initial-population}\">Initial Population</span></p><p><b>description</b>: Initial Population</p><h3>Criteria</h3><table class=\"grid\"><tr><td style=\"display: none\">-</td><td><b>Language</b></td><td><b>Expression</b></td></tr><tr><td style=\"display: none\">*</td><td>text/cql-identifier</td><td>Initial Population</td></tr></table></blockquote><blockquote><p><b>population</b></p><blockquote><p><b>id</b></p>HIV.IND.2.MP</blockquote><p><b>code</b>: <span title=\"Codes:{http://terminology.hl7.org/CodeSystem/measure-population measure-population}\">Measure Population</span></p><p><b>description</b>: Measure Population</p><h3>Criteria</h3><table class=\"grid\"><tr><td style=\"display: none\">-</td><td><b>Language</b></td><td><b>Expression</b></td></tr><tr><td style=\"display: none\">*</td><td>text/cql-identifier</td><td>Measure Population</td></tr></table></blockquote><blockquote><p><b>population</b></p><blockquote><p><b>id</b></p>HIV.IND.2.MO</blockquote><p><b>code</b>: <span title=\"Codes:{http://terminology.hl7.org/CodeSystem/measure-population measure-observation}\">Measure Observation</span></p><p><b>description</b>: Measure Observation</p><h3>Criteria</h3><table class=\"grid\"><tr><td style=\"display: none\">-</td><td><b>Language</b></td><td><b>Expression</b></td></tr><tr><td style=\"display: none\">*</td><td>text/cql-identifier</td><td>Measure Observation</td></tr></table></blockquote><blockquote><p><b>stratifier</b></p><blockquote><p><b>id</b></p>HIV.IND.2.S.AG</blockquote><h3>Criteria</h3><table class=\"grid\"><tr><td style=\"display: none\">-</td><td><b>Language</b></td><td><b>Expression</b></td></tr><tr><td style=\"display: none\">*</td><td>text/cql-identifier</td><td>Administrative Gender Stratifier</td></tr></table></blockquote><blockquote><p><b>stratifier</b></p><blockquote><p><b>id</b></p>HIV.IND.2.S.A</blockquote><h3>Criteria</h3><table class=\"grid\"><tr><td style=\"display: none\">-</td><td><b>Language</b></td><td><b>Expression</b></td></tr><tr><td style=\"display: none\">*</td><td>text/cql-identifier</td><td>Age Stratifier</td></tr></table></blockquote><blockquote><p><b>stratifier</b></p><blockquote><p><b>id</b></p>HIV.IND.2.S.GR</blockquote><h3>Criteria</h3><table class=\"grid\"><tr><td style=\"display: none\">-</td><td><b>Language</b></td><td><b>Expression</b></td></tr><tr><td style=\"display: none\">*</td><td>text/cql-identifier</td><td>Geographic Region Stratifier</td></tr></table></blockquote><blockquote><p><b>stratifier</b></p><blockquote><p><b>id</b></p>HIV.IND.2.S.P</blockquote><h3>Criteria</h3><table class=\"grid\"><tr><td style=\"display: none\">-</td><td><b>Language</b></td><td><b>Expression</b></td></tr><tr><td style=\"display: none\">*</td><td>text/cql-identifier</td><td>patientGroups Stratifier</td></tr></table></blockquote></blockquote></div>"
  },
  "extension" : [{
    "url" : "http://hl7.org/fhir/us/cqfmeasures/StructureDefinition/cqfm-populationBasis",
    "valueCode" : "boolean"
  }],
  "url" : "http://smart.who.int/HIV/Measure/HIVIND2",
  "version" : "0.1.0",
  "name" : "HIVIND2",
  "title" : "HIV.IND.2 Total PrEP recipients",
  "status" : "draft",
  "experimental" : true,
  "date" : "2024-07-01",
  "publisher" : "WHO",
  "contact" : [{
    "name" : "WHO",
    "telecom" : [{
      "system" : "url",
      "value" : "http://who.int"
    }]
  }],
  "description" : "Number of people who received PrEP at least once during the reporting period",
  "library" : ["http://smart.who.int/HIV/Library/HIVIND2Logic"],
  "scoring" : {
    "coding" : [{
      "system" : "http://terminology.hl7.org/CodeSystem/measure-scoring",
      "code" : "continuous-variable",
      "display" : "Continuous Variable"
    }]
  },
  "group" : [{
    "population" : [{
      "id" : "HIV.IND.2.IP",
      "code" : {
        "coding" : [{
          "system" : "http://terminology.hl7.org/CodeSystem/measure-population",
          "code" : "initial-population",
          "display" : "Initial Population"
        }]
      },
      "description" : "Initial Population",
      "criteria" : {
        "language" : "text/cql-identifier",
        "expression" : "Initial Population"
      }
    },
    {
      "id" : "HIV.IND.2.MP",
      "extension" : [{
        "url" : "http://hl7.org/fhir/us/cqfmeasures/StructureDefinition/cqfm-populationBasis",
        "valueCode" : "boolean"
      }],
      "code" : {
        "coding" : [{
          "system" : "http://terminology.hl7.org/CodeSystem/measure-population",
          "code" : "measure-population",
          "display" : "Measure Population"
        }]
      },
      "description" : "Measure Population",
      "criteria" : {
        "language" : "text/cql-identifier",
        "expression" : "Measure Population"
      }
    },
    {
      "id" : "HIV.IND.2.MO",
      "extension" : [{
        "url" : "http://hl7.org/fhir/us/cqfmeasures/StructureDefinition/cqfm-criteriaReference",
        "valueString" : "measure-population"
      },
      {
        "url" : "http://hl7.org/fhir/us/cqfmeasures/StructureDefinition/cqfm-aggregateMethod",
        "valueCode" : "count"
      }],
      "code" : {
        "coding" : [{
          "system" : "http://terminology.hl7.org/CodeSystem/measure-population",
          "code" : "measure-observation",
          "display" : "Measure Observation"
        }]
      },
      "description" : "Measure Observation",
      "criteria" : {
        "language" : "text/cql-identifier",
        "expression" : "Measure Observation"
      }
    }],
    "stratifier" : [{
      "id" : "HIV.IND.2.S.AG",
      "criteria" : {
        "language" : "text/cql-identifier",
        "expression" : "Administrative Gender Stratifier"
      }
    },
    {
      "id" : "HIV.IND.2.S.A",
      "criteria" : {
        "language" : "text/cql-identifier",
        "expression" : "Age Stratifier"
      }
    },
    {
      "id" : "HIV.IND.2.S.GR",
      "criteria" : {
        "language" : "text/cql-identifier",
        "expression" : "Geographic Region Stratifier"
      }
    },
    {
      "id" : "HIV.IND.2.S.P",
      "criteria" : {
        "language" : "text/cql-identifier",
        "expression" : "patientGroups Stratifier"
      }
    }]
  }]
}