{
  "resourceType" : "Measure",
  "id" : "HIVIND6",
  "meta" : {
    "profile" : ["http://hl7.org/fhir/us/cqfmeasures/StructureDefinition/proportion-measure-cqfm",
    "http://hl7.org/fhir/uv/crmi/StructureDefinition/crmi-shareablemeasure",
    "http://hl7.org/fhir/uv/crmi/StructureDefinition/crmi-publishablemeasure"]
  },
  "text" : {
    "status" : "generated",
    "div" : "<div xmlns=\"http://www.w3.org/1999/xhtml\"><p class=\"res-header-id\"><b>Generated Narrative: Measure HIVIND6</b></p><a name=\"HIVIND6\"> </a><a name=\"hcHIVIND6\"> </a><a name=\"HIVIND6-en-US\"> </a><p><b>url</b>: <a href=\"Measure-HIVIND6.html\">Measure HIV.IND.6 PEP completion</a></p><p><b>version</b>: 0.2.0</p><p><b>name</b>: HIVIND6</p><p><b>title</b>: HIV.IND.6 PEP completion</p><p><b>status</b>: Draft</p><p><b>experimental</b>: true</p><p><b>date</b>: 2024-08-05</p><p><b>publisher</b>: WHO</p><p><b>contact</b>: WHO: <a href=\"http://who.int\">http://who.int</a></p><p><b>description</b>: </p><div><p>% of PEP recipients completing PEP course</p>\n</div><p><b>library</b>: <a href=\"Library-HIVIND6Logic.html\">HIV.IND.6 Logic</a></p><p><b>scoring</b>: <span title=\"Codes:{http://terminology.hl7.org/CodeSystem/measure-scoring proportion}\">Proportion</span></p><blockquote><p><b>group</b></p><blockquote><p><b>population</b></p><blockquote><p><b>id</b></p>HIV.IND.6.IP</blockquote><p><b>code</b>: <span title=\"Codes:{http://terminology.hl7.org/CodeSystem/measure-population initial-population}\">Initial Population</span></p><p><b>description</b>: Initial Population</p><h3>Criteria</h3><table class=\"grid\"><tr><td style=\"display: none\">-</td><td><b>Language</b></td><td><b>Expression</b></td></tr><tr><td style=\"display: none\">*</td><td>text/cql-identifier</td><td>Initial Population</td></tr></table></blockquote><blockquote><p><b>population</b></p><blockquote><p><b>id</b></p>HIV.IND.6.DEN</blockquote><p><b>code</b>: <span title=\"Codes:{http://terminology.hl7.org/CodeSystem/measure-population denominator}\">Denominator</span></p><p><b>description</b>: Number of people starting PEP during the reporting period, excluding those whose PEP course is due to be completed after the end of the reporting period</p><h3>Criteria</h3><table class=\"grid\"><tr><td style=\"display: none\">-</td><td><b>Language</b></td><td><b>Expression</b></td></tr><tr><td style=\"display: none\">*</td><td>text/cql-identifier</td><td>Denominator</td></tr></table></blockquote><blockquote><p><b>population</b></p><blockquote><p><b>id</b></p>HIV.IND.6.NUM</blockquote><p><b>code</b>: <span title=\"Codes:{http://terminology.hl7.org/CodeSystem/measure-population numerator}\">Numerator</span></p><p><b>description</b>: Number of people completing a course of PEP among those starting in reporting period</p><h3>Criteria</h3><table class=\"grid\"><tr><td style=\"display: none\">-</td><td><b>Language</b></td><td><b>Expression</b></td></tr><tr><td style=\"display: none\">*</td><td>text/cql-identifier</td><td>Numerator</td></tr></table></blockquote><blockquote><p><b>stratifier</b></p><blockquote><p><b>id</b></p>HIV.IND.6.S</blockquote><h3>Criteria</h3><table class=\"grid\"><tr><td style=\"display: none\">-</td><td><b>Language</b></td><td><b>Expression</b></td></tr><tr><td style=\"display: none\">*</td><td>text/cql-identifier</td><td>Stratification</td></tr></table></blockquote></blockquote></div>"
  },
  "extension" : [{
    "url" : "http://hl7.org/fhir/us/cqfmeasures/StructureDefinition/cqfm-populationBasis",
    "valueCode" : "boolean"
  }],
  "url" : "http://smart.who.int/hiv/Measure/HIVIND6",
  "version" : "0.2.0",
  "name" : "HIVIND6",
  "title" : "HIV.IND.6 PEP completion",
  "status" : "draft",
  "experimental" : true,
  "date" : "2024-08-05",
  "publisher" : "WHO",
  "contact" : [{
    "name" : "WHO",
    "telecom" : [{
      "system" : "url",
      "value" : "http://who.int"
    }]
  }],
  "description" : "% of PEP recipients completing PEP course",
  "library" : ["http://smart.who.int/hiv/Library/HIVIND6Logic"],
  "scoring" : {
    "coding" : [{
      "system" : "http://terminology.hl7.org/CodeSystem/measure-scoring",
      "code" : "proportion",
      "display" : "Proportion"
    }]
  },
  "group" : [{
    "population" : [{
      "id" : "HIV.IND.6.IP",
      "code" : {
        "coding" : [{
          "system" : "http://terminology.hl7.org/CodeSystem/measure-population",
          "code" : "initial-population",
          "display" : "Initial Population"
        }]
      },
      "description" : "Initial Population",
      "criteria" : {
        "language" : "text/cql-identifier",
        "expression" : "Initial Population"
      }
    },
    {
      "id" : "HIV.IND.6.DEN",
      "code" : {
        "coding" : [{
          "system" : "http://terminology.hl7.org/CodeSystem/measure-population",
          "code" : "denominator",
          "display" : "Denominator"
        }]
      },
      "description" : "Number of people starting PEP during the reporting period, excluding those whose PEP course is due to be completed after the end of the reporting period",
      "criteria" : {
        "language" : "text/cql-identifier",
        "expression" : "Denominator"
      }
    },
    {
      "id" : "HIV.IND.6.NUM",
      "code" : {
        "coding" : [{
          "system" : "http://terminology.hl7.org/CodeSystem/measure-population",
          "code" : "numerator",
          "display" : "Numerator"
        }]
      },
      "description" : "Number of people completing a course of PEP among those starting in reporting period",
      "criteria" : {
        "language" : "text/cql-identifier",
        "expression" : "Numerator"
      }
    }],
    "stratifier" : [{
      "id" : "HIV.IND.6.S",
      "criteria" : {
        "language" : "text/cql-identifier",
        "expression" : "Stratification"
      }
    }]
  }]
}