<?xml version="1.0" encoding="UTF-8"?>

<Basic xmlns="http://hl7.org/fhir">
  <id value="HIV.B.HIVtestingservices"/>
  <text>
    <status value="generated"/><div xmlns="http://www.w3.org/1999/xhtml"><p class="res-header-id"><b>Generated Narrative: Requirements HIV.B.HIVtestingservices</b></p><a name="HIV.B.HIVtestingservices"> </a><a name="hcHIV.B.HIVtestingservices"> </a><a name="HIV.B.HIVtestingservices-en-US"> </a><table class="grid"><tr><td><b><a name="HIV.FXNREQ.022"> </a></b>HIV.FXNREQ.022</td><td/><td><div><p>As a Health worker
I want to identify the date of the last attended contact
So that I can ensure the client is receiving services according to recommended schedule</p>
</div></td></tr><tr><td><b><a name="HIV.FXNREQ.023"> </a></b>HIV.FXNREQ.023</td><td/><td><div><p>As a Health worker
I want the system to highlight abnormal values
So that I can identify critical health issues or errors (if a data-entry issue)</p>
</div></td></tr><tr><td><b><a name="HIV.FXNREQ.024"> </a></b>HIV.FXNREQ.024</td><td/><td><div><p>As a Health worker
I want to see which clinical staging conditions or symptoms the client has already experienced
So that the information may be used to help classify the client’s HIV disease severity.</p>
</div></td></tr><tr><td><b><a name="HIV.FXNREQ.025"> </a></b>HIV.FXNREQ.025</td><td/><td><div><p>As a Health worker
I want the system to provide real-time range checks and integrity checks on data
So that I can ensure entry of accurate information and reduce errors</p>
</div></td></tr><tr><td><b><a name="HIV.FXNREQ.026"> </a></b>HIV.FXNREQ.026</td><td/><td><div><p>As a Health worker or data entry clerk
I want to record the HIV status of partners or family members of clients, with proper consent
So that I can provide specialized care (for example, in serodiscordant couples)</p>
</div></td></tr><tr><td><b><a name="HIV.FXNREQ.027"> </a></b>HIV.FXNREQ.027</td><td/><td><div><p>As a Health worker
I want to review past medical history previously entered
So that I can provide appropriate services according to the latest clinical protocols</p>
</div></td></tr><tr><td><b><a name="HIV.FXNREQ.028"> </a></b>HIV.FXNREQ.028</td><td/><td><div><p>As a Health worker or data entry clerk
I want to have different question and language prompts when clients are from different populations
So that I can better support populations such as adolescents, paediatric clients and caregivers and their unique needs.</p>
</div></td></tr><tr><td><b><a name="HIV.FXNREQ.029"> </a></b>HIV.FXNREQ.029</td><td/><td><div><p>As a Health worker
I want a list of tests that I (the health worker) can order
So that I can provide appropriate services according to the latest clinical protocols</p>
</div></td></tr><tr><td><b><a name="HIV.FXNREQ.030"> </a></b>HIV.FXNREQ.030</td><td/><td><div><p>As a Health worker
I want to print a requisition for lab tests, which includes required information for performing the test
So that I can provide the client with list of test required</p>
</div></td></tr><tr><td><b><a name="HIV.FXNREQ.031"> </a></b>HIV.FXNREQ.031</td><td/><td><div><p>As a Health worker
I want the system to suggest appropriate treatments/investigations based on data entered
So that I can provide appropriate services according to the latest clinical protocols</p>
</div></td></tr><tr><td><b><a name="HIV.FXNREQ.032"> </a></b>HIV.FXNREQ.032</td><td/><td><div><p>As a Health worker
I want to see where I can refer clients for specialized counselling that I’m not qualified to provide
So that I can direct clients to where they can get the confidential and sensitive support they need</p>
</div></td></tr><tr><td><b><a name="HIV.FXNREQ.033"> </a></b>HIV.FXNREQ.033</td><td/><td><div><p>As a Health worker
I want to see a schedule of available days
So that I can notify the client when to return for subsequent contact</p>
</div></td></tr><tr><td><b><a name="HIV.FXNREQ.034"> </a></b>HIV.FXNREQ.034</td><td/><td><div><p>As a Health worker
I want to have the system automatically calculate the date when the client should return for care based on, for example, risk, prevalence or clinical stability
So that I do not have to calculate this myself</p>
</div></td></tr></table></div>
  </text>
  <extension url="http://hl7.org/fhir/5.0/StructureDefinition/extension-Requirements.url">
    <valueUri value="http://smart.who.int/hiv/Requirements/HIV.B.HIVtestingservices"/>
  </extension>
  <extension url="http://hl7.org/fhir/5.0/StructureDefinition/extension-Requirements.version">
    <valueString value="0.2.0"/>
  </extension>
  <extension url="http://hl7.org/fhir/5.0/StructureDefinition/extension-Requirements.status">
    <valueCode value="active"/>
  </extension>
  <extension url="http://hl7.org/fhir/5.0/StructureDefinition/extension-Requirements.date">
    <valueDateTime value="2024-08-09T22:35:04+00:00"/>
  </extension>
  <extension url="http://hl7.org/fhir/5.0/StructureDefinition/extension-Requirements.publisher">
    <valueString value="WHO"/>
  </extension>
  <extension url="http://hl7.org/fhir/5.0/StructureDefinition/extension-Requirements.contact">
    <valueContactDetail>
      <name value="WHO"/>
      <telecom>
        <system value="url"/>
        <value value="http://who.int"/>
      </telecom>
    </valueContactDetail>
  </extension>
  <extension url="http://hl7.org/fhir/5.0/StructureDefinition/extension-Requirements.jurisdiction"/>
  <extension url="http://hl7.org/fhir/5.0/StructureDefinition/extension-Requirements.statement">
    <extension url="http://hl7.org/fhir/5.0/StructureDefinition/extension-Requirements.statement.key">
      <valueId value="HIV.FXNREQ.022"/>
    </extension>
    <extension url="http://hl7.org/fhir/5.0/StructureDefinition/extension-Requirements.statement.requirement">
      <valueMarkdown value="As a Health worker&#xA;I want to identify the date of the last attended contact&#xA;So that I can ensure the client is receiving services according to recommended schedule"/>
    </extension>
  </extension>
  <extension url="http://hl7.org/fhir/5.0/StructureDefinition/extension-Requirements.statement">
    <extension url="http://hl7.org/fhir/5.0/StructureDefinition/extension-Requirements.statement.key">
      <valueId value="HIV.FXNREQ.023"/>
    </extension>
    <extension url="http://hl7.org/fhir/5.0/StructureDefinition/extension-Requirements.statement.requirement">
      <valueMarkdown value="As a Health worker&#xA;I want the system to highlight abnormal values&#xA;So that I can identify critical health issues or errors (if a data-entry issue)"/>
    </extension>
  </extension>
  <extension url="http://hl7.org/fhir/5.0/StructureDefinition/extension-Requirements.statement">
    <extension url="http://hl7.org/fhir/5.0/StructureDefinition/extension-Requirements.statement.key">
      <valueId value="HIV.FXNREQ.024"/>
    </extension>
    <extension url="http://hl7.org/fhir/5.0/StructureDefinition/extension-Requirements.statement.requirement">
      <valueMarkdown value="As a Health worker&#xA;I want to see which clinical staging conditions or symptoms the client has already experienced&#xA;So that the information may be used to help classify the client’s HIV disease severity."/>
    </extension>
  </extension>
  <extension url="http://hl7.org/fhir/5.0/StructureDefinition/extension-Requirements.statement">
    <extension url="http://hl7.org/fhir/5.0/StructureDefinition/extension-Requirements.statement.key">
      <valueId value="HIV.FXNREQ.025"/>
    </extension>
    <extension url="http://hl7.org/fhir/5.0/StructureDefinition/extension-Requirements.statement.requirement">
      <valueMarkdown value="As a Health worker&#xA;I want the system to provide real-time range checks and integrity checks on data&#xA;So that I can ensure entry of accurate information and reduce errors"/>
    </extension>
  </extension>
  <extension url="http://hl7.org/fhir/5.0/StructureDefinition/extension-Requirements.statement">
    <extension url="http://hl7.org/fhir/5.0/StructureDefinition/extension-Requirements.statement.key">
      <valueId value="HIV.FXNREQ.026"/>
    </extension>
    <extension url="http://hl7.org/fhir/5.0/StructureDefinition/extension-Requirements.statement.requirement">
      <valueMarkdown value="As a Health worker or data entry clerk&#xA;I want to record the HIV status of partners or family members of clients, with proper consent&#xA;So that I can provide specialized care (for example, in serodiscordant couples)"/>
    </extension>
  </extension>
  <extension url="http://hl7.org/fhir/5.0/StructureDefinition/extension-Requirements.statement">
    <extension url="http://hl7.org/fhir/5.0/StructureDefinition/extension-Requirements.statement.key">
      <valueId value="HIV.FXNREQ.027"/>
    </extension>
    <extension url="http://hl7.org/fhir/5.0/StructureDefinition/extension-Requirements.statement.requirement">
      <valueMarkdown value="As a Health worker&#xA;I want to review past medical history previously entered&#xA;So that I can provide appropriate services according to the latest clinical protocols"/>
    </extension>
  </extension>
  <extension url="http://hl7.org/fhir/5.0/StructureDefinition/extension-Requirements.statement">
    <extension url="http://hl7.org/fhir/5.0/StructureDefinition/extension-Requirements.statement.key">
      <valueId value="HIV.FXNREQ.028"/>
    </extension>
    <extension url="http://hl7.org/fhir/5.0/StructureDefinition/extension-Requirements.statement.requirement">
      <valueMarkdown value="As a Health worker or data entry clerk&#xA;I want to have different question and language prompts when clients are from different populations&#xA;So that I can better support populations such as adolescents, paediatric clients and caregivers and their unique needs."/>
    </extension>
  </extension>
  <extension url="http://hl7.org/fhir/5.0/StructureDefinition/extension-Requirements.statement">
    <extension url="http://hl7.org/fhir/5.0/StructureDefinition/extension-Requirements.statement.key">
      <valueId value="HIV.FXNREQ.029"/>
    </extension>
    <extension url="http://hl7.org/fhir/5.0/StructureDefinition/extension-Requirements.statement.requirement">
      <valueMarkdown value="As a Health worker&#xA;I want a list of tests that I (the health worker) can order&#xA;So that I can provide appropriate services according to the latest clinical protocols"/>
    </extension>
  </extension>
  <extension url="http://hl7.org/fhir/5.0/StructureDefinition/extension-Requirements.statement">
    <extension url="http://hl7.org/fhir/5.0/StructureDefinition/extension-Requirements.statement.key">
      <valueId value="HIV.FXNREQ.030"/>
    </extension>
    <extension url="http://hl7.org/fhir/5.0/StructureDefinition/extension-Requirements.statement.requirement">
      <valueMarkdown value="As a Health worker&#xA;I want to print a requisition for lab tests, which includes required information for performing the test&#xA;So that I can provide the client with list of test required"/>
    </extension>
  </extension>
  <extension url="http://hl7.org/fhir/5.0/StructureDefinition/extension-Requirements.statement">
    <extension url="http://hl7.org/fhir/5.0/StructureDefinition/extension-Requirements.statement.key">
      <valueId value="HIV.FXNREQ.031"/>
    </extension>
    <extension url="http://hl7.org/fhir/5.0/StructureDefinition/extension-Requirements.statement.requirement">
      <valueMarkdown value="As a Health worker&#xA;I want the system to suggest appropriate treatments/investigations based on data entered&#xA;So that I can provide appropriate services according to the latest clinical protocols"/>
    </extension>
  </extension>
  <extension url="http://hl7.org/fhir/5.0/StructureDefinition/extension-Requirements.statement">
    <extension url="http://hl7.org/fhir/5.0/StructureDefinition/extension-Requirements.statement.key">
      <valueId value="HIV.FXNREQ.032"/>
    </extension>
    <extension url="http://hl7.org/fhir/5.0/StructureDefinition/extension-Requirements.statement.requirement">
      <valueMarkdown value="As a Health worker&#xA;I want to see where I can refer clients for specialized counselling that I’m not qualified to provide&#xA;So that I can direct clients to where they can get the confidential and sensitive support they need"/>
    </extension>
  </extension>
  <extension url="http://hl7.org/fhir/5.0/StructureDefinition/extension-Requirements.statement">
    <extension url="http://hl7.org/fhir/5.0/StructureDefinition/extension-Requirements.statement.key">
      <valueId value="HIV.FXNREQ.033"/>
    </extension>
    <extension url="http://hl7.org/fhir/5.0/StructureDefinition/extension-Requirements.statement.requirement">
      <valueMarkdown value="As a Health worker&#xA;I want to see a schedule of available days&#xA;So that I can notify the client when to return for subsequent contact"/>
    </extension>
  </extension>
  <extension url="http://hl7.org/fhir/5.0/StructureDefinition/extension-Requirements.statement">
    <extension url="http://hl7.org/fhir/5.0/StructureDefinition/extension-Requirements.statement.key">
      <valueId value="HIV.FXNREQ.034"/>
    </extension>
    <extension url="http://hl7.org/fhir/5.0/StructureDefinition/extension-Requirements.statement.requirement">
      <valueMarkdown value="As a Health worker&#xA;I want to have the system automatically calculate the date when the client should return for care based on, for example, risk, prevalence or clinical stability&#xA;So that I do not have to calculate this myself"/>
    </extension>
  </extension>
  <code>
    <coding>
      <system value="http://hl7.org/fhir/fhir-types"/>
      <code value="Requirements"/>
    </coding>
  </code>
</Basic>