{
  "resourceType" : "ValueSet",
  "id" : "hiv-e-de260",
  "text" : {
    "status" : "extensions",
    "div" : "<div xmlns=\"http://www.w3.org/1999/xhtml\"><ul><li>Include these codes as defined in <a href=\"CodeSystem-concept-codes.html\"><code>http://fhir.org/guides/who/hiv-dak/CodeSystem/HIV-DAKConcepts</code></a><table class=\"none\"><tr><td style=\"white-space:nowrap\"><b>Code</b></td><td><b>Display</b></td><td><b>Definition</b></td></tr><tr><td><a href=\"CodeSystem-concept-codes.html#concept-codes-HIV.46E.46DE260\">HIV.E.DE260</a></td><td>0</td><td>Urine protein test result - 0</td></tr><tr><td><a href=\"CodeSystem-concept-codes.html#concept-codes-HIV.46E.46DE261\">HIV.E.DE261</a></td><td>+</td><td>Urine protein test result - +</td></tr><tr><td><a href=\"CodeSystem-concept-codes.html#concept-codes-HIV.46E.46DE262\">HIV.E.DE262</a></td><td>++</td><td>Urine protein test result - ++</td></tr><tr><td><a href=\"CodeSystem-concept-codes.html#concept-codes-HIV.46E.46DE263\">HIV.E.DE263</a></td><td>+++</td><td>Urine protein test result - +++</td></tr></table></li></ul></div>"
  },
  "url" : "http://fhir.org/guides/who/hiv-dak/ValueSet/hiv-e-de260",
  "version" : "0.3.0",
  "name" : "UrineproteintestresultCodes",
  "title" : "Urine protein test result Codes",
  "status" : "draft",
  "experimental" : false,
  "date" : "2024-06-06T18:27:39+00:00",
  "publisher" : "World Health Organization (WHO) ",
  "contact" : [{
    "telecom" : [{
      "system" : "url",
      "value" : "https://www.who.int"
    }]
  }],
  "description" : "Codes representing possible values for the Urine protein test result element",
  "jurisdiction" : [{
    "coding" : [{
      "system" : "http://unstats.un.org/unsd/methods/m49/m49.htm",
      "code" : "001"
    }]
  }],
  "immutable" : true,
  "compose" : {
    "include" : [{
      "system" : "http://fhir.org/guides/who/hiv-dak/CodeSystem/HIV-DAKConcepts",
      "concept" : [{
        "code" : "HIV.E.DE260",
        "display" : "0"
      },
      {
        "code" : "HIV.E.DE261",
        "display" : "+"
      },
      {
        "code" : "HIV.E.DE262",
        "display" : "++"
      },
      {
        "code" : "HIV.E.DE263",
        "display" : "+++"
      }]
    }]
  }
}