{
  "resourceType" : "ValueSet",
  "id" : "HIV.G.DE29",
  "meta" : {
    "profile" : ["http://hl7.org/fhir/uv/crmi/StructureDefinition/crmi-shareablevalueset",
    "http://hl7.org/fhir/uv/crmi/StructureDefinition/crmi-publishablevalueset",
    "http://hl7.org/fhir/uv/crmi/StructureDefinition/crmi-computablevalueset"]
  },
  "text" : {
    "status" : "extensions",
    "div" : "<div xmlns=\"http://www.w3.org/1999/xhtml\"><p class=\"res-header-id\"><b>Generated Narrative: ValueSet HIV.G.DE29</b></p><a name=\"HIV.G.DE29\"> </a><a name=\"hcHIV.G.DE29\"> </a><a name=\"HIV.G.DE29-en-US\"> </a><ul><li>Include these codes as defined in <a href=\"CodeSystem-HIVConcepts.html\"><code>http://smart.who.int/hiv/CodeSystem/HIVConcepts</code></a><table class=\"none\"><tr><td style=\"white-space:nowrap\"><b>Code</b></td><td><b>Display</b></td><td><b>Definition</b></td></tr><tr><td><a href=\"CodeSystem-HIVConcepts.html#HIVConcepts-HIV.46G.46DE30\">HIV.G.DE30</a></td><td>Hepatitis B positive</td><td>Client is positive for Hepatitis B</td></tr><tr><td><a href=\"CodeSystem-HIVConcepts.html#HIVConcepts-HIV.46G.46DE31\">HIV.G.DE31</a></td><td>Hepatitis B negative</td><td>Client is negative for Hepatitis B</td></tr></table></li></ul></div>"
  },
  "url" : "http://smart.who.int/hiv/ValueSet/HIV.G.DE29",
  "version" : "0.2.0",
  "name" : "HIVGDE29",
  "title" : "Hepatitis B diagnosis ValueSet",
  "status" : "active",
  "experimental" : true,
  "date" : "2024-07-22T01:36:05+00:00",
  "publisher" : "WHO",
  "contact" : [{
    "name" : "WHO",
    "telecom" : [{
      "system" : "url",
      "value" : "http://who.int"
    }]
  }],
  "description" : "Value set of client's hepatitis B diagnosis",
  "compose" : {
    "include" : [{
      "system" : "http://smart.who.int/hiv/CodeSystem/HIVConcepts",
      "concept" : [{
        "code" : "HIV.G.DE30",
        "display" : "Hepatitis B positive"
      },
      {
        "code" : "HIV.G.DE31",
        "display" : "Hepatitis B negative"
      }]
    }]
  }
}