<?xml version="1.0" encoding="UTF-8"?>

<ValueSet xmlns="http://hl7.org/fhir">
  <id value="HIV.H.DE41"/>
  <meta>
    <profile value="http://hl7.org/fhir/uv/crmi/StructureDefinition/crmi-shareablevalueset"/>
    <profile value="http://hl7.org/fhir/uv/crmi/StructureDefinition/crmi-publishablevalueset"/>
    <profile value="http://hl7.org/fhir/uv/crmi/StructureDefinition/crmi-computablevalueset"/>
  </meta>
  <text>
    <status value="extensions"/><div xmlns="http://www.w3.org/1999/xhtml"><p class="res-header-id"><b>Generated Narrative: ValueSet HIV.H.DE41</b></p><a name="HIV.H.DE41"> </a><a name="hcHIV.H.DE41"> </a><a name="HIV.H.DE41-en-US"> </a><ul><li>Include these codes as defined in <a href="CodeSystem-HIVConcepts.html"><code>http://smart.who.int/hiv/CodeSystem/HIVConcepts</code></a><table class="none"><tr><td style="white-space:nowrap"><b>Code</b></td><td><b>Display</b></td><td><b>Definition</b></td></tr><tr><td><a href="CodeSystem-HIVConcepts.html#HIVConcepts-HIV.46H.46DE42">HIV.H.DE42</a></td><td>Lost to follow-up</td><td>Twenty-eight days or more since last missed appointment </td></tr><tr><td><a href="CodeSystem-HIVConcepts.html#HIVConcepts-HIV.46H.46DE43">HIV.H.DE43</a></td><td>Transferred out</td><td>The client transferred to another facility</td></tr><tr><td><a href="CodeSystem-HIVConcepts.html#HIVConcepts-HIV.46H.46DE44">HIV.H.DE44</a></td><td>Death (documented)</td><td>People living with HIV previously on ART who are confirmed to have died from any cause</td></tr><tr><td><a href="CodeSystem-HIVConcepts.html#HIVConcepts-HIV.46H.46DE45">HIV.H.DE45</a></td><td>Refused (stopped) treatment</td><td>Client was contacted and confirmed to have stopped ART (reasons may include stigma and discrimination, faith healing, etc.)</td></tr></table></li></ul></div>
  </text>
  <url value="http://smart.who.int/hiv/ValueSet/HIV.H.DE41"/>
  <version value="0.3.0"/>
  <name value="HIVHDE41"/>
  <title value="HIV treatment outcome ValueSet"/>
  <status value="active"/>
  <experimental value="true"/>
  <date value="2024-10-30T19:02:22+00:00"/>
  <publisher value="WHO"/>
  <contact>
    <name value="WHO"/>
    <telecom>
      <system value="url"/>
      <value value="http://who.int"/>
    </telecom>
  </contact>
  <description value="Value set of the outcome for the client which is used for reporting retention/attrition."/>
  <compose>
    <include>
      <system value="http://smart.who.int/hiv/CodeSystem/HIVConcepts"/>
      <concept>
        <code value="HIV.H.DE42"/>
        <display value="Lost to follow-up"/>
      </concept>
      <concept>
        <code value="HIV.H.DE43"/>
        <display value="Transferred out"/>
      </concept>
      <concept>
        <code value="HIV.H.DE44"/>
        <display value="Death (documented)"/>
      </concept>
      <concept>
        <code value="HIV.H.DE45"/>
        <display value="Refused (stopped) treatment"/>
      </concept>
    </include>
  </compose>
</ValueSet>