<?xml version="1.0" encoding="UTF-8"?>

<ValueSet xmlns="http://hl7.org/fhir">
  <id value="HIV.E.DE173"/>
  <meta>
    <profile value="http://hl7.org/fhir/uv/crmi/StructureDefinition/crmi-shareablevalueset"/>
    <profile value="http://hl7.org/fhir/uv/crmi/StructureDefinition/crmi-publishablevalueset"/>
    <profile value="http://hl7.org/fhir/uv/crmi/StructureDefinition/crmi-computablevalueset"/>
  </meta>
  <text>
    <status value="extensions"/><div xmlns="http://www.w3.org/1999/xhtml"><p class="res-header-id"><b>Generated Narrative: ValueSet HIV.E.DE173</b></p><a name="HIV.E.DE173"> </a><a name="hcHIV.E.DE173"> </a><a name="HIV.E.DE173-en-US"> </a><ul><li>Include these codes as defined in <a href="CodeSystem-HIVConcepts.html"><code>http://smart.who.int/hiv/CodeSystem/HIVConcepts</code></a><table class="none"><tr><td style="white-space:nowrap"><b>Code</b></td><td><b>Display</b></td><td><b>Definition</b></td></tr><tr><td><a href="CodeSystem-HIVConcepts.html#HIVConcepts-HIV.46E.46DE174">HIV.E.DE174</a></td><td>12-month visit</td><td>HIV-exposed infant attending MCH services for a 12-month visit</td></tr><tr><td><a href="CodeSystem-HIVConcepts.html#HIVConcepts-HIV.46E.46DE175">HIV.E.DE175</a></td><td>24-month visit</td><td>HIV-exposed infants attending MCH services for a 24-month visit</td></tr><tr><td><a href="CodeSystem-HIVConcepts.html#HIVConcepts-HIV.46E.46DE176">HIV.E.DE176</a></td><td>First visit after the end of breastfeeding</td><td>HIV-exposed infant attending MCH services for a first visit after the end of breastfeeding</td></tr></table></li></ul></div>
  </text>
  <url value="http://smart.who.int/hiv/ValueSet/HIV.E.DE173"/>
  <version value="0.3.0"/>
  <name value="HIVEDE173"/>
  <title value="Maternal and child health service visit ValueSet"/>
  <status value="active"/>
  <experimental value="true"/>
  <date value="2024-10-17T13:22:30+00:00"/>
  <publisher value="WHO"/>
  <contact>
    <name value="WHO"/>
    <telecom>
      <system value="url"/>
      <value value="http://who.int"/>
    </telecom>
  </contact>
  <description value="Value set of maternal and child health service visit attended by an HIV-exposed infant"/>
  <compose>
    <include>
      <system value="http://smart.who.int/hiv/CodeSystem/HIVConcepts"/>
      <concept>
        <code value="HIV.E.DE174"/>
        <display value="12-month visit"/>
      </concept>
      <concept>
        <code value="HIV.E.DE175"/>
        <display value="24-month visit"/>
      </concept>
      <concept>
        <code value="HIV.E.DE176"/>
        <display value="First visit after the end of breastfeeding"/>
      </concept>
    </include>
  </compose>
</ValueSet>