{
  "resourceType" : "ValueSet",
  "id" : "HIV.B.DE8",
  "meta" : {
    "profile" : ["http://hl7.org/fhir/uv/crmi/StructureDefinition/crmi-shareablevalueset",
    "http://hl7.org/fhir/uv/crmi/StructureDefinition/crmi-publishablevalueset",
    "http://hl7.org/fhir/uv/crmi/StructureDefinition/crmi-computablevalueset"]
  },
  "text" : {
    "status" : "extensions",
    "div" : "<div xmlns=\"http://www.w3.org/1999/xhtml\"><p class=\"res-header-id\"><b>Generated Narrative: ValueSet HIV.B.DE8</b></p><a name=\"HIV.B.DE8\"> </a><a name=\"hcHIV.B.DE8\"> </a><a name=\"HIV.B.DE8-en-US\"> </a><ul><li>Include these codes as defined in <a href=\"CodeSystem-HIVConcepts.html\"><code>http://smart.who.int/hiv/CodeSystem/HIVConcepts</code></a><table class=\"none\"><tr><td style=\"white-space:nowrap\"><b>Code</b></td><td><b>Display</b></td><td><b>Definition</b></td></tr><tr><td><a href=\"CodeSystem-HIVConcepts.html#HIVConcepts-HIV.46B.46DE9\">HIV.B.DE9</a></td><td>Biological child</td><td>Client is the biological child of the person that referred the client for family services</td></tr><tr><td><a href=\"CodeSystem-HIVConcepts.html#HIVConcepts-HIV.46B.46DE10\">HIV.B.DE10</a></td><td>Drug-injecting partner</td><td>Client is a drug-injecting partner of the person that referred the client for partner services</td></tr><tr><td><a href=\"CodeSystem-HIVConcepts.html#HIVConcepts-HIV.46B.46DE11\">HIV.B.DE11</a></td><td>Sexual partner</td><td>Client is a sexual partner of the person that referred the client for partner services</td></tr><tr><td><a href=\"CodeSystem-HIVConcepts.html#HIVConcepts-HIV.46B.46DE12\">HIV.B.DE12</a></td><td>Social contact</td><td>Client is a social contact of the person that referred the client for social-network services</td></tr></table></li></ul></div>"
  },
  "url" : "http://smart.who.int/hiv/ValueSet/HIV.B.DE8",
  "version" : "0.2.0",
  "name" : "HIVBDE8",
  "title" : "Type of contact or partner for partner services ValueSet",
  "status" : "active",
  "experimental" : true,
  "date" : "2024-08-02T14:11:44+00:00",
  "publisher" : "WHO",
  "contact" : [{
    "name" : "WHO",
    "telecom" : [{
      "system" : "url",
      "value" : "http://who.int"
    }]
  }],
  "description" : "Value set of client's relationship to the person that referred the client for partner services or family services",
  "compose" : {
    "include" : [{
      "system" : "http://smart.who.int/hiv/CodeSystem/HIVConcepts",
      "concept" : [{
        "code" : "HIV.B.DE9",
        "display" : "Biological child"
      },
      {
        "code" : "HIV.B.DE10",
        "display" : "Drug-injecting partner"
      },
      {
        "code" : "HIV.B.DE11",
        "display" : "Sexual partner"
      },
      {
        "code" : "HIV.B.DE12",
        "display" : "Social contact"
      }]
    }]
  }
}