{
  "resourceType" : "ValueSet",
  "id" : "HIV.B.DE301",
  "meta" : {
    "profile" : ["http://hl7.org/fhir/uv/crmi/StructureDefinition/crmi-shareablevalueset",
    "http://hl7.org/fhir/uv/crmi/StructureDefinition/crmi-publishablevalueset",
    "http://hl7.org/fhir/uv/crmi/StructureDefinition/crmi-computablevalueset"]
  },
  "text" : {
    "status" : "extensions",
    "div" : "<div xmlns=\"http://www.w3.org/1999/xhtml\"><p class=\"res-header-id\"><b>Generated Narrative: ValueSet HIV.B.DE301</b></p><a name=\"HIV.B.DE301\"> </a><a name=\"hcHIV.B.DE301\"> </a><a name=\"HIV.B.DE301-en-US\"> </a><ul><li>Include these codes as defined in <a href=\"CodeSystem-HIVConcepts.html\"><code>http://smart.who.int/hiv/CodeSystem/HIVConcepts</code></a><table class=\"none\"><tr><td style=\"white-space:nowrap\"><b>Code</b></td><td><b>Display</b></td><td><b>Definition</b></td></tr><tr><td><a href=\"CodeSystem-HIVConcepts.html#HIVConcepts-HIV.46B.46DE302\">HIV.B.DE302</a></td><td>NAAT</td><td>Nucleic Acid Amplification Test (NAAT) used</td></tr><tr><td><a href=\"CodeSystem-HIVConcepts.html#HIVConcepts-HIV.46B.46DE303\">HIV.B.DE303</a></td><td>Antibody test</td><td>Antibody test used</td></tr><tr><td><a href=\"CodeSystem-HIVConcepts.html#HIVConcepts-HIV.46B.46DE304\">HIV.B.DE304</a></td><td>Other</td><td>Other type of test used</td></tr></table></li></ul></div>"
  },
  "url" : "http://smart.who.int/hiv/ValueSet/HIV.B.DE301",
  "version" : "0.2.0",
  "name" : "HIVBDE301",
  "title" : "Herpes simplex virus (HSV) test type ValueSet",
  "status" : "active",
  "experimental" : true,
  "date" : "2024-07-22T01:36:05+00:00",
  "publisher" : "WHO",
  "contact" : [{
    "name" : "WHO",
    "telecom" : [{
      "system" : "url",
      "value" : "http://who.int"
    }]
  }],
  "description" : "Value set of type of diagnostic test used for herpes simplex virus (HSV)",
  "compose" : {
    "include" : [{
      "system" : "http://smart.who.int/hiv/CodeSystem/HIVConcepts",
      "concept" : [{
        "code" : "HIV.B.DE302",
        "display" : "NAAT"
      },
      {
        "code" : "HIV.B.DE303",
        "display" : "Antibody test"
      },
      {
        "code" : "HIV.B.DE304",
        "display" : "Other"
      }]
    }]
  }
}