<?xml version="1.0" encoding="UTF-8"?>

<ValueSet xmlns="http://hl7.org/fhir">
  <id value="HIV.D.DE492"/>
  <meta>
    <profile value="http://hl7.org/fhir/uv/crmi/StructureDefinition/crmi-shareablevalueset"/>
    <profile value="http://hl7.org/fhir/uv/crmi/StructureDefinition/crmi-publishablevalueset"/>
    <profile value="http://hl7.org/fhir/uv/crmi/StructureDefinition/crmi-computablevalueset"/>
  </meta>
  <text>
    <status value="generated"/><div xmlns="http://www.w3.org/1999/xhtml"><p class="res-header-id"><b>Generated Narrative: ValueSet HIV.D.DE492</b></p><a name="HIV.D.DE492"> </a><a name="hcHIV.D.DE492"> </a><a name="HIV.D.DE492-en-US"> </a><p>This value set includes codes based on the following rules:</p><ul/></div>
  </text>
  <url value="http://smart.who.int/hiv/ValueSet/HIV.D.DE492"/>
  <version value="0.3.0"/>
  <name value="HIVDDE492"/>
  <title value="Reason for switch to third-line regimen ValueSet"/>
  <status value="active"/>
  <experimental value="true"/>
  <date value="2024-08-18T19:09:24+00:00"/>
  <publisher value="WHO"/>
  <contact>
    <name value="WHO"/>
    <telecom>
      <system value="url"/>
      <value value="http://who.int"/>
    </telecom>
  </contact>
  <description value="Value set of reason why client was switched from second- to third-line ARV drug regimen (see 'Reason for regimen switch' for levels)"/>
</ValueSet>