{
  "resourceType" : "ValueSet",
  "id" : "HIV.D.DE939",
  "meta" : {
    "profile" : ["http://hl7.org/fhir/uv/crmi/StructureDefinition/crmi-shareablevalueset",
    "http://hl7.org/fhir/uv/crmi/StructureDefinition/crmi-publishablevalueset",
    "http://hl7.org/fhir/uv/crmi/StructureDefinition/crmi-computablevalueset"]
  },
  "text" : {
    "status" : "extensions",
    "div" : "<div xmlns=\"http://www.w3.org/1999/xhtml\"><p class=\"res-header-id\"><b>Generated Narrative: ValueSet HIV.D.DE939</b></p><a name=\"HIV.D.DE939\"> </a><a name=\"hcHIV.D.DE939\"> </a><a name=\"HIV.D.DE939-en-US\"> </a><ul><li>Include these codes as defined in <a href=\"CodeSystem-HIVConcepts.html\"><code>http://smart.who.int/hiv/CodeSystem/HIVConcepts</code></a><table class=\"none\"><tr><td style=\"white-space:nowrap\"><b>Code</b></td><td><b>Display</b></td><td><b>Definition</b></td></tr><tr><td><a href=\"CodeSystem-HIVConcepts.html#HIVConcepts-HIV.46D.46DE940\">HIV.D.DE940</a></td><td>Diagnosed TB</td><td>Client is diagnosed with TB disease</td></tr><tr><td><a href=\"CodeSystem-HIVConcepts.html#HIVConcepts-HIV.46D.46DE941\">HIV.D.DE941</a></td><td>TB excluded</td><td>Client is not diagnosed with TB</td></tr></table></li></ul></div>"
  },
  "url" : "http://smart.who.int/hiv/ValueSet/HIV.D.DE939",
  "version" : "0.2.0",
  "name" : "HIVDDE939",
  "title" : "TB diagnosis result ValueSet",
  "status" : "active",
  "experimental" : true,
  "date" : "2024-08-18T19:04:15+00:00",
  "publisher" : "WHO",
  "contact" : [{
    "name" : "WHO",
    "telecom" : [{
      "system" : "url",
      "value" : "http://who.int"
    }]
  }],
  "description" : "Value set of final result of the TB investigation (bacteriological and/or clinical)",
  "compose" : {
    "include" : [{
      "system" : "http://smart.who.int/hiv/CodeSystem/HIVConcepts",
      "concept" : [{
        "code" : "HIV.D.DE940",
        "display" : "Diagnosed TB"
      },
      {
        "code" : "HIV.D.DE941",
        "display" : "TB excluded"
      }]
    }]
  }
}