{
  "resourceType" : "ValueSet",
  "id" : "HIV.D.DE658",
  "meta" : {
    "profile" : ["http://hl7.org/fhir/uv/crmi/StructureDefinition/crmi-shareablevalueset",
    "http://hl7.org/fhir/uv/crmi/StructureDefinition/crmi-publishablevalueset",
    "http://hl7.org/fhir/uv/crmi/StructureDefinition/crmi-computablevalueset"]
  },
  "text" : {
    "status" : "extensions",
    "div" : "<div xmlns=\"http://www.w3.org/1999/xhtml\"><p class=\"res-header-id\"><b>Generated Narrative: ValueSet HIV.D.DE658</b></p><a name=\"HIV.D.DE658\"> </a><a name=\"hcHIV.D.DE658\"> </a><a name=\"HIV.D.DE658-en-US\"> </a><ul><li>Include these codes as defined in <a href=\"CodeSystem-HIVConcepts.html\"><code>http://smart.who.int/hiv/CodeSystem/HIVConcepts</code></a><table class=\"none\"><tr><td style=\"white-space:nowrap\"><b>Code</b></td><td><b>Display</b></td><td><b>Definition</b></td></tr><tr><td><a href=\"CodeSystem-HIVConcepts.html#HIVConcepts-HIV.46D.46DE659\">HIV.D.DE659</a></td><td>HPV-DNA</td><td>Screened for cervical cancer using HPV-DNA test</td></tr><tr><td><a href=\"CodeSystem-HIVConcepts.html#HIVConcepts-HIV.46D.46DE660\">HIV.D.DE660</a></td><td>VIA</td><td>Screened for cervical cancer using visual inspection with acetic acid (VIA)</td></tr><tr><td><a href=\"CodeSystem-HIVConcepts.html#HIVConcepts-HIV.46D.46DE661\">HIV.D.DE661</a></td><td>Cervical cytology</td><td>Screened for cervical cancer using cervical cytology</td></tr><tr><td><a href=\"CodeSystem-HIVConcepts.html#HIVConcepts-HIV.46D.46DE662\">HIV.D.DE662</a></td><td>Other</td><td>Screened for cervical cancer using other method</td></tr></table></li></ul></div>"
  },
  "url" : "http://smart.who.int/hiv/ValueSet/HIV.D.DE658",
  "version" : "0.2.0",
  "name" : "HIVDDE658",
  "title" : "Cervical cancer primary screening test type ValueSet",
  "status" : "active",
  "experimental" : true,
  "date" : "2024-08-02T14:11:44+00:00",
  "publisher" : "WHO",
  "contact" : [{
    "name" : "WHO",
    "telecom" : [{
      "system" : "url",
      "value" : "http://who.int"
    }]
  }],
  "description" : "Value set of type of cervical cancer screening test used in primary screening",
  "compose" : {
    "include" : [{
      "system" : "http://smart.who.int/hiv/CodeSystem/HIVConcepts",
      "concept" : [{
        "code" : "HIV.D.DE659",
        "display" : "HPV-DNA"
      },
      {
        "code" : "HIV.D.DE660",
        "display" : "VIA"
      },
      {
        "code" : "HIV.D.DE661",
        "display" : "Cervical cytology"
      },
      {
        "code" : "HIV.D.DE662",
        "display" : "Other"
      }]
    }]
  }
}