<?xml version="1.0" encoding="UTF-8"?>

<ValueSet xmlns="http://hl7.org/fhir">
  <id value="HIV.Config.DE19"/>
  <meta>
    <profile value="http://hl7.org/fhir/uv/crmi/StructureDefinition/crmi-shareablevalueset"/>
    <profile value="http://hl7.org/fhir/uv/crmi/StructureDefinition/crmi-publishablevalueset"/>
    <profile value="http://hl7.org/fhir/uv/crmi/StructureDefinition/crmi-computablevalueset"/>
  </meta>
  <text>
    <status value="generated"/><div xmlns="http://www.w3.org/1999/xhtml"><p class="res-header-id"><b>Generated Narrative: ValueSet HIV.Config.DE19</b></p><a name="HIV.Config.DE19"> </a><a name="hcHIV.Config.DE19"> </a><a name="HIV.Config.DE19-en-US"> </a><p>This value set includes codes based on the following rules:</p><ul/></div>
  </text>
  <url value="http://smart.who.int/hiv/ValueSet/HIV.Config.DE19"/>
  <version value="0.2.0"/>
  <name value="HIVConfigDE19"/>
  <title value="Other priority populations ValueSet"/>
  <status value="active"/>
  <experimental value="true"/>
  <date value="2024-08-12T23:19:51+00:00"/>
  <publisher value="WHO"/>
  <contact>
    <name value="WHO"/>
    <telecom>
      <system value="url"/>
      <value value="http://who.int"/>
    </telecom>
  </contact>
  <description value="Value set of other populations of priority of HIV prevention and care in local context (provided during adaptation)"/>
</ValueSet>