<?xml version="1.0" encoding="UTF-8"?>

<ValueSet xmlns="http://hl7.org/fhir">
  <id value="HIV.D.DE449"/>
  <meta>
    <profile value="http://hl7.org/fhir/uv/crmi/StructureDefinition/crmi-shareablevalueset"/>
    <profile value="http://hl7.org/fhir/uv/crmi/StructureDefinition/crmi-publishablevalueset"/>
    <profile value="http://hl7.org/fhir/uv/crmi/StructureDefinition/crmi-computablevalueset"/>
  </meta>
  <text>
    <status value="extensions"/><div xmlns="http://www.w3.org/1999/xhtml"><p class="res-header-id"><b>Generated Narrative: ValueSet HIV.D.DE449</b></p><a name="HIV.D.DE449"> </a><a name="hcHIV.D.DE449"> </a><a name="HIV.D.DE449-en-US"> </a><ul><li>Include these codes as defined in <a href="CodeSystem-HIVConcepts.html"><code>http://smart.who.int/hiv/CodeSystem/HIVConcepts</code></a><table class="none"><tr><td style="white-space:nowrap"><b>Code</b></td><td><b>Display</b></td><td><b>Definition</b></td></tr><tr><td><a href="CodeSystem-HIVConcepts.html#HIVConcepts-HIV.46D.46DE450">HIV.D.DE450</a></td><td>Pregnant at ART start</td><td>Client was pregnant when ART was initiated</td></tr><tr><td><a href="CodeSystem-HIVConcepts.html#HIVConcepts-HIV.46D.46DE451">HIV.D.DE451</a></td><td>Postpartum at ART start</td><td>Client was postpartum when ART was initiated</td></tr><tr><td><a href="CodeSystem-HIVConcepts.html#HIVConcepts-HIV.46D.46DE452">HIV.D.DE452</a></td><td>ART start at labour and delivery</td><td>Client initiated ART at labour and delivery</td></tr><tr><td><a href="CodeSystem-HIVConcepts.html#HIVConcepts-HIV.46D.46DE453">HIV.D.DE453</a></td><td>Breastfeeding at ART start</td><td>Client was breastfeeding when ART was initiated</td></tr></table></li></ul></div>
  </text>
  <url value="http://smart.who.int/hiv/ValueSet/HIV.D.DE449"/>
  <version value="0.3.0"/>
  <name value="HIVDDE449"/>
  <title value="Pregnant and breastfeeding status at ART start ValueSet"/>
  <status value="active"/>
  <experimental value="true"/>
  <date value="2024-11-07T21:07:17+00:00"/>
  <publisher value="WHO"/>
  <contact>
    <name value="WHO"/>
    <telecom>
      <system value="url"/>
      <value value="http://who.int"/>
    </telecom>
  </contact>
  <description value="Value set of aRT status of women to prevent mother-to-child transmission"/>
  <compose>
    <include>
      <system value="http://smart.who.int/hiv/CodeSystem/HIVConcepts"/>
      <concept>
        <code value="HIV.D.DE450"/>
        <display value="Pregnant at ART start"/>
      </concept>
      <concept>
        <code value="HIV.D.DE451"/>
        <display value="Postpartum at ART start"/>
      </concept>
      <concept>
        <code value="HIV.D.DE452"/>
        <display value="ART start at labour and delivery"/>
      </concept>
      <concept>
        <code value="HIV.D.DE453"/>
        <display value="Breastfeeding at ART start"/>
      </concept>
    </include>
  </compose>
</ValueSet>