<?xml version="1.0" encoding="UTF-8"?>

<ValueSet xmlns="http://hl7.org/fhir">
  <id value="HIV.B.DE317"/>
  <meta>
    <profile value="http://hl7.org/fhir/uv/crmi/StructureDefinition/crmi-shareablevalueset"/>
    <profile value="http://hl7.org/fhir/uv/crmi/StructureDefinition/crmi-publishablevalueset"/>
    <profile value="http://hl7.org/fhir/uv/crmi/StructureDefinition/crmi-computablevalueset"/>
  </meta>
  <text>
    <status value="extensions"/><div xmlns="http://www.w3.org/1999/xhtml"><p class="res-header-id"><b>Generated Narrative: ValueSet HIV.B.DE317</b></p><a name="HIV.B.DE317"> </a><a name="hcHIV.B.DE317"> </a><a name="hcHIV.B.DE317-en-US"> </a><ul><li>Include these codes as defined in <a href="CodeSystem-HIVConcepts.html"><code>http://smart.who.int/hiv/CodeSystem/HIVConcepts</code></a><table class="none"><tr><td style="white-space:nowrap"><b>Code</b></td><td><b>Display</b></td><td><b>Definition</b></td></tr><tr><td><a href="CodeSystem-HIVConcepts.html#HIVConcepts-HIV.46B.46DE318">HIV.B.DE318</a></td><td>Treponemal</td><td>Treponemal test used </td></tr><tr><td><a href="CodeSystem-HIVConcepts.html#HIVConcepts-HIV.46B.46DE319">HIV.B.DE319</a></td><td>Non-treponemal</td><td>Non-treponemal test used</td></tr><tr><td><a href="CodeSystem-HIVConcepts.html#HIVConcepts-HIV.46B.46DE320">HIV.B.DE320</a></td><td>POC Test</td><td>Point-of-care (POC) test used</td></tr><tr><td><a href="CodeSystem-HIVConcepts.html#HIVConcepts-HIV.46B.46DE321">HIV.B.DE321</a></td><td>NAAT</td><td>Nucleic Acid Amplification Test (NAAT) used</td></tr><tr><td><a href="CodeSystem-HIVConcepts.html#HIVConcepts-HIV.46B.46DE322">HIV.B.DE322</a></td><td>Other</td><td>Other test used</td></tr></table></li></ul></div>
  </text>
  <url value="http://smart.who.int/hiv/ValueSet/HIV.B.DE317"/>
  <version value="0.1.0"/>
  <name value="HIVBDE317"/>
  <title value="Confirmatory syphilis test type ValueSet"/>
  <status value="active"/>
  <experimental value="true"/>
  <date value="2024-07-01T15:03:25+00:00"/>
  <publisher value="WHO"/>
  <contact>
    <name value="WHO"/>
    <telecom>
      <system value="url"/>
      <value value="http://who.int"/>
    </telecom>
  </contact>
  <description value="Value set of type of test ued for confirmatory syphilis test"/>
  <compose>
    <include>
      <system value="http://smart.who.int/hiv/CodeSystem/HIVConcepts"/>
      <concept>
        <code value="HIV.B.DE318"/>
        <display value="Treponemal"/>
      </concept>
      <concept>
        <code value="HIV.B.DE319"/>
        <display value="Non-treponemal"/>
      </concept>
      <concept>
        <code value="HIV.B.DE320"/>
        <display value="POC Test"/>
      </concept>
      <concept>
        <code value="HIV.B.DE321"/>
        <display value="NAAT"/>
      </concept>
      <concept>
        <code value="HIV.B.DE322"/>
        <display value="Other"/>
      </concept>
    </include>
  </compose>
</ValueSet>