{
  "resourceType" : "ValueSet",
  "id" : "HIV.D.DE489",
  "meta" : {
    "profile" : ["http://hl7.org/fhir/uv/crmi/StructureDefinition/crmi-shareablevalueset",
    "http://hl7.org/fhir/uv/crmi/StructureDefinition/crmi-publishablevalueset",
    "http://hl7.org/fhir/uv/crmi/StructureDefinition/crmi-computablevalueset"]
  },
  "text" : {
    "status" : "generated",
    "div" : "<div xmlns=\"http://www.w3.org/1999/xhtml\"><p class=\"res-header-id\"><b>Generated Narrative: ValueSet HIV.D.DE489</b></p><a name=\"HIV.D.DE489\"> </a><a name=\"hcHIV.D.DE489\"> </a><a name=\"HIV.D.DE489-en-US\"> </a><p>This value set includes codes based on the following rules:</p><ul/></div>"
  },
  "url" : "http://smart.who.int/hiv/ValueSet/HIV.D.DE489",
  "version" : "0.2.0",
  "name" : "HIVDDE489",
  "title" : "New regimen(s) after substitution within second-line regimen ValueSet",
  "status" : "active",
  "experimental" : true,
  "date" : "2024-08-18T17:57:09+00:00",
  "publisher" : "WHO",
  "contact" : [{
    "name" : "WHO",
    "telecom" : [{
      "system" : "url",
      "value" : "http://who.int"
    }]
  }],
  "description" : "Value set of new ARV drugs after client changed regimen within the second- line regimen"
}