<?xml version="1.0" encoding="UTF-8"?>

<ValueSet xmlns="http://hl7.org/fhir">
  <id value="hiv-b-de75"/>
  <text>
    <status value="extensions"/><div xmlns="http://www.w3.org/1999/xhtml"><ul><li>Include these codes as defined in <a href="CodeSystem-concept-codes.html"><code>http://fhir.org/guides/who/hiv-dak/CodeSystem/HIV-DAKConcepts</code></a><table class="none"><tr><td style="white-space:nowrap"><b>Code</b></td><td><b>Display</b></td><td><b>Definition</b></td></tr><tr><td><a href="CodeSystem-concept-codes.html#concept-codes-HIV.46B.46DE75">HIV.B.DE75</a></td><td>Biological child</td><td>Type of contact elicited - Biological child</td></tr><tr><td><a href="CodeSystem-concept-codes.html#concept-codes-HIV.46B.46DE76">HIV.B.DE76</a></td><td>Drug-injecting partner</td><td>Type of contact elicited - Drug-injecting partner</td></tr><tr><td><a href="CodeSystem-concept-codes.html#concept-codes-HIV.46B.46DE77">HIV.B.DE77</a></td><td>Sexual partner</td><td>Type of contact elicited - Sexual partner</td></tr><tr><td><a href="CodeSystem-concept-codes.html#concept-codes-HIV.46B.46DE78">HIV.B.DE78</a></td><td>Social contact</td><td>Type of contact elicited - Social contact</td></tr></table></li></ul></div>
  </text>
  <url value="http://fhir.org/guides/who/hiv-dak/ValueSet/hiv-b-de75"/>
  <version value="0.3.0"/>
  <name value="TypeofcontactelicitedCodes"/>
  <title value="Type of contact elicited Codes"/>
  <status value="draft"/>
  <experimental value="false"/>
  <date value="2024-05-31T12:29:43+00:00"/>
  <publisher value="World Health Organization (WHO) "/>
  <contact>
    <telecom>
      <system value="url"/>
      <value value="https://www.who.int"/>
    </telecom>
  </contact>
  <description value="Codes representing possible values for the Type of contact elicited element"/>
  <jurisdiction>
    <coding>
      <system value="http://unstats.un.org/unsd/methods/m49/m49.htm"/>
      <code value="001"/>
    </coding>
  </jurisdiction>
  <immutable value="true"/>
  <compose>
    <include>
      <system value="http://fhir.org/guides/who/hiv-dak/CodeSystem/HIV-DAKConcepts"/>
      <concept>
        <code value="HIV.B.DE75"/>
        <display value="Biological child"/>
      </concept>
      <concept>
        <code value="HIV.B.DE76"/>
        <display value="Drug-injecting partner"/>
      </concept>
      <concept>
        <code value="HIV.B.DE77"/>
        <display value="Sexual partner"/>
      </concept>
      <concept>
        <code value="HIV.B.DE78"/>
        <display value="Social contact"/>
      </concept>
    </include>
  </compose>
</ValueSet>