{
  "resourceType" : "ValueSet",
  "id" : "hiv-d-de940",
  "text" : {
    "status" : "extensions",
    "div" : "<div xmlns=\"http://www.w3.org/1999/xhtml\"><ul><li>Include these codes as defined in <a href=\"CodeSystem-concept-codes.html\"><code>http://fhir.org/guides/who/hiv-dak/CodeSystem/HIV-DAKConcepts</code></a><table class=\"none\"><tr><td style=\"white-space:nowrap\"><b>Code</b></td><td><b>Display</b></td><td><b>Definition</b></td></tr><tr><td><a href=\"CodeSystem-concept-codes.html#concept-codes-HIV.46D.46DE940\">HIV.D.DE940</a></td><td>Diagnosed TB</td><td>TB diagnosis result - Diagnosed TB</td></tr><tr><td><a href=\"CodeSystem-concept-codes.html#concept-codes-HIV.46D.46DE941\">HIV.D.DE941</a></td><td>TB excluded</td><td>TB diagnosis result - TB excluded</td></tr></table></li></ul></div>"
  },
  "url" : "http://fhir.org/guides/who/hiv-dak/ValueSet/hiv-d-de940",
  "version" : "0.3.0",
  "name" : "TBdiagnosisresultCodes",
  "title" : "TB diagnosis result Codes",
  "status" : "draft",
  "experimental" : false,
  "date" : "2024-06-06T18:27:39+00:00",
  "publisher" : "World Health Organization (WHO) ",
  "contact" : [{
    "telecom" : [{
      "system" : "url",
      "value" : "https://www.who.int"
    }]
  }],
  "description" : "Codes representing possible values for the TB diagnosis result element",
  "jurisdiction" : [{
    "coding" : [{
      "system" : "http://unstats.un.org/unsd/methods/m49/m49.htm",
      "code" : "001"
    }]
  }],
  "immutable" : true,
  "compose" : {
    "include" : [{
      "system" : "http://fhir.org/guides/who/hiv-dak/CodeSystem/HIV-DAKConcepts",
      "concept" : [{
        "code" : "HIV.D.DE940",
        "display" : "Diagnosed TB"
      },
      {
        "code" : "HIV.D.DE941",
        "display" : "TB excluded"
      }]
    }]
  }
}