<?xml version="1.0" encoding="UTF-8"?>

<ValueSet xmlns="http://hl7.org/fhir">
  <id value="hiv-d-de987"/>
  <text>
    <status value="extensions"/><div xmlns="http://www.w3.org/1999/xhtml"><ul><li>Include these codes as defined in <a href="CodeSystem-concept-codes.html"><code>http://fhir.org/guides/who/hiv-dak/CodeSystem/HIV-DAKConcepts</code></a><table class="none"><tr><td style="white-space:nowrap"><b>Code</b></td><td><b>Display</b></td><td><b>Definition</b></td></tr><tr><td><a href="CodeSystem-concept-codes.html#concept-codes-HIV.46D.46DE987">HIV.D.DE987</a></td><td>Screen positive for TB</td><td>TB screening result - Screen positive for TB</td></tr><tr><td><a href="CodeSystem-concept-codes.html#concept-codes-HIV.46D.46DE988">HIV.D.DE988</a></td><td>Screen negative for TB</td><td>TB screening result - Screen negative for TB</td></tr><tr><td><a href="CodeSystem-concept-codes.html#concept-codes-HIV.46D.46DE989">HIV.D.DE989</a></td><td>Inconclusive</td><td>TB screening result - Inconclusive</td></tr></table></li></ul></div>
  </text>
  <url value="http://fhir.org/guides/who/hiv-dak/ValueSet/hiv-d-de987"/>
  <version value="0.3.0"/>
  <name value="TBscreeningresultCodes"/>
  <title value="TB screening result Codes"/>
  <status value="draft"/>
  <experimental value="false"/>
  <date value="2024-05-31T12:29:43+00:00"/>
  <publisher value="World Health Organization (WHO) "/>
  <contact>
    <telecom>
      <system value="url"/>
      <value value="https://www.who.int"/>
    </telecom>
  </contact>
  <description value="Codes representing possible values for the TB screening result element"/>
  <jurisdiction>
    <coding>
      <system value="http://unstats.un.org/unsd/methods/m49/m49.htm"/>
      <code value="001"/>
    </coding>
  </jurisdiction>
  <immutable value="true"/>
  <compose>
    <include>
      <system value="http://fhir.org/guides/who/hiv-dak/CodeSystem/HIV-DAKConcepts"/>
      <concept>
        <code value="HIV.D.DE987"/>
        <display value="Screen positive for TB"/>
      </concept>
      <concept>
        <code value="HIV.D.DE988"/>
        <display value="Screen negative for TB"/>
      </concept>
      <concept>
        <code value="HIV.D.DE989"/>
        <display value="Inconclusive"/>
      </concept>
    </include>
  </compose>
</ValueSet>