{
  "resourceType" : "ValueSet",
  "id" : "HIV.H.DE50",
  "meta" : {
    "profile" : ["http://hl7.org/fhir/uv/crmi/StructureDefinition/crmi-shareablevalueset",
    "http://hl7.org/fhir/uv/crmi/StructureDefinition/crmi-publishablevalueset",
    "http://hl7.org/fhir/uv/crmi/StructureDefinition/crmi-computablevalueset"]
  },
  "text" : {
    "status" : "generated",
    "div" : "<div xmlns=\"http://www.w3.org/1999/xhtml\"><p class=\"res-header-id\"><b>Generated Narrative: ValueSet HIV.H.DE50</b></p><a name=\"HIV.H.DE50\"> </a><a name=\"hcHIV.H.DE50\"> </a><a name=\"hcHIV.H.DE50-en-US\"> </a><p>This value set includes codes based on the following rules:</p><ul/></div>"
  },
  "url" : "http://smart.who.int/hiv/ValueSet/HIV.H.DE50",
  "version" : "0.1.0",
  "name" : "HIVHDE50",
  "title" : "Transfer to facility ValueSet",
  "status" : "active",
  "experimental" : true,
  "date" : "2024-07-01T07:25:05+00:00",
  "publisher" : "WHO",
  "contact" : [{
    "name" : "WHO",
    "telecom" : [{
      "system" : "url",
      "value" : "http://who.int"
    }]
  }],
  "description" : "Value set of name of health facility client was transferred to"
}