<?xml version="1.0" encoding="UTF-8"?>

<ValueSet xmlns="http://hl7.org/fhir">
  <id value="HIV.PRV.DE11"/>
  <meta>
    <profile value="http://hl7.org/fhir/uv/crmi/StructureDefinition/crmi-shareablevalueset"/>
    <profile value="http://hl7.org/fhir/uv/crmi/StructureDefinition/crmi-publishablevalueset"/>
    <profile value="http://hl7.org/fhir/uv/crmi/StructureDefinition/crmi-computablevalueset"/>
  </meta>
  <text>
    <status value="extensions"/><div xmlns="http://www.w3.org/1999/xhtml"><p class="res-header-id"><b>Generated Narrative: ValueSet HIV.PRV.DE11</b></p><a name="HIV.PRV.DE11"> </a><a name="hcHIV.PRV.DE11"> </a><a name="HIV.PRV.DE11-en-US"> </a><ul><li>Include these codes as defined in <a href="CodeSystem-HIVConcepts.html"><code>http://smart.who.int/hiv/CodeSystem/HIVConcepts</code></a><table class="none"><tr><td style="white-space:nowrap"><b>Code</b></td><td><b>Display</b></td><td><b>Definition</b></td></tr><tr><td><a href="CodeSystem-HIVConcepts.html#HIVConcepts-HIV.46PRV.46DE12">HIV.PRV.DE12</a></td><td>HIV-positive</td><td>Client's contact is HIV-positive</td></tr><tr><td><a href="CodeSystem-HIVConcepts.html#HIVConcepts-HIV.46PRV.46DE13">HIV.PRV.DE13</a></td><td>HIV-negative</td><td>Client's contact is HIV-negative</td></tr><tr><td><a href="CodeSystem-HIVConcepts.html#HIVConcepts-HIV.46PRV.46DE14">HIV.PRV.DE14</a></td><td>Unknown</td><td>Client does not know contact's HIV status</td></tr></table></li></ul></div>
  </text>
  <url value="http://smart.who.int/hiv/ValueSet/HIV.PRV.DE11"/>
  <version value="0.3.0"/>
  <name value="HIVPRVDE11"/>
  <title value="HIV status of contact ValueSet"/>
  <status value="active"/>
  <experimental value="true"/>
  <date value="2024-10-17T13:46:08+00:00"/>
  <publisher value="WHO"/>
  <contact>
    <name value="WHO"/>
    <telecom>
      <system value="url"/>
      <value value="http://who.int"/>
    </telecom>
  </contact>
  <description value="Value set of the HIV status of the client's contact"/>
  <compose>
    <include>
      <system value="http://smart.who.int/hiv/CodeSystem/HIVConcepts"/>
      <concept>
        <code value="HIV.PRV.DE12"/>
        <display value="HIV-positive"/>
      </concept>
      <concept>
        <code value="HIV.PRV.DE13"/>
        <display value="HIV-negative"/>
      </concept>
      <concept>
        <code value="HIV.PRV.DE14"/>
        <display value="Unknown"/>
      </concept>
    </include>
  </compose>
</ValueSet>