<?xml version="1.0" encoding="UTF-8"?>

<ValueSet xmlns="http://hl7.org/fhir">
  <id value="HIV.B.DE191"/>
  <meta>
    <profile value="http://hl7.org/fhir/uv/crmi/StructureDefinition/crmi-shareablevalueset"/>
    <profile value="http://hl7.org/fhir/uv/crmi/StructureDefinition/crmi-publishablevalueset"/>
    <profile value="http://hl7.org/fhir/uv/crmi/StructureDefinition/crmi-computablevalueset"/>
  </meta>
  <text>
    <status value="extensions"/><div xmlns="http://www.w3.org/1999/xhtml"><p class="res-header-id"><b>Generated Narrative: ValueSet HIV.B.DE191</b></p><a name="HIV.B.DE191"> </a><a name="hcHIV.B.DE191"> </a><a name="hcHIV.B.DE191-en"> </a><ul><li>Include these codes as defined in <a href="CodeSystem-HIVConcepts.html"><code>http://smart.who.int/hiv/CodeSystem/HIVConcepts</code></a><table class="none"><tr><td style="white-space:nowrap"><b>Code</b></td><td><b>Display</b></td><td><b>Definition</b></td></tr><tr><td><a href="CodeSystem-HIVConcepts.html#HIVConcepts-HIV.46B.46DE192">HIV.B.DE192</a></td><td>Retesting for HIV</td><td>Retesting follow-up appointment</td></tr><tr><td><a href="CodeSystem-HIVConcepts.html#HIVConcepts-HIV.46B.46DE193">HIV.B.DE193</a></td><td>Other</td><td>Other reason for the follow-up appointment</td></tr></table></li></ul></div>
  </text>
  <url value="http://smart.who.int/hiv/ValueSet/HIV.B.DE191"/>
  <version value="0.4.0"/>
  <name value="HIVBDE191"/>
  <title value="Type of follow-up appointment ValueSet"/>
  <status value="active"/>
  <experimental value="true"/>
  <date value="2024-06-28T16:52:59+00:00"/>
  <publisher value="World Health Organization"/>
  <contact>
    <telecom>
      <system value="url"/>
      <value value="https://www.who.int"/>
    </telecom>
  </contact>
  <description value="Value set of type of follow-up appointment for testing services"/>
  <jurisdiction>
    <coding>
      <system value="http://unstats.un.org/unsd/methods/m49/m49.htm"/>
      <code value="001"/>
    </coding>
  </jurisdiction>
  <compose>
    <include>
      <system value="http://smart.who.int/hiv/CodeSystem/HIVConcepts"/>
      <concept>
        <code value="HIV.B.DE192"/>
        <display value="Retesting for HIV"/>
      </concept>
      <concept>
        <code value="HIV.B.DE193"/>
        <display value="Other"/>
      </concept>
    </include>
  </compose>
</ValueSet>