<?xml version="1.0" encoding="UTF-8"?>

<ValueSet xmlns="http://hl7.org/fhir">
  <id value="hiv-d-de765"/>
  <text>
    <status value="extensions"/><div xmlns="http://www.w3.org/1999/xhtml"><ul><li>Include these codes as defined in <a href="CodeSystem-concept-codes.html"><code>http://fhir.org/guides/who/hiv-dak/CodeSystem/HIV-DAKConcepts</code></a><table class="none"><tr><td style="white-space:nowrap"><b>Code</b></td><td><b>Display</b></td><td><b>Definition</b></td></tr><tr><td><a href="CodeSystem-concept-codes.html#concept-codes-HIV.46D.46DE765">HIV.D.DE765</a></td><td>Fast track ART refill</td><td>DSD ART model(s) - Fast track ART refill</td></tr><tr><td><a href="CodeSystem-concept-codes.html#concept-codes-HIV.46D.46DE766">HIV.D.DE766</a></td><td>Facility adherence club</td><td>DSD ART model(s) - Facility adherence club</td></tr><tr><td><a href="CodeSystem-concept-codes.html#concept-codes-HIV.46D.46DE767">HIV.D.DE767</a></td><td>Community ART distribution point</td><td>DSD ART model(s) - Community ART distribution point</td></tr><tr><td><a href="CodeSystem-concept-codes.html#concept-codes-HIV.46D.46DE768">HIV.D.DE768</a></td><td>CHW/peer educator community ART group</td><td>DSD ART model(s) - CHW/peer educator community ART group</td></tr><tr><td><a href="CodeSystem-concept-codes.html#concept-codes-HIV.46D.46DE769">HIV.D.DE769</a></td><td>Patient/client community ART group</td><td>DSD ART model(s) - Patient/client community ART group</td></tr><tr><td><a href="CodeSystem-concept-codes.html#concept-codes-HIV.46D.46DE770">HIV.D.DE770</a></td><td>Other DSD ART model</td><td>DSD ART model(s) - Other DSD ART model</td></tr></table></li></ul></div>
  </text>
  <url value="http://fhir.org/guides/who/hiv-dak/ValueSet/hiv-d-de765"/>
  <version value="0.3.0"/>
  <name value="DSDARTmodelsCodes"/>
  <title value="DSD ART model(s) Codes"/>
  <status value="draft"/>
  <experimental value="false"/>
  <date value="2024-06-06T18:27:39+00:00"/>
  <publisher value="World Health Organization (WHO) "/>
  <contact>
    <telecom>
      <system value="url"/>
      <value value="https://www.who.int"/>
    </telecom>
  </contact>
  <description value="Codes representing possible values for the DSD ART model(s) element"/>
  <jurisdiction>
    <coding>
      <system value="http://unstats.un.org/unsd/methods/m49/m49.htm"/>
      <code value="001"/>
    </coding>
  </jurisdiction>
  <immutable value="true"/>
  <compose>
    <include>
      <system value="http://fhir.org/guides/who/hiv-dak/CodeSystem/HIV-DAKConcepts"/>
      <concept>
        <code value="HIV.D.DE765"/>
        <display value="Fast track ART refill"/>
      </concept>
      <concept>
        <code value="HIV.D.DE766"/>
        <display value="Facility adherence club"/>
      </concept>
      <concept>
        <code value="HIV.D.DE767"/>
        <display value="Community ART distribution point"/>
      </concept>
      <concept>
        <code value="HIV.D.DE768"/>
        <display value="CHW/peer educator community ART group"/>
      </concept>
      <concept>
        <code value="HIV.D.DE769"/>
        <display value="Patient/client community ART group"/>
      </concept>
      <concept>
        <code value="HIV.D.DE770"/>
        <display value="Other DSD ART model"/>
      </concept>
    </include>
  </compose>
</ValueSet>