<?xml version="1.0" encoding="UTF-8"?>

<ValueSet xmlns="http://hl7.org/fhir">
  <id value="HIV.B.DE179"/>
  <meta>
    <profile value="http://hl7.org/fhir/uv/crmi/StructureDefinition/crmi-shareablevalueset"/>
    <profile value="http://hl7.org/fhir/uv/crmi/StructureDefinition/crmi-publishablevalueset"/>
    <profile value="http://hl7.org/fhir/uv/crmi/StructureDefinition/crmi-computablevalueset"/>
  </meta>
  <text>
    <status value="extensions"/><div xmlns="http://www.w3.org/1999/xhtml"><p class="res-header-id"><b>Generated Narrative: ValueSet HIV.B.DE179</b></p><a name="HIV.B.DE179"> </a><a name="hcHIV.B.DE179"> </a><a name="HIV.B.DE179-en-US"> </a><ul><li>Include these codes as defined in <a href="CodeSystem-HIVConcepts.html"><code>http://smart.who.int/hiv/CodeSystem/HIVConcepts</code></a><table class="none"><tr><td style="white-space:nowrap"><b>Code</b></td><td><b>Display</b></td><td><b>Definition</b></td></tr><tr><td><a href="CodeSystem-HIVConcepts.html#HIVConcepts-HIV.46B.46DE180">HIV.B.DE180</a></td><td>Client received treatment and/or counselling as needed</td><td>Client received treatment and/or counselling as needed</td></tr><tr><td><a href="CodeSystem-HIVConcepts.html#HIVConcepts-HIV.46B.46DE181">HIV.B.DE181</a></td><td>Client was referred</td><td>Client was referred to another provider/facility</td></tr><tr><td><a href="CodeSystem-HIVConcepts.html#HIVConcepts-HIV.46B.46DE182">HIV.B.DE182</a></td><td>No action necessary</td><td>No additional action was deemed necessary</td></tr><tr><td><a href="CodeSystem-HIVConcepts.html#HIVConcepts-HIV.46B.46DE183">HIV.B.DE183</a></td><td>Other IPV result</td><td>Other intimate partner violence (IPV) result not described above</td></tr></table></li></ul></div>
  </text>
  <url value="http://smart.who.int/hiv/ValueSet/HIV.B.DE179"/>
  <version value="0.2.0"/>
  <name value="HIVBDE179"/>
  <title value="Intimate partner violence enquiry results ValueSet"/>
  <status value="active"/>
  <experimental value="true"/>
  <date value="2024-08-18T18:01:46+00:00"/>
  <publisher value="WHO"/>
  <contact>
    <name value="WHO"/>
    <telecom>
      <system value="url"/>
      <value value="http://who.int"/>
    </telecom>
  </contact>
  <description value="Value set of result of medical inquiry for intimate partner violence"/>
  <compose>
    <include>
      <system value="http://smart.who.int/hiv/CodeSystem/HIVConcepts"/>
      <concept>
        <code value="HIV.B.DE180"/>
        <display value="Client received treatment and/or counselling as needed"/>
      </concept>
      <concept>
        <code value="HIV.B.DE181"/>
        <display value="Client was referred"/>
      </concept>
      <concept>
        <code value="HIV.B.DE182"/>
        <display value="No action necessary"/>
      </concept>
      <concept>
        <code value="HIV.B.DE183"/>
        <display value="Other IPV result"/>
      </concept>
    </include>
  </compose>
</ValueSet>