{
  "resourceType" : "ValueSet",
  "id" : "hiv-b-de277",
  "text" : {
    "status" : "extensions",
    "div" : "<div xmlns=\"http://www.w3.org/1999/xhtml\"><ul><li>Include these codes as defined in <a href=\"CodeSystem-concept-codes.html\"><code>http://fhir.org/guides/who/hiv-dak/CodeSystem/HIV-DAKConcepts</code></a><table class=\"none\"><tr><td style=\"white-space:nowrap\"><b>Code</b></td><td><b>Display</b></td><td><b>Definition</b></td></tr><tr><td><a href=\"CodeSystem-concept-codes.html#concept-codes-HIV.46B.46DE277\">HIV.B.DE277</a></td><td>NAAT</td><td>Neisseria gonorrhoeae test type - NAAT</td></tr><tr><td><a href=\"CodeSystem-concept-codes.html#concept-codes-HIV.46B.46DE278\">HIV.B.DE278</a></td><td>POC Test</td><td>Neisseria gonorrhoeae test type - POC Test</td></tr><tr><td><a href=\"CodeSystem-concept-codes.html#concept-codes-HIV.46B.46DE279\">HIV.B.DE279</a></td><td>Culture</td><td>Neisseria gonorrhoeae test type - Culture</td></tr><tr><td><a href=\"CodeSystem-concept-codes.html#concept-codes-HIV.46B.46DE280\">HIV.B.DE280</a></td><td>Microscopy</td><td>Neisseria gonorrhoeae test type - Microscopy</td></tr><tr><td><a href=\"CodeSystem-concept-codes.html#concept-codes-HIV.46B.46DE281\">HIV.B.DE281</a></td><td>Other</td><td>Neisseria gonorrhoeae test type - Other</td></tr><tr><td><a href=\"CodeSystem-concept-codes.html#concept-codes-HIV.46D.46DE829\">HIV.D.DE829</a></td><td>NAAT</td><td>Neisseria gonorrhoeae test type - NAAT</td></tr><tr><td><a href=\"CodeSystem-concept-codes.html#concept-codes-HIV.46D.46DE830\">HIV.D.DE830</a></td><td>POC Test</td><td>Neisseria gonorrhoeae test type - POC Test</td></tr><tr><td><a href=\"CodeSystem-concept-codes.html#concept-codes-HIV.46D.46DE831\">HIV.D.DE831</a></td><td>Culture</td><td>Neisseria gonorrhoeae test type - Culture</td></tr><tr><td><a href=\"CodeSystem-concept-codes.html#concept-codes-HIV.46D.46DE832\">HIV.D.DE832</a></td><td>Microscopy</td><td>Neisseria gonorrhoeae test type - Microscopy</td></tr><tr><td><a href=\"CodeSystem-concept-codes.html#concept-codes-HIV.46D.46DE833\">HIV.D.DE833</a></td><td>Other</td><td>Neisseria gonorrhoeae test type - Other</td></tr></table></li></ul></div>"
  },
  "url" : "http://fhir.org/guides/who/hiv-dak/ValueSet/hiv-b-de277",
  "version" : "0.3.0",
  "name" : "NeisseriagonorrhoeaetesttypeCodes",
  "title" : "Neisseria gonorrhoeae test type Codes",
  "status" : "draft",
  "experimental" : false,
  "date" : "2024-06-14T16:57:16+00:00",
  "publisher" : "World Health Organization (WHO) ",
  "contact" : [{
    "telecom" : [{
      "system" : "url",
      "value" : "https://www.who.int"
    }]
  }],
  "description" : "Codes representing possible values for the Neisseria gonorrhoeae test type element",
  "jurisdiction" : [{
    "coding" : [{
      "system" : "http://unstats.un.org/unsd/methods/m49/m49.htm",
      "code" : "001"
    }]
  }],
  "immutable" : true,
  "compose" : {
    "include" : [{
      "system" : "http://fhir.org/guides/who/hiv-dak/CodeSystem/HIV-DAKConcepts",
      "concept" : [{
        "code" : "HIV.B.DE277",
        "display" : "NAAT"
      },
      {
        "code" : "HIV.B.DE278",
        "display" : "POC Test"
      },
      {
        "code" : "HIV.B.DE279",
        "display" : "Culture"
      },
      {
        "code" : "HIV.B.DE280",
        "display" : "Microscopy"
      },
      {
        "code" : "HIV.B.DE281",
        "display" : "Other"
      },
      {
        "code" : "HIV.D.DE829",
        "display" : "NAAT"
      },
      {
        "code" : "HIV.D.DE830",
        "display" : "POC Test"
      },
      {
        "code" : "HIV.D.DE831",
        "display" : "Culture"
      },
      {
        "code" : "HIV.D.DE832",
        "display" : "Microscopy"
      },
      {
        "code" : "HIV.D.DE833",
        "display" : "Other"
      }]
    }]
  }
}