<?xml version="1.0" encoding="UTF-8"?>

<ValueSet xmlns="http://hl7.org/fhir">
  <id value="HIV.B.DE22"/>
  <meta>
    <profile value="http://hl7.org/fhir/uv/crmi/StructureDefinition/crmi-shareablevalueset"/>
    <profile value="http://hl7.org/fhir/uv/crmi/StructureDefinition/crmi-publishablevalueset"/>
    <profile value="http://hl7.org/fhir/uv/crmi/StructureDefinition/crmi-computablevalueset"/>
  </meta>
  <text>
    <status value="extensions"/><div xmlns="http://www.w3.org/1999/xhtml"><p class="res-header-id"><b>Generated Narrative: ValueSet HIV.B.DE22</b></p><a name="HIV.B.DE22"> </a><a name="hcHIV.B.DE22"> </a><a name="HIV.B.DE22-en-US"> </a><ul><li>Include these codes as defined in <a href="CodeSystem-HIVConcepts.html"><code>http://smart.who.int/hiv/CodeSystem/HIVConcepts</code></a><table class="none"><tr><td style="white-space:nowrap"><b>Code</b></td><td><b>Display</b></td><td><b>Definition</b></td></tr><tr><td><a href="CodeSystem-HIVConcepts.html#HIVConcepts-HIV.46B.46DE23">HIV.B.DE23</a></td><td>Provider-initiated tested in a clinic or emergency facility</td><td>The client tested though provider-initiated HIV testing &amp; counselling, which could be at an emergency facility</td></tr><tr><td><a href="CodeSystem-HIVConcepts.html#HIVConcepts-HIV.46B.46DE24">HIV.B.DE24</a></td><td>Antenatal care clinic</td><td>The client tested at an antenatal care clinic, including labour and delivery</td></tr><tr><td><a href="CodeSystem-HIVConcepts.html#HIVConcepts-HIV.46B.46DE25">HIV.B.DE25</a></td><td>Voluntary counselling and testing (within a health facility setting)</td><td>The client tested through voluntary counselling and testing (within a health facility setting)</td></tr><tr><td><a href="CodeSystem-HIVConcepts.html#HIVConcepts-HIV.46B.46DE26">HIV.B.DE26</a></td><td>Family planning clinic</td><td>The client tested at a family planning clinic</td></tr><tr><td><a href="CodeSystem-HIVConcepts.html#HIVConcepts-HIV.46B.46DE27">HIV.B.DE27</a></td><td>Other facility-level testing</td><td>The client tested at another type of facility</td></tr><tr><td><a href="CodeSystem-HIVConcepts.html#HIVConcepts-HIV.46B.46DE28">HIV.B.DE28</a></td><td>Tuberculosis (TB) clinic</td><td>The client tested at a TB clinic</td></tr></table></li></ul></div>
  </text>
  <url value="http://smart.who.int/hiv/ValueSet/HIV.B.DE22"/>
  <version value="0.2.0"/>
  <name value="HIVBDE22"/>
  <title value="Entry point for facility-level testing ValueSet"/>
  <status value="active"/>
  <experimental value="true"/>
  <date value="2024-07-13T00:11:33+00:00"/>
  <publisher value="WHO"/>
  <contact>
    <name value="WHO"/>
    <telecom>
      <system value="url"/>
      <value value="http://who.int"/>
    </telecom>
  </contact>
  <description value="Value set of specific point where testing is happening at a facility"/>
  <compose>
    <include>
      <system value="http://smart.who.int/hiv/CodeSystem/HIVConcepts"/>
      <concept>
        <code value="HIV.B.DE23"/>
        <display value="Provider-initiated tested in a clinic or emergency facility"/>
      </concept>
      <concept>
        <code value="HIV.B.DE24"/>
        <display value="Antenatal care clinic"/>
      </concept>
      <concept>
        <code value="HIV.B.DE25"/>
        <display value="Voluntary counselling and testing (within a health facility setting)"/>
      </concept>
      <concept>
        <code value="HIV.B.DE26"/>
        <display value="Family planning clinic"/>
      </concept>
      <concept>
        <code value="HIV.B.DE27"/>
        <display value="Other facility-level testing"/>
      </concept>
      <concept>
        <code value="HIV.B.DE28"/>
        <display value="Tuberculosis (TB) clinic"/>
      </concept>
    </include>
  </compose>
</ValueSet>