{
  "resourceType" : "ValueSet",
  "id" : "HIV.D.DE646",
  "meta" : {
    "profile" : ["http://hl7.org/fhir/uv/crmi/StructureDefinition/crmi-shareablevalueset",
    "http://hl7.org/fhir/uv/crmi/StructureDefinition/crmi-publishablevalueset",
    "http://hl7.org/fhir/uv/crmi/StructureDefinition/crmi-computablevalueset"]
  },
  "text" : {
    "status" : "extensions",
    "div" : "<div xmlns=\"http://www.w3.org/1999/xhtml\"><p class=\"res-header-id\"><b>Generated Narrative: ValueSet HIV.D.DE646</b></p><a name=\"HIV.D.DE646\"> </a><a name=\"hcHIV.D.DE646\"> </a><a name=\"HIV.D.DE646-en-US\"> </a><ul><li>Include these codes as defined in <a href=\"CodeSystem-HIVConcepts.html\"><code>http://smart.who.int/hiv/CodeSystem/HIVConcepts</code></a><table class=\"none\"><tr><td style=\"white-space:nowrap\"><b>Code</b></td><td><b>Display</b></td><td><b>Definition</b></td></tr><tr><td><a href=\"CodeSystem-HIVConcepts.html#HIVConcepts-HIV.46D.46DE647\">HIV.D.DE647</a></td><td>Client was referred</td><td>Client was referred to another provider/facility</td></tr><tr><td><a href=\"CodeSystem-HIVConcepts.html#HIVConcepts-HIV.46D.46DE648\">HIV.D.DE648</a></td><td>Stock out</td><td>There was a stock out of malaria prophylaxis</td></tr><tr><td><a href=\"CodeSystem-HIVConcepts.html#HIVConcepts-HIV.46D.46DE649\">HIV.D.DE649</a></td><td>Expired</td><td>Malaria prophylaxis in stock was expired</td></tr><tr><td><a href=\"CodeSystem-HIVConcepts.html#HIVConcepts-HIV.46D.46DE650\">HIV.D.DE650</a></td><td>Other reason not provided</td><td>Other reason why the prophylaxis was not provided</td></tr></table></li></ul></div>"
  },
  "url" : "http://smart.who.int/hiv/ValueSet/HIV.D.DE646",
  "version" : "0.3.0",
  "name" : "HIVDDE646",
  "title" : "Reason malaria prophylaxis not provided ValueSet",
  "status" : "active",
  "experimental" : true,
  "date" : "2024-10-17T13:40:48+00:00",
  "publisher" : "WHO",
  "contact" : [{
    "name" : "WHO",
    "telecom" : [{
      "system" : "url",
      "value" : "http://who.int"
    }]
  }],
  "description" : "Value set of reason why the treatment was not given",
  "compose" : {
    "include" : [{
      "system" : "http://smart.who.int/hiv/CodeSystem/HIVConcepts",
      "concept" : [{
        "code" : "HIV.D.DE647",
        "display" : "Client was referred"
      },
      {
        "code" : "HIV.D.DE648",
        "display" : "Stock out"
      },
      {
        "code" : "HIV.D.DE649",
        "display" : "Expired"
      },
      {
        "code" : "HIV.D.DE650",
        "display" : "Other reason not provided"
      }]
    }]
  }
}