<?xml version="1.0" encoding="UTF-8"?>

<ValueSet xmlns="http://hl7.org/fhir">
  <id value="HIV.E.DE108"/>
  <meta>
    <profile value="http://hl7.org/fhir/uv/crmi/StructureDefinition/crmi-shareablevalueset"/>
    <profile value="http://hl7.org/fhir/uv/crmi/StructureDefinition/crmi-publishablevalueset"/>
    <profile value="http://hl7.org/fhir/uv/crmi/StructureDefinition/crmi-computablevalueset"/>
  </meta>
  <text>
    <status value="extensions"/><div xmlns="http://www.w3.org/1999/xhtml"><p class="res-header-id"><b>Generated Narrative: ValueSet HIV.E.DE108</b></p><a name="HIV.E.DE108"> </a><a name="hcHIV.E.DE108"> </a><a name="HIV.E.DE108-en-US"> </a><ul><li>Include these codes as defined in <a href="CodeSystem-HIVConcepts.html"><code>http://smart.who.int/hiv/CodeSystem/HIVConcepts</code></a><table class="none"><tr><td style="white-space:nowrap"><b>Code</b></td><td><b>Display</b></td><td><b>Definition</b></td></tr><tr><td><a href="CodeSystem-HIVConcepts.html#HIVConcepts-HIV.46E.46DE109">HIV.E.DE109</a></td><td>Not exposed</td><td>Infant or child is not known to have been exposed to HIV</td></tr><tr><td><a href="CodeSystem-HIVConcepts.html#HIVConcepts-HIV.46E.46DE110">HIV.E.DE110</a></td><td>HIV-exposed</td><td>Infant had known exposure to HIV</td></tr><tr><td><a href="CodeSystem-HIVConcepts.html#HIVConcepts-HIV.46E.46DE111">HIV.E.DE111</a></td><td>Unknown HIV exposure</td><td>Don't know whether infant or child was exposed to HIV, such as if mother's HIV status is unknown</td></tr></table></li></ul></div>
  </text>
  <url value="http://smart.who.int/hiv/ValueSet/HIV.E.DE108"/>
  <version value="0.2.0"/>
  <name value="HIVEDE108"/>
  <title value="Infant or child exposure to HIV ValueSet"/>
  <status value="active"/>
  <experimental value="true"/>
  <date value="2024-08-18T19:04:15+00:00"/>
  <publisher value="WHO"/>
  <contact>
    <name value="WHO"/>
    <telecom>
      <system value="url"/>
      <value value="http://who.int"/>
    </telecom>
  </contact>
  <description value="Value set of whether the infant or child was determined to have had HIV exposure through mother"/>
  <compose>
    <include>
      <system value="http://smart.who.int/hiv/CodeSystem/HIVConcepts"/>
      <concept>
        <code value="HIV.E.DE109"/>
        <display value="Not exposed"/>
      </concept>
      <concept>
        <code value="HIV.E.DE110"/>
        <display value="HIV-exposed"/>
      </concept>
      <concept>
        <code value="HIV.E.DE111"/>
        <display value="Unknown HIV exposure"/>
      </concept>
    </include>
  </compose>
</ValueSet>