<?xml version="1.0" encoding="UTF-8"?>

<ValueSet xmlns="http://hl7.org/fhir">
  <id value="HIV.D.DE753"/>
  <meta>
    <profile value="http://hl7.org/fhir/uv/crmi/StructureDefinition/crmi-shareablevalueset"/>
    <profile value="http://hl7.org/fhir/uv/crmi/StructureDefinition/crmi-publishablevalueset"/>
    <profile value="http://hl7.org/fhir/uv/crmi/StructureDefinition/crmi-computablevalueset"/>
  </meta>
  <text>
    <status value="extensions"/><div xmlns="http://www.w3.org/1999/xhtml"><p class="res-header-id"><b>Generated Narrative: ValueSet HIV.D.DE753</b></p><a name="HIV.D.DE753"> </a><a name="hcHIV.D.DE753"> </a><a name="HIV.D.DE753-en-US"> </a><ul><li>Include these codes as defined in <a href="CodeSystem-HIVConcepts.html"><code>http://smart.who.int/hiv/CodeSystem/HIVConcepts</code></a><table class="none"><tr><td style="white-space:nowrap"><b>Code</b></td><td><b>Display</b></td><td><b>Definition</b></td></tr><tr><td><a href="CodeSystem-HIVConcepts.html#HIVConcepts-HIV.46D.46DE754">HIV.D.DE754</a></td><td>Assessment and provision of vaccinations</td><td>Assessment and provision of vaccinations, such as for people from Key population member type, pregnant women and infants; and, where appropriate, tetanus vaccination for adolescent boys and men receiving VMMC</td></tr><tr><td><a href="CodeSystem-HIVConcepts.html#HIVConcepts-HIV.46D.46DE755">HIV.D.DE755</a></td><td>Hepatitis B (HBV) and hepatitis C virus (HCV) testing and treatment</td><td>Offer or refer for HBV and/or HCV testing and treatment</td></tr><tr><td><a href="CodeSystem-HIVConcepts.html#HIVConcepts-HIV.46D.46DE756">HIV.D.DE756</a></td><td>Co-trimoxazole chemoprophylaxis to prevent pneumocystis carinii pneumonia</td><td>Offer or refer for co-trimoxazole chemoprophylaxis to prevent pneumocystis carinii pneumonia</td></tr><tr><td><a href="CodeSystem-HIVConcepts.html#HIVConcepts-HIV.46D.46DE757">HIV.D.DE757</a></td><td>Intensified TB case finding and linkage to TB treatment</td><td>Offer or refer for intensified TB case finding and linkage to TB treatment</td></tr><tr><td><a href="CodeSystem-HIVConcepts.html#HIVConcepts-HIV.46D.46DE758">HIV.D.DE758</a></td><td>Provision of isoniazid preventive therapy if person does not have TB</td><td>Offer or refer for provision of isoniazid preventive therapy if person does not have TB</td></tr><tr><td><a href="CodeSystem-HIVConcepts.html#HIVConcepts-HIV.46D.46DE759">HIV.D.DE759</a></td><td>Malaria prevention (such as bed nets and prophylaxis), depending on epidemiology</td><td>Offer or refer for malaria prevention (such as bed nets and prophylaxis), depending on epidemiology</td></tr></table></li></ul></div>
  </text>
  <url value="http://smart.who.int/hiv/ValueSet/HIV.D.DE753"/>
  <version value="0.3.0"/>
  <name value="HIVDDE753"/>
  <title value="Offer other clinical services ValueSet"/>
  <status value="active"/>
  <experimental value="true"/>
  <date value="2024-08-18T19:05:30+00:00"/>
  <publisher value="WHO"/>
  <contact>
    <name value="WHO"/>
    <telecom>
      <system value="url"/>
      <value value="http://who.int"/>
    </telecom>
  </contact>
  <description value="Value set of other clinical services offered or referrals given to the client"/>
  <compose>
    <include>
      <system value="http://smart.who.int/hiv/CodeSystem/HIVConcepts"/>
      <concept>
        <code value="HIV.D.DE754"/>
        <display value="Assessment and provision of vaccinations"/>
      </concept>
      <concept>
        <code value="HIV.D.DE755"/>
        <display value="Hepatitis B (HBV) and hepatitis C virus (HCV) testing and treatment"/>
      </concept>
      <concept>
        <code value="HIV.D.DE756"/>
        <display value="Co-trimoxazole chemoprophylaxis to prevent pneumocystis carinii pneumonia"/>
      </concept>
      <concept>
        <code value="HIV.D.DE757"/>
        <display value="Intensified TB case finding and linkage to TB treatment"/>
      </concept>
      <concept>
        <code value="HIV.D.DE758"/>
        <display value="Provision of isoniazid preventive therapy if person does not have TB"/>
      </concept>
      <concept>
        <code value="HIV.D.DE759"/>
        <display value="Malaria prevention (such as bed nets and prophylaxis), depending on epidemiology"/>
      </concept>
    </include>
  </compose>
</ValueSet>