{
  "resourceType" : "ValueSet",
  "id" : "hiv-d-de710",
  "text" : {
    "status" : "extensions",
    "div" : "<div xmlns=\"http://www.w3.org/1999/xhtml\"><ul><li>Include these codes as defined in <a href=\"CodeSystem-concept-codes.html\"><code>http://fhir.org/guides/who/hiv-dak/CodeSystem/HIV-DAKConcepts</code></a><table class=\"none\"><tr><td style=\"white-space:nowrap\"><b>Code</b></td><td><b>Display</b></td><td><b>Definition</b></td></tr><tr><td><a href=\"CodeSystem-concept-codes.html#concept-codes-HIV.46D.46DE710\">HIV.D.DE710</a></td><td>Cervical precancer lesions</td><td>Cervical cancer diagnosis - Cervical precancer lesions</td></tr><tr><td><a href=\"CodeSystem-concept-codes.html#concept-codes-HIV.46D.46DE711\">HIV.D.DE711</a></td><td>Invasive cervical cancer</td><td>Cervical cancer diagnosis - Invasive cervical cancer</td></tr></table></li></ul></div>"
  },
  "url" : "http://fhir.org/guides/who/hiv-dak/ValueSet/hiv-d-de710",
  "version" : "0.3.0",
  "name" : "CervicalcancerdiagnosisCodes",
  "title" : "Cervical cancer diagnosis Codes",
  "status" : "draft",
  "experimental" : false,
  "date" : "2024-06-06T18:29:39+00:00",
  "publisher" : "World Health Organization (WHO) ",
  "contact" : [{
    "telecom" : [{
      "system" : "url",
      "value" : "https://www.who.int"
    }]
  }],
  "description" : "Codes representing possible values for the Cervical cancer diagnosis element",
  "jurisdiction" : [{
    "coding" : [{
      "system" : "http://unstats.un.org/unsd/methods/m49/m49.htm",
      "code" : "001"
    }]
  }],
  "immutable" : true,
  "compose" : {
    "include" : [{
      "system" : "http://fhir.org/guides/who/hiv-dak/CodeSystem/HIV-DAKConcepts",
      "concept" : [{
        "code" : "HIV.D.DE710",
        "display" : "Cervical precancer lesions"
      },
      {
        "code" : "HIV.D.DE711",
        "display" : "Invasive cervical cancer"
      }]
    }]
  }
}