<?xml version="1.0" encoding="UTF-8"?>

<ValueSet xmlns="http://hl7.org/fhir">
  <id value="HIV.B.DE158"/>
  <meta>
    <profile value="http://hl7.org/fhir/uv/crmi/StructureDefinition/crmi-shareablevalueset"/>
    <profile value="http://hl7.org/fhir/uv/crmi/StructureDefinition/crmi-publishablevalueset"/>
    <profile value="http://hl7.org/fhir/uv/crmi/StructureDefinition/crmi-computablevalueset"/>
  </meta>
  <text>
    <status value="extensions"/><div xmlns="http://www.w3.org/1999/xhtml"><p class="res-header-id"><b>Generated Narrative: ValueSet HIV.B.DE158</b></p><a name="HIV.B.DE158"> </a><a name="hcHIV.B.DE158"> </a><a name="HIV.B.DE158-en-US"> </a><ul><li>Include these codes as defined in <a href="CodeSystem-HIVConcepts.html"><code>http://smart.who.int/hiv/CodeSystem/HIVConcepts</code></a><table class="none"><tr><td style="white-space:nowrap"><b>Code</b></td><td><b>Display</b></td><td><b>Definition</b></td></tr><tr><td><a href="CodeSystem-HIVConcepts.html#HIVConcepts-HIV.46B.46DE159">HIV.B.DE159</a></td><td>Contraception and family planning</td><td>Offer contraception and family planning services</td></tr><tr><td><a href="CodeSystem-HIVConcepts.html#HIVConcepts-HIV.46B.46DE160">HIV.B.DE160</a></td><td>Check pregnancy status</td><td>Check women's pregnancy status</td></tr><tr><td><a href="CodeSystem-HIVConcepts.html#HIVConcepts-HIV.46B.46DE161">HIV.B.DE161</a></td><td>Prevention of mother-to-child transmission counselling</td><td>Offer services for prevention of mother-to-child transmission (counselling)</td></tr><tr><td><a href="CodeSystem-HIVConcepts.html#HIVConcepts-HIV.46B.46DE162">HIV.B.DE162</a></td><td>Cervical cancer screening and treatment counselling</td><td>Offer cervical cancer screening and treatment counselling and services</td></tr><tr><td><a href="CodeSystem-HIVConcepts.html#HIVConcepts-HIV.46B.46DE163">HIV.B.DE163</a></td><td>Anal cancer screening (for men who have sex with men)</td><td>Offer services for anal cancer screening (for men who have sex with men)</td></tr><tr><td><a href="CodeSystem-HIVConcepts.html#HIVConcepts-HIV.46B.46DE164">HIV.B.DE164</a></td><td>STI testing and treatment services</td><td>Offer sexually transmitted infection (STI) testing and treatment services</td></tr></table></li></ul></div>
  </text>
  <url value="http://smart.who.int/hiv/ValueSet/HIV.B.DE158"/>
  <version value="0.3.0"/>
  <name value="HIVBDE158"/>
  <title value="Sexual and reproductive health integrated services ValueSet"/>
  <status value="active"/>
  <experimental value="true"/>
  <date value="2024-10-17T13:22:30+00:00"/>
  <publisher value="WHO"/>
  <contact>
    <name value="WHO"/>
    <telecom>
      <system value="url"/>
      <value value="http://who.int"/>
    </telecom>
  </contact>
  <description value="Value set of offer or refer to sexual and reproductive health services"/>
  <compose>
    <include>
      <system value="http://smart.who.int/hiv/CodeSystem/HIVConcepts"/>
      <concept>
        <code value="HIV.B.DE159"/>
        <display value="Contraception and family planning"/>
      </concept>
      <concept>
        <code value="HIV.B.DE160"/>
        <display value="Check pregnancy status"/>
      </concept>
      <concept>
        <code value="HIV.B.DE161"/>
        <display value="Prevention of mother-to-child transmission counselling"/>
      </concept>
      <concept>
        <code value="HIV.B.DE162"/>
        <display value="Cervical cancer screening and treatment counselling"/>
      </concept>
      <concept>
        <code value="HIV.B.DE163"/>
        <display value="Anal cancer screening (for men who have sex with men)"/>
      </concept>
      <concept>
        <code value="HIV.B.DE164"/>
        <display value="STI testing and treatment services"/>
      </concept>
    </include>
  </compose>
</ValueSet>