<?xml version="1.0" encoding="UTF-8"?>

<ValueSet xmlns="http://hl7.org/fhir">
  <id value="HIV.A.DE18"/>
  <meta>
    <profile value="http://hl7.org/fhir/uv/crmi/StructureDefinition/crmi-shareablevalueset"/>
    <profile value="http://hl7.org/fhir/uv/crmi/StructureDefinition/crmi-publishablevalueset"/>
    <profile value="http://hl7.org/fhir/uv/crmi/StructureDefinition/crmi-computablevalueset"/>
  </meta>
  <text>
    <status value="extensions"/><div xmlns="http://www.w3.org/1999/xhtml"><p class="res-header-id"><b>Generated Narrative: ValueSet HIV.A.DE18</b></p><a name="HIV.A.DE18"> </a><a name="hcHIV.A.DE18"> </a><a name="HIV.A.DE18-en-US"> </a><ul><li>Include these codes as defined in <a href="CodeSystem-HIVConcepts.html"><code>http://smart.who.int/hiv/CodeSystem/HIVConcepts</code></a><table class="none"><tr><td style="white-space:nowrap"><b>Code</b></td><td><b>Display</b></td><td><b>Definition</b></td></tr><tr><td><a href="CodeSystem-HIVConcepts.html#HIVConcepts-HIV.46A.46DE19">HIV.A.DE19</a></td><td>Female</td><td>Client identifies as female</td></tr><tr><td><a href="CodeSystem-HIVConcepts.html#HIVConcepts-HIV.46A.46DE20">HIV.A.DE20</a></td><td>Male</td><td>Client identifies as male</td></tr><tr><td><a href="CodeSystem-HIVConcepts.html#HIVConcepts-HIV.46A.46DE21">HIV.A.DE21</a></td><td>Transgender male</td><td>Client identifies as transgender male</td></tr><tr><td><a href="CodeSystem-HIVConcepts.html#HIVConcepts-HIV.46A.46DE22">HIV.A.DE22</a></td><td>Transgender female</td><td>Client identifies as transgender female</td></tr><tr><td><a href="CodeSystem-HIVConcepts.html#HIVConcepts-HIV.46A.46DE23">HIV.A.DE23</a></td><td>Other</td><td>Additional category</td></tr></table></li></ul></div>
  </text>
  <url value="http://smart.who.int/hiv/ValueSet/HIV.A.DE18"/>
  <version value="0.3.0"/>
  <name value="HIVADE18"/>
  <title value="Gender ValueSet"/>
  <status value="active"/>
  <experimental value="true"/>
  <date value="2024-11-07T20:58:48+00:00"/>
  <publisher value="WHO"/>
  <contact>
    <name value="WHO"/>
    <telecom>
      <system value="url"/>
      <value value="http://who.int"/>
    </telecom>
  </contact>
  <description value="Value set of gender of the client"/>
  <compose>
    <include>
      <system value="http://smart.who.int/hiv/CodeSystem/HIVConcepts"/>
      <concept>
        <code value="HIV.A.DE19"/>
        <display value="Female"/>
      </concept>
      <concept>
        <code value="HIV.A.DE20"/>
        <display value="Male"/>
      </concept>
      <concept>
        <code value="HIV.A.DE21"/>
        <display value="Transgender male"/>
      </concept>
      <concept>
        <code value="HIV.A.DE22"/>
        <display value="Transgender female"/>
      </concept>
      <concept>
        <code value="HIV.A.DE23"/>
        <display value="Other"/>
      </concept>
    </include>
  </compose>
</ValueSet>