<?xml version="1.0" encoding="UTF-8"?>

<ValueSet xmlns="http://hl7.org/fhir">
  <id value="HIV.D.DE430"/>
  <meta>
    <profile value="http://hl7.org/fhir/uv/crmi/StructureDefinition/crmi-shareablevalueset"/>
    <profile value="http://hl7.org/fhir/uv/crmi/StructureDefinition/crmi-publishablevalueset"/>
    <profile value="http://hl7.org/fhir/uv/crmi/StructureDefinition/crmi-computablevalueset"/>
  </meta>
  <text>
    <status value="extensions"/><div xmlns="http://www.w3.org/1999/xhtml"><p class="res-header-id"><b>Generated Narrative: ValueSet HIV.D.DE430</b></p><a name="HIV.D.DE430"> </a><a name="hcHIV.D.DE430"> </a><a name="hcHIV.D.DE430-en-US"> </a><ul><li>Include these codes as defined in <a href="CodeSystem-HIVConcepts.html"><code>http://smart.who.int/hiv/CodeSystem/HIVConcepts</code></a><table class="none"><tr><td style="white-space:nowrap"><b>Code</b></td><td><b>Display</b></td><td><b>Definition</b></td></tr><tr><td><a href="CodeSystem-HIVConcepts.html#HIVConcepts-HIV.46D.46DE431">HIV.D.DE431</a></td><td>Clinical treatment failure</td><td>A switch was made to the regimen because of clinical treatment failure</td></tr><tr><td><a href="CodeSystem-HIVConcepts.html#HIVConcepts-HIV.46D.46DE432">HIV.D.DE432</a></td><td>Immunological failure</td><td>A switch was made to the regimen because of immunological failure</td></tr><tr><td><a href="CodeSystem-HIVConcepts.html#HIVConcepts-HIV.46D.46DE433">HIV.D.DE433</a></td><td>Virological failure</td><td>A switch was made to the regimen because of virological failure</td></tr><tr><td><a href="CodeSystem-HIVConcepts.html#HIVConcepts-HIV.46D.46DE434">HIV.D.DE434</a></td><td>Other</td><td>A switch was made to the regimen for another reason</td></tr></table></li></ul></div>
  </text>
  <url value="http://smart.who.int/hiv/ValueSet/HIV.D.DE430"/>
  <version value="0.1.0"/>
  <name value="HIVDDE430"/>
  <title value="Reason for regimen switch ValueSet"/>
  <status value="active"/>
  <experimental value="true"/>
  <date value="2024-07-01T19:16:13+00:00"/>
  <publisher value="WHO"/>
  <contact>
    <name value="WHO"/>
    <telecom>
      <system value="url"/>
      <value value="http://who.int"/>
    </telecom>
  </contact>
  <description value="Value set of reason why a switch to a second- or third-line regimen was made"/>
  <compose>
    <include>
      <system value="http://smart.who.int/hiv/CodeSystem/HIVConcepts"/>
      <concept>
        <code value="HIV.D.DE431"/>
        <display value="Clinical treatment failure"/>
      </concept>
      <concept>
        <code value="HIV.D.DE432"/>
        <display value="Immunological failure"/>
      </concept>
      <concept>
        <code value="HIV.D.DE433"/>
        <display value="Virological failure"/>
      </concept>
      <concept>
        <code value="HIV.D.DE434"/>
        <display value="Other"/>
      </concept>
    </include>
  </compose>
</ValueSet>