{
  "resourceType" : "ValueSet",
  "id" : "HIV.D.DE858",
  "meta" : {
    "profile" : ["http://hl7.org/fhir/uv/crmi/StructureDefinition/crmi-shareablevalueset",
    "http://hl7.org/fhir/uv/crmi/StructureDefinition/crmi-publishablevalueset",
    "http://hl7.org/fhir/uv/crmi/StructureDefinition/crmi-computablevalueset"]
  },
  "text" : {
    "status" : "extensions",
    "div" : "<div xmlns=\"http://www.w3.org/1999/xhtml\"><p class=\"res-header-id\"><b>Generated Narrative: ValueSet HIV.D.DE858</b></p><a name=\"HIV.D.DE858\"> </a><a name=\"hcHIV.D.DE858\"> </a><a name=\"HIV.D.DE858-en-US\"> </a><ul><li>Include these codes as defined in <a href=\"CodeSystem-HIVConcepts.html\"><code>http://smart.who.int/hiv/CodeSystem/HIVConcepts</code></a><table class=\"none\"><tr><td style=\"white-space:nowrap\"><b>Code</b></td><td><b>Display</b></td><td><b>Definition</b></td></tr><tr><td><a href=\"CodeSystem-HIVConcepts.html#HIVConcepts-HIV.46D.46DE859\">HIV.D.DE859</a></td><td>NAAT</td><td>Nucleic Acid Amplification Test (NAAT) used</td></tr><tr><td><a href=\"CodeSystem-HIVConcepts.html#HIVConcepts-HIV.46D.46DE860\">HIV.D.DE860</a></td><td>Microscopy</td><td>Microscopy test used</td></tr><tr><td><a href=\"CodeSystem-HIVConcepts.html#HIVConcepts-HIV.46D.46DE861\">HIV.D.DE861</a></td><td>Other</td><td>Other type of test used</td></tr></table></li></ul></div>"
  },
  "url" : "http://smart.who.int/hiv/ValueSet/HIV.D.DE858",
  "version" : "0.3.0",
  "name" : "HIVDDE858",
  "title" : "Mycoplasma genitalium test type ValueSet",
  "status" : "active",
  "experimental" : true,
  "date" : "2024-08-18T19:05:30+00:00",
  "publisher" : "WHO",
  "contact" : [{
    "name" : "WHO",
    "telecom" : [{
      "system" : "url",
      "value" : "http://who.int"
    }]
  }],
  "description" : "Value set of type of diagnostic test used for Mycoplasma genitalium",
  "compose" : {
    "include" : [{
      "system" : "http://smart.who.int/hiv/CodeSystem/HIVConcepts",
      "concept" : [{
        "code" : "HIV.D.DE859",
        "display" : "NAAT"
      },
      {
        "code" : "HIV.D.DE860",
        "display" : "Microscopy"
      },
      {
        "code" : "HIV.D.DE861",
        "display" : "Other"
      }]
    }]
  }
}