{
  "resourceType" : "ValueSet",
  "id" : "HIV.B.DE68",
  "meta" : {
    "profile" : ["http://hl7.org/fhir/uv/crmi/StructureDefinition/crmi-shareablevalueset",
    "http://hl7.org/fhir/uv/crmi/StructureDefinition/crmi-publishablevalueset",
    "http://hl7.org/fhir/uv/crmi/StructureDefinition/crmi-computablevalueset"]
  },
  "text" : {
    "status" : "extensions",
    "div" : "<div xmlns=\"http://www.w3.org/1999/xhtml\"><p class=\"res-header-id\"><b>Generated Narrative: ValueSet HIV.B.DE68</b></p><a name=\"HIV.B.DE68\"> </a><a name=\"hcHIV.B.DE68\"> </a><a name=\"HIV.B.DE68-en-US\"> </a><ul><li>Include these codes as defined in <a href=\"CodeSystem-HIVConcepts.html\"><code>http://smart.who.int/hiv/CodeSystem/HIVConcepts</code></a><table class=\"none\"><tr><td style=\"white-space:nowrap\"><b>Code</b></td><td><b>Display</b></td><td><b>Definition</b></td></tr><tr><td><a href=\"CodeSystem-HIVConcepts.html#HIVConcepts-HIV.46B.46DE69\">HIV.B.DE69</a></td><td>HIV-1</td><td>The client has HIV-1</td></tr><tr><td><a href=\"CodeSystem-HIVConcepts.html#HIVConcepts-HIV.46B.46DE70\">HIV.B.DE70</a></td><td>HIV-2</td><td>The client has HIV-2</td></tr></table></li></ul></div>"
  },
  "url" : "http://smart.who.int/hiv/ValueSet/HIV.B.DE68",
  "version" : "0.3.0",
  "name" : "HIVBDE68",
  "title" : "HIV serotype ValueSet",
  "status" : "active",
  "experimental" : true,
  "date" : "2024-11-07T21:00:54+00:00",
  "publisher" : "WHO",
  "contact" : [{
    "name" : "WHO",
    "telecom" : [{
      "system" : "url",
      "value" : "http://who.int"
    }]
  }],
  "description" : "Value set of the client's HIV serotype",
  "compose" : {
    "include" : [{
      "system" : "http://smart.who.int/hiv/CodeSystem/HIVConcepts",
      "concept" : [{
        "code" : "HIV.B.DE69",
        "display" : "HIV-1"
      },
      {
        "code" : "HIV.B.DE70",
        "display" : "HIV-2"
      }]
    }]
  }
}