{"resourceType":"Library","id":"WHOElementsLogic","meta":{"profile":["http://hl7.org/fhir/uv/crmi/StructureDefinition/crmi-shareablelibrary","http://hl7.org/fhir/uv/crmi/StructureDefinition/crmi-publishablelibrary","http://hl7.org/fhir/uv/cql/StructureDefinition/cql-library","http://hl7.org/fhir/uv/cql/StructureDefinition/cql-module"]},"extension":[{"url":"http://hl7.org/fhir/StructureDefinition/cqf-knowledgeCapability","valueCode":"computable"}],"url":"http://smart.who.int/WHOElements/Library/WHOElementsLogic","version":"0.1.0","name":"WHOElementsLogic","title":"WHOElements Logic","status":"draft","experimental":true,"type":{"coding":[{"system":"http://terminology.hl7.org/CodeSystem/library-type","code":"logic-library"}]},"date":"2024-07-01T15:03:25+00:00","publisher":"WHO","contact":[{"name":"WHO","telecom":[{"system":"url","value":"http://who.int"}]}],"description":"Description not yet available for WHOElementsLogic."}