{"resourceType":"Measure","id":"HIVIND43","meta":{"profile":["http://hl7.org/fhir/us/cqfmeasures/StructureDefinition/proportion-measure-cqfm","http://hl7.org/fhir/uv/crmi/StructureDefinition/crmi-shareablemeasure","http://hl7.org/fhir/uv/crmi/StructureDefinition/crmi-publishablemeasure"]},"extension":[{"url":"http://hl7.org/fhir/us/cqfmeasures/StructureDefinition/cqfm-populationBasis","valueCode":"boolean"}],"url":"http://smart.who.int/hiv/Measure/HIVIND43","version":"0.2.0","name":"HIVIND43","title":"HIV.IND.43 HIV prevalence among women attending ANC","status":"draft","experimental":true,"date":"2024-08-05","publisher":"WHO","contact":[{"name":"WHO","telecom":[{"system":"url","value":"http://who.int"}]}],"description":"% of pregnant women who are HIV-positive at the time of their first test during the current pregnancy","library":["http://smart.who.int/hiv/Library/HIVIND43Logic"],"scoring":{"coding":[{"system":"http://terminology.hl7.org/CodeSystem/measure-scoring","code":"proportion","display":"Proportion"}]},"group":[{"population":[{"id":"HIV.IND.43.IP","code":{"coding":[{"system":"http://terminology.hl7.org/CodeSystem/measure-population","code":"initial-population","display":"Initial Population"}]},"description":"Initial Population","criteria":{"language":"text/cql-identifier","expression":"Initial Population"}},{"id":"HIV.IND.43.DEN","code":{"coding":[{"system":"http://terminology.hl7.org/CodeSystem/measure-population","code":"denominator","display":"Denominator"}]},"description":"Number of ANC attendees receiving their first HIV test during pregnancy plus number of ANC attendees known to be HIV-positive before first ANC visit","criteria":{"language":"text/cql-identifier","expression":"Denominator"}},{"id":"HIV.IND.43.NUM","code":{"coding":[{"system":"http://terminology.hl7.org/CodeSystem/measure-population","code":"numerator","display":"Numerator"}]},"description":"Number of ANC attendees who tested HIV-positive at their first test during the current pregnancy plus number of ANC attendees known to be HIV-positive before their first ANC visit","criteria":{"language":"text/cql-identifier","expression":"Numerator"}}]}]}