{"resourceType":"Measure","id":"HIVIND3","meta":{"profile":["http://hl7.org/fhir/us/cqfmeasures/StructureDefinition/proportion-measure-cqfm","http://hl7.org/fhir/uv/crmi/StructureDefinition/crmi-shareablemeasure","http://hl7.org/fhir/uv/crmi/StructureDefinition/crmi-publishablemeasure"]},"extension":[{"url":"http://hl7.org/fhir/us/cqfmeasures/StructureDefinition/cqfm-populationBasis","valueCode":"boolean"}],"url":"http://smart.who.int/immunizations-measles/Measure/HIVIND3","version":"0.4.0","name":"HIVIND3","title":"HIV.IND.3 PrEP coverage","status":"draft","experimental":true,"date":"2024-06-15","publisher":"World Health Organization","contact":[{"telecom":[{"system":"url","value":"https://www.who.int"}]}],"description":"% of people prescribed PrEP among those identified as being at elevated risk for HIV acquisition","jurisdiction":[{"coding":[{"system":"http://unstats.un.org/unsd/methods/m49/m49.htm","code":"001"}]}],"library":["http://smart.who.int/immunizations-measles/Library/HIVIND3Logic"],"scoring":{"coding":[{"system":"http://terminology.hl7.org/CodeSystem/measure-scoring","code":"proportion","display":"Proportion"}]},"group":[{"population":[{"id":"HIV.IND.3.initialPopulation","code":{"coding":[{"system":"http://terminology.hl7.org/CodeSystem/measure-population","code":"initial-population","display":"Initial Population"}]},"description":"a) Programme/service provider level: number of individuals who received a negative HIV test during the reporting period and identified as being at elevated risk for HIV acquisition (includes people requesting/receiving any HIV prevention intervention, people from key populations, people with known risk factors or assessed as being at risk of HIV acquisition)\nb) Population level: population-level estimate of the number of people who would benefit from PrEP, for example as derived from a PrEP need estimator tool","criteria":{"language":"text/cql-identifier","expression":"Denominator"}},{"id":"HIV.IND.3.DEN","code":{"coding":[{"system":"http://terminology.hl7.org/CodeSystem/measure-population","code":"denominator","display":"Denominator"}]},"description":"a) Programme/service provider level: number of individuals who received a negative HIV test during the reporting period and identified as being at elevated risk for HIV acquisition (includes people requesting/receiving any HIV prevention intervention, people from key populations, people with known risk factors or assessed as being at risk of HIV acquisition)\nb) Population level: population-level estimate of the number of people who would benefit from PrEP, for example as derived from a PrEP need estimator tool","criteria":{"language":"text/cql-identifier","expression":"Denominator"}},{"id":"HIV.IND.3.NUM","code":{"coding":[{"system":"http://terminology.hl7.org/CodeSystem/measure-population","code":"numerator","display":"Numerator"}]},"description":"Number of unique individuals prescribed or dispensed any form of PrEP at least once during the reporting period. Individuals prescribed different products or regimens at different times during the reporting period should be counted only once.","criteria":{"language":"text/cql-identifier","expression":"Numerator"}}],"stratifier":[{"id":"HIV.IND.3.S.AG","criteria":{"language":"text/cql-identifier","expression":"Administrative Gender Stratifier"}},{"id":"HIV.IND.3.S.A","criteria":{"language":"text/cql-identifier","expression":"Age Stratifier"}},{"id":"HIV.IND.3.S.GR","criteria":{"language":"text/cql-identifier","expression":"Geographic Region Stratifier"}},{"id":"HIV.IND.3.S.P","criteria":{"language":"text/cql-identifier","expression":"patientGroups Stratifier"}}]}]}