{"resourceType":"Basic","id":"HIVNonFunctionalRequirements","text":{"status":"generated","div":"<div xmlns=\"http://www.w3.org/1999/xhtml\"><p class=\"res-header-id\"><b>Generated Narrative: Requirements HIVNonFunctionalRequirements</b></p><a name=\"HIVNonFunctionalRequirements\"> </a><a name=\"hcHIVNonFunctionalRequirements\"> </a><a name=\"HIVNonFunctionalRequirements-en-US\"> </a><table class=\"grid\"><tr><td><b><a name=\"HIV.NFXNREQ.001\"> </a></b>HIV.NFXNREQ.001</td><td/><td><div><p>For Security - confidentiality ,\nProvide password protected access for authorized users</p>\n</div></td></tr><tr><td><b><a name=\"HIV.NFXNREQ.002\"> </a></b>HIV.NFXNREQ.002</td><td/><td><div><p>For Security - confidentiality ,\nProvide a means to ensure confidentiality and privacy of personal health information</p>\n</div></td></tr><tr><td><b><a name=\"HIV.NFXNREQ.003\"> </a></b>HIV.NFXNREQ.003</td><td/><td><div><p>For Security - confidentiality ,\nProvide ability for authorized users to view confidential data</p>\n</div></td></tr><tr><td><b><a name=\"HIV.NFXNREQ.004\"> </a></b>HIV.NFXNREQ.004</td><td/><td><div><p>For Security - confidentiality ,\nAnonymise data that is exported from the system</p>\n</div></td></tr><tr><td><b><a name=\"HIV.NFXNREQ.005\"> </a></b>HIV.NFXNREQ.005</td><td/><td><div><p>For Security - confidentiality ,\nPrevent remembering username and password</p>\n</div></td></tr><tr><td><b><a name=\"HIV.NFXNREQ.006\"> </a></b>HIV.NFXNREQ.006</td><td/><td><div><p>For Security - confidentiality ,\nLog out the user after specified time of inactivity</p>\n</div></td></tr><tr><td><b><a name=\"HIV.NFXNREQ.007\"> </a></b>HIV.NFXNREQ.007</td><td/><td><div><p>For Security - confidentiality ,\nProvide encrypted communication between components</p>\n</div></td></tr><tr><td><b><a name=\"HIV.NFXNREQ.008\"> </a></b>HIV.NFXNREQ.008</td><td/><td><div><p>For Security - authentication ,\nNotify the user to change their password the first time they log in</p>\n</div></td></tr><tr><td><b><a name=\"HIV.NFXNREQ.009\"> </a></b>HIV.NFXNREQ.009</td><td/><td><div><p>For Security - authentication ,\nAdhere to complex password requirements</p>\n</div></td></tr><tr><td><b><a name=\"HIV.NFXNREQ.010\"> </a></b>HIV.NFXNREQ.010</td><td/><td><div><p>For Security - authentication ,\nProvide a mechanism to securely change a user's password</p>\n</div></td></tr><tr><td><b><a name=\"HIV.NFXNREQ.011\"> </a></b>HIV.NFXNREQ.011</td><td/><td><div><p>For Security - authentication ,\nNotify the user of password change to their account</p>\n</div></td></tr><tr><td><b><a name=\"HIV.NFXNREQ.012\"> </a></b>HIV.NFXNREQ.012</td><td/><td><div><p>For Security - authentication ,\nReset a user's password in a secure manner</p>\n</div></td></tr><tr><td><b><a name=\"HIV.NFXNREQ.013\"> </a></b>HIV.NFXNREQ.013</td><td/><td><div><p>For Security - authentication ,\nLock a user out after a specified number of wrong password attempts</p>\n</div></td></tr><tr><td><b><a name=\"HIV.NFXNREQ.014\"> </a></b>HIV.NFXNREQ.014</td><td/><td><div><p>For Security - authentication ,\nNotify a user if their account is locked due to wrong password attempts</p>\n</div></td></tr><tr><td><b><a name=\"HIV.NFXNREQ.015\"> </a></b>HIV.NFXNREQ.015</td><td/><td><div><p>For Security - authentication ,\nProvide role-based access to the system</p>\n</div></td></tr><tr><td><b><a name=\"HIV.NFXNREQ.016\"> </a></b>HIV.NFXNREQ.016</td><td/><td><div><p>For Security - audit trail and logs ,\nLog system logins and logouts</p>\n</div></td></tr><tr><td><b><a name=\"HIV.NFXNREQ.017\"> </a></b>HIV.NFXNREQ.017</td><td/><td><div><p>For Security - audit trail and logs ,\nRecord all authentication violations</p>\n</div></td></tr><tr><td><b><a name=\"HIV.NFXNREQ.018\"> </a></b>HIV.NFXNREQ.018</td><td/><td><div><p>For Security - audit trail and logs ,\nLog all activities performed by the user, including date and time stamp</p>\n</div></td></tr><tr><td><b><a name=\"HIV.NFXNREQ.019\"> </a></b>HIV.NFXNREQ.019</td><td/><td><div><p>For Security - audit trail and logs ,\nLog access to views of individual client records</p>\n</div></td></tr><tr><td><b><a name=\"HIV.NFXNREQ.020\"> </a></b>HIV.NFXNREQ.020</td><td/><td><div><p>For Security - audit trail and logs ,\nLog access to data summaries, reports, analysis and visualization features</p>\n</div></td></tr><tr><td><b><a name=\"HIV.NFXNREQ.021\"> </a></b>HIV.NFXNREQ.021</td><td/><td><div><p>For Security - audit trail and logs ,\nLog exchange of data with other systems</p>\n</div></td></tr><tr><td><b><a name=\"HIV.NFXNREQ.022\"> </a></b>HIV.NFXNREQ.022</td><td/><td><div><p>For Security - audit trail and logs ,\nGenerate analysis of the usage of different system features and reports</p>\n</div></td></tr><tr><td><b><a name=\"HIV.NFXNREQ.023\"> </a></b>HIV.NFXNREQ.023</td><td/><td><div><p>For Security - audit trail and logs ,\nLog all data and system errors</p>\n</div></td></tr><tr><td><b><a name=\"HIV.NFXNREQ.024\"> </a></b>HIV.NFXNREQ.024</td><td/><td><div><p>For Security - user management ,\nAllow user with permission to create a new user and temporary password</p>\n</div></td></tr><tr><td><b><a name=\"HIV.NFXNREQ.025\"> </a></b>HIV.NFXNREQ.025</td><td/><td><div><p>For Security - user management ,\nProvide role-based access</p>\n</div></td></tr><tr><td><b><a name=\"HIV.NFXNREQ.026\"> </a></b>HIV.NFXNREQ.026</td><td/><td><div><p>For Security - user management ,\nAllow roles to be associated with specific geographical areas and/or health facilities</p>\n</div></td></tr><tr><td><b><a name=\"HIV.NFXNREQ.027\"> </a></b>HIV.NFXNREQ.027</td><td/><td><div><p>For Security - user management ,\nAllow cascading user management and assignment of roles</p>\n</div></td></tr><tr><td><b><a name=\"HIV.NFXNREQ.028\"> </a></b>HIV.NFXNREQ.028</td><td/><td><div><p>For Security - user management ,\nAllow user to change their own password</p>\n</div></td></tr><tr><td><b><a name=\"HIV.NFXNREQ.029\"> </a></b>HIV.NFXNREQ.029</td><td/><td><div><p>For Security - user management ,\nAllow admin user to request password reset</p>\n</div></td></tr><tr><td><b><a name=\"HIV.NFXNREQ.030\"> </a></b>HIV.NFXNREQ.030</td><td/><td><div><p>For Security - user management ,\nNotify the user to regularly change the user's password</p>\n</div></td></tr><tr><td><b><a name=\"HIV.NFXNREQ.031\"> </a></b>HIV.NFXNREQ.031</td><td/><td><div><p>For Security - user management ,\nAllow each user to be assigned to one or more roles</p>\n</div></td></tr><tr><td><b><a name=\"HIV.NFXNREQ.032\"> </a></b>HIV.NFXNREQ.032</td><td/><td><div><p>For Security - user management ,\nSupport definitions of unlimited roles and assigned levels of access, viewing, entry, editing and auditing</p>\n</div></td></tr><tr><td><b><a name=\"HIV.NFXNREQ.033\"> </a></b>HIV.NFXNREQ.033</td><td/><td><div><p>For System requirements - general ,\nProvide a unique version number for each revision</p>\n</div></td></tr><tr><td><b><a name=\"HIV.NFXNREQ.034\"> </a></b>HIV.NFXNREQ.034</td><td/><td><div><p>For System requirements - general ,\nEnable earlier versions of a record to be recoverable</p>\n</div></td></tr><tr><td><b><a name=\"HIV.NFXNREQ.035\"> </a></b>HIV.NFXNREQ.035</td><td/><td><div><p>For System requirements - general ,\nEnable deployment in an environment subject to power loss</p>\n</div></td></tr><tr><td><b><a name=\"HIV.NFXNREQ.036\"> </a></b>HIV.NFXNREQ.036</td><td/><td><div><p>For System requirements - general ,\nWork in an environment that is subject to loss of connectivity</p>\n</div></td></tr><tr><td><b><a name=\"HIV.NFXNREQ.037\"> </a></b>HIV.NFXNREQ.037</td><td/><td><div><p>For System requirements - general ,\nGenerate IDs that are unique across different installations or sites</p>\n</div></td></tr><tr><td><b><a name=\"HIV.NFXNREQ.038\"> </a></b>HIV.NFXNREQ.038</td><td/><td><div><p>For System requirements - general ,\nReport version number when saving data to the database</p>\n</div></td></tr><tr><td><b><a name=\"HIV.NFXNREQ.039\"> </a></b>HIV.NFXNREQ.039</td><td/><td><div><p>For System requirements - general ,\nBe designed to be flexible enough to accommodate necessary changes in the future</p>\n</div></td></tr><tr><td><b><a name=\"HIV.NFXNREQ.040\"> </a></b>HIV.NFXNREQ.040</td><td/><td><div><p>For System requirements - general ,\nAllow for offline and online functionality</p>\n</div></td></tr><tr><td><b><a name=\"HIV.NFXNREQ.041\"> </a></b>HIV.NFXNREQ.041</td><td/><td><div><p>For System requirements - general ,\nShow the number of records that are not yet synchronised</p>\n</div></td></tr><tr><td><b><a name=\"HIV.NFXNREQ.042\"> </a></b>HIV.NFXNREQ.042</td><td/><td><div><p>For System requirements - general ,\nHave ability to easily back up information</p>\n</div></td></tr><tr><td><b><a name=\"HIV.NFXNREQ.043\"> </a></b>HIV.NFXNREQ.043</td><td/><td><div><p>For System requirements - general ,\nWarn user if no valid backup for more than a predefined number of days</p>\n</div></td></tr><tr><td><b><a name=\"HIV.NFXNREQ.044\"> </a></b>HIV.NFXNREQ.044</td><td/><td><div><p>For System requirements - general ,\nMust have the ability to store images and other unstructured data</p>\n</div></td></tr><tr><td><b><a name=\"HIV.NFXNREQ.045\"> </a></b>HIV.NFXNREQ.045</td><td/><td><div><p>For System requirements - scalability ,\nScalable to accommodate new demands</p>\n</div></td></tr><tr><td><b><a name=\"HIV.NFXNREQ.046\"> </a></b>HIV.NFXNREQ.046</td><td/><td><div><p>For System requirements - scalability ,\nBe able to accommodate at least [x number of] health facilities</p>\n</div></td></tr><tr><td><b><a name=\"HIV.NFXNREQ.047\"> </a></b>HIV.NFXNREQ.047</td><td/><td><div><p>For System requirements - scalability ,\nBe able to accommodate at least [x number of] concurrent users</p>\n</div></td></tr><tr><td><b><a name=\"HIV.NFXNREQ.048\"> </a></b>HIV.NFXNREQ.048</td><td/><td><div><p>For System requirements - usability ,\nBe user-friendly for people with low computer literacy</p>\n</div></td></tr><tr><td><b><a name=\"HIV.NFXNREQ.049\"> </a></b>HIV.NFXNREQ.049</td><td/><td><div><p>For System requirements - usability ,\nProvide informative error messages and tooltips</p>\n</div></td></tr><tr><td><b><a name=\"HIV.NFXNREQ.050\"> </a></b>HIV.NFXNREQ.050</td><td/><td><div><p>For System requirements - usability ,\nAlert the user when navigating away from the form without saving</p>\n</div></td></tr><tr><td><b><a name=\"HIV.NFXNREQ.051\"> </a></b>HIV.NFXNREQ.051</td><td/><td><div><p>For System requirements - usability ,\nSupport real time data entry validation and feedback to prevent data entry errors from being recorded</p>\n</div></td></tr><tr><td><b><a name=\"HIV.NFXNREQ.052\"> </a></b>HIV.NFXNREQ.052</td><td/><td><div><p>For System requirements - usability ,\nSimplify data recording through predefined drop-down or searchable lists, radio buttons, check boxes</p>\n</div></td></tr><tr><td><b><a name=\"HIV.NFXNREQ.053\"> </a></b>HIV.NFXNREQ.053</td><td/><td><div><p>For System requirements - usability ,\nSupport multiple languages</p>\n</div></td></tr><tr><td><b><a name=\"HIV.NFXNREQ.054\"> </a></b>HIV.NFXNREQ.054</td><td/><td><div><p>For System requirements - usability ,\nUse industry standard user interface practices and apply them in a consistent manner throughout the system</p>\n</div></td></tr><tr><td><b><a name=\"HIV.NFXNREQ.055\"> </a></b>HIV.NFXNREQ.055</td><td/><td><div><p>For System requirements - usability ,\nEasy to learn and intuitive to enable user to navigate between pages</p>\n</div></td></tr><tr><td><b><a name=\"HIV.NFXNREQ.056\"> </a></b>HIV.NFXNREQ.056</td><td/><td><div><p>For System requirements - usability ,\nProvide guidance to the users to better support clinical guidelines and best clinical practices</p>\n</div></td></tr><tr><td><b><a name=\"HIV.NFXNREQ.057\"> </a></b>HIV.NFXNREQ.057</td><td/><td><div><p>For System requirements - usability ,\nBe reliable and robust (minimize the number of system crashes)</p>\n</div></td></tr><tr><td><b><a name=\"HIV.NFXNREQ.058\"> </a></b>HIV.NFXNREQ.058</td><td/><td><div><p>For System requirements - usability ,\nAdjust display to fit small screens (e.g. mobile phones)</p>\n</div></td></tr><tr><td><b><a name=\"HIV.NFXNREQ.059\"> </a></b>HIV.NFXNREQ.059</td><td/><td><div><p>For System requirements - configuration ,\nConfigure the system centrally</p>\n</div></td></tr><tr><td><b><a name=\"HIV.NFXNREQ.060\"> </a></b>HIV.NFXNREQ.060</td><td/><td><div><p>For System requirements - configuration ,\nConfigure business rules in line with guidelines and standard operating procedures (SOPs)</p>\n</div></td></tr><tr><td><b><a name=\"HIV.NFXNREQ.061\"> </a></b>HIV.NFXNREQ.061</td><td/><td><div><p>For System requirements - configuration ,\nConfigure error messages</p>\n</div></td></tr><tr><td><b><a name=\"HIV.NFXNREQ.062\"> </a></b>HIV.NFXNREQ.062</td><td/><td><div><p>For System requirements - configuration ,\nConfigure workflows and business rules to accommodate differences between facilities</p>\n</div></td></tr><tr><td><b><a name=\"HIV.NFXNREQ.063\"> </a></b>HIV.NFXNREQ.063</td><td/><td><div><p>For System requirements - interoperability ,\nCommunicate with external systems through mediators</p>\n</div></td></tr><tr><td><b><a name=\"HIV.NFXNREQ.064\"> </a></b>HIV.NFXNREQ.064</td><td/><td><div><p>For System requirements - interoperability ,\nProvide access to data through application programming interfaces (APIs)</p>\n</div></td></tr><tr><td><b><a name=\"HIV.NFXNREQ.065\"> </a></b>HIV.NFXNREQ.065</td><td/><td><div><p>For System requirements - interoperability ,\nBe interoperable with external systems through mediators</p>\n</div></td></tr><tr><td><b><a name=\"HIV.NFXNREQ.066\"> </a></b>HIV.NFXNREQ.066</td><td/><td><div><p>For System requirements - interoperability ,\nLink with insurance systems to verify eligibility and submit claims</p>\n</div></td></tr><tr><td><b><a name=\"HIV.NFXNREQ.067\"> </a></b>HIV.NFXNREQ.067</td><td/><td><div><p>For System requirements - interoperability ,\nExchange data with other approved systems</p>\n</div></td></tr><tr><td><b><a name=\"HIV.NFXNREQ.068\"> </a></b>HIV.NFXNREQ.068</td><td/><td><div><p>For System requirements - interoperability ,\nAccept data from multiple input methods including paper, geocoding (GPS)</p>\n</div></td></tr><tr><td><b><a name=\"HIV.NFXNREQ.069\"> </a></b>HIV.NFXNREQ.069</td><td/><td><div><p>For System requirements - hardware and connectivity ,\nAllow for data exchange and efficient synchronization across multiple facilities and points of service when internet is available, even when it is intermittent and slow</p>\n</div></td></tr></table></div>"},"extension":[{"url":"http://hl7.org/fhir/5.0/StructureDefinition/extension-Requirements.url","valueUri":"http://smart.who.int/hiv/Requirements/HIVNonFunctionalRequirements"},{"url":"http://hl7.org/fhir/5.0/StructureDefinition/extension-Requirements.version","valueString":"0.1.0"},{"url":"http://hl7.org/fhir/5.0/StructureDefinition/extension-Requirements.status","valueCode":"active"},{"url":"http://hl7.org/fhir/5.0/StructureDefinition/extension-Requirements.date","valueDateTime":"2024-07-12T23:16:48+00:00"},{"url":"http://hl7.org/fhir/5.0/StructureDefinition/extension-Requirements.publisher","valueString":"WHO"},{"url":"http://hl7.org/fhir/5.0/StructureDefinition/extension-Requirements.contact","valueContactDetail":{"name":"WHO","telecom":[{"system":"url","value":"http://who.int"}]}},{"url":"http://hl7.org/fhir/5.0/StructureDefinition/extension-Requirements.jurisdiction"},{"extension":[{"url":"http://hl7.org/fhir/5.0/StructureDefinition/extension-Requirements.statement.key","valueId":"HIV.NFXNREQ.001"},{"url":"http://hl7.org/fhir/5.0/StructureDefinition/extension-Requirements.statement.requirement","valueMarkdown":"For Security - confidentiality ,\nProvide password protected access for authorized users  "}],"url":"http://hl7.org/fhir/5.0/StructureDefinition/extension-Requirements.statement"},{"extension":[{"url":"http://hl7.org/fhir/5.0/StructureDefinition/extension-Requirements.statement.key","valueId":"HIV.NFXNREQ.002"},{"url":"http://hl7.org/fhir/5.0/StructureDefinition/extension-Requirements.statement.requirement","valueMarkdown":"For Security - confidentiality ,\nProvide a means to ensure confidentiality and privacy of personal health information "}],"url":"http://hl7.org/fhir/5.0/StructureDefinition/extension-Requirements.statement"},{"extension":[{"url":"http://hl7.org/fhir/5.0/StructureDefinition/extension-Requirements.statement.key","valueId":"HIV.NFXNREQ.003"},{"url":"http://hl7.org/fhir/5.0/StructureDefinition/extension-Requirements.statement.requirement","valueMarkdown":"For Security - confidentiality ,\nProvide ability for authorized users to view confidential data   "}],"url":"http://hl7.org/fhir/5.0/StructureDefinition/extension-Requirements.statement"},{"extension":[{"url":"http://hl7.org/fhir/5.0/StructureDefinition/extension-Requirements.statement.key","valueId":"HIV.NFXNREQ.004"},{"url":"http://hl7.org/fhir/5.0/StructureDefinition/extension-Requirements.statement.requirement","valueMarkdown":"For Security - confidentiality ,\nAnonymise data that is exported from the system "}],"url":"http://hl7.org/fhir/5.0/StructureDefinition/extension-Requirements.statement"},{"extension":[{"url":"http://hl7.org/fhir/5.0/StructureDefinition/extension-Requirements.statement.key","valueId":"HIV.NFXNREQ.005"},{"url":"http://hl7.org/fhir/5.0/StructureDefinition/extension-Requirements.statement.requirement","valueMarkdown":"For Security - confidentiality ,\nPrevent remembering username and password "}],"url":"http://hl7.org/fhir/5.0/StructureDefinition/extension-Requirements.statement"},{"extension":[{"url":"http://hl7.org/fhir/5.0/StructureDefinition/extension-Requirements.statement.key","valueId":"HIV.NFXNREQ.006"},{"url":"http://hl7.org/fhir/5.0/StructureDefinition/extension-Requirements.statement.requirement","valueMarkdown":"For Security - confidentiality ,\nLog out the user after specified time of inactivity "}],"url":"http://hl7.org/fhir/5.0/StructureDefinition/extension-Requirements.statement"},{"extension":[{"url":"http://hl7.org/fhir/5.0/StructureDefinition/extension-Requirements.statement.key","valueId":"HIV.NFXNREQ.007"},{"url":"http://hl7.org/fhir/5.0/StructureDefinition/extension-Requirements.statement.requirement","valueMarkdown":"For Security - confidentiality ,\nProvide encrypted communication between components "}],"url":"http://hl7.org/fhir/5.0/StructureDefinition/extension-Requirements.statement"},{"extension":[{"url":"http://hl7.org/fhir/5.0/StructureDefinition/extension-Requirements.statement.key","valueId":"HIV.NFXNREQ.008"},{"url":"http://hl7.org/fhir/5.0/StructureDefinition/extension-Requirements.statement.requirement","valueMarkdown":"For Security - authentication ,\nNotify the user to change their password the first time they log in "}],"url":"http://hl7.org/fhir/5.0/StructureDefinition/extension-Requirements.statement"},{"extension":[{"url":"http://hl7.org/fhir/5.0/StructureDefinition/extension-Requirements.statement.key","valueId":"HIV.NFXNREQ.009"},{"url":"http://hl7.org/fhir/5.0/StructureDefinition/extension-Requirements.statement.requirement","valueMarkdown":"For Security - authentication ,\nAdhere to complex password requirements "}],"url":"http://hl7.org/fhir/5.0/StructureDefinition/extension-Requirements.statement"},{"extension":[{"url":"http://hl7.org/fhir/5.0/StructureDefinition/extension-Requirements.statement.key","valueId":"HIV.NFXNREQ.010"},{"url":"http://hl7.org/fhir/5.0/StructureDefinition/extension-Requirements.statement.requirement","valueMarkdown":"For Security - authentication ,\nProvide a mechanism to securely change a user's password "}],"url":"http://hl7.org/fhir/5.0/StructureDefinition/extension-Requirements.statement"},{"extension":[{"url":"http://hl7.org/fhir/5.0/StructureDefinition/extension-Requirements.statement.key","valueId":"HIV.NFXNREQ.011"},{"url":"http://hl7.org/fhir/5.0/StructureDefinition/extension-Requirements.statement.requirement","valueMarkdown":"For Security - authentication ,\nNotify the user of password change to their account "}],"url":"http://hl7.org/fhir/5.0/StructureDefinition/extension-Requirements.statement"},{"extension":[{"url":"http://hl7.org/fhir/5.0/StructureDefinition/extension-Requirements.statement.key","valueId":"HIV.NFXNREQ.012"},{"url":"http://hl7.org/fhir/5.0/StructureDefinition/extension-Requirements.statement.requirement","valueMarkdown":"For Security - authentication ,\nReset a user's password in a secure manner "}],"url":"http://hl7.org/fhir/5.0/StructureDefinition/extension-Requirements.statement"},{"extension":[{"url":"http://hl7.org/fhir/5.0/StructureDefinition/extension-Requirements.statement.key","valueId":"HIV.NFXNREQ.013"},{"url":"http://hl7.org/fhir/5.0/StructureDefinition/extension-Requirements.statement.requirement","valueMarkdown":"For Security - authentication ,\nLock a user out after a specified number of wrong password attempts "}],"url":"http://hl7.org/fhir/5.0/StructureDefinition/extension-Requirements.statement"},{"extension":[{"url":"http://hl7.org/fhir/5.0/StructureDefinition/extension-Requirements.statement.key","valueId":"HIV.NFXNREQ.014"},{"url":"http://hl7.org/fhir/5.0/StructureDefinition/extension-Requirements.statement.requirement","valueMarkdown":"For Security - authentication ,\nNotify a user if their account is locked due to wrong password attempts "}],"url":"http://hl7.org/fhir/5.0/StructureDefinition/extension-Requirements.statement"},{"extension":[{"url":"http://hl7.org/fhir/5.0/StructureDefinition/extension-Requirements.statement.key","valueId":"HIV.NFXNREQ.015"},{"url":"http://hl7.org/fhir/5.0/StructureDefinition/extension-Requirements.statement.requirement","valueMarkdown":"For Security - authentication ,\nProvide role-based access to the system "}],"url":"http://hl7.org/fhir/5.0/StructureDefinition/extension-Requirements.statement"},{"extension":[{"url":"http://hl7.org/fhir/5.0/StructureDefinition/extension-Requirements.statement.key","valueId":"HIV.NFXNREQ.016"},{"url":"http://hl7.org/fhir/5.0/StructureDefinition/extension-Requirements.statement.requirement","valueMarkdown":"For Security - audit trail and logs ,\nLog system logins and logouts "}],"url":"http://hl7.org/fhir/5.0/StructureDefinition/extension-Requirements.statement"},{"extension":[{"url":"http://hl7.org/fhir/5.0/StructureDefinition/extension-Requirements.statement.key","valueId":"HIV.NFXNREQ.017"},{"url":"http://hl7.org/fhir/5.0/StructureDefinition/extension-Requirements.statement.requirement","valueMarkdown":"For Security - audit trail and logs ,\nRecord all authentication violations "}],"url":"http://hl7.org/fhir/5.0/StructureDefinition/extension-Requirements.statement"},{"extension":[{"url":"http://hl7.org/fhir/5.0/StructureDefinition/extension-Requirements.statement.key","valueId":"HIV.NFXNREQ.018"},{"url":"http://hl7.org/fhir/5.0/StructureDefinition/extension-Requirements.statement.requirement","valueMarkdown":"For Security - audit trail and logs ,\nLog all activities performed by the user, including date and time stamp "}],"url":"http://hl7.org/fhir/5.0/StructureDefinition/extension-Requirements.statement"},{"extension":[{"url":"http://hl7.org/fhir/5.0/StructureDefinition/extension-Requirements.statement.key","valueId":"HIV.NFXNREQ.019"},{"url":"http://hl7.org/fhir/5.0/StructureDefinition/extension-Requirements.statement.requirement","valueMarkdown":"For Security - audit trail and logs ,\nLog access to views of individual client records "}],"url":"http://hl7.org/fhir/5.0/StructureDefinition/extension-Requirements.statement"},{"extension":[{"url":"http://hl7.org/fhir/5.0/StructureDefinition/extension-Requirements.statement.key","valueId":"HIV.NFXNREQ.020"},{"url":"http://hl7.org/fhir/5.0/StructureDefinition/extension-Requirements.statement.requirement","valueMarkdown":"For Security - audit trail and logs ,\nLog access to data summaries, reports, analysis and visualization features "}],"url":"http://hl7.org/fhir/5.0/StructureDefinition/extension-Requirements.statement"},{"extension":[{"url":"http://hl7.org/fhir/5.0/StructureDefinition/extension-Requirements.statement.key","valueId":"HIV.NFXNREQ.021"},{"url":"http://hl7.org/fhir/5.0/StructureDefinition/extension-Requirements.statement.requirement","valueMarkdown":"For Security - audit trail and logs ,\nLog exchange of data with other systems "}],"url":"http://hl7.org/fhir/5.0/StructureDefinition/extension-Requirements.statement"},{"extension":[{"url":"http://hl7.org/fhir/5.0/StructureDefinition/extension-Requirements.statement.key","valueId":"HIV.NFXNREQ.022"},{"url":"http://hl7.org/fhir/5.0/StructureDefinition/extension-Requirements.statement.requirement","valueMarkdown":"For Security - audit trail and logs ,\nGenerate analysis of the usage of different system features and reports  "}],"url":"http://hl7.org/fhir/5.0/StructureDefinition/extension-Requirements.statement"},{"extension":[{"url":"http://hl7.org/fhir/5.0/StructureDefinition/extension-Requirements.statement.key","valueId":"HIV.NFXNREQ.023"},{"url":"http://hl7.org/fhir/5.0/StructureDefinition/extension-Requirements.statement.requirement","valueMarkdown":"For Security - audit trail and logs ,\nLog all data and system errors "}],"url":"http://hl7.org/fhir/5.0/StructureDefinition/extension-Requirements.statement"},{"extension":[{"url":"http://hl7.org/fhir/5.0/StructureDefinition/extension-Requirements.statement.key","valueId":"HIV.NFXNREQ.024"},{"url":"http://hl7.org/fhir/5.0/StructureDefinition/extension-Requirements.statement.requirement","valueMarkdown":"For Security - user management ,\nAllow user with permission to create a new user and temporary password "}],"url":"http://hl7.org/fhir/5.0/StructureDefinition/extension-Requirements.statement"},{"extension":[{"url":"http://hl7.org/fhir/5.0/StructureDefinition/extension-Requirements.statement.key","valueId":"HIV.NFXNREQ.025"},{"url":"http://hl7.org/fhir/5.0/StructureDefinition/extension-Requirements.statement.requirement","valueMarkdown":"For Security - user management ,\nProvide role-based access   "}],"url":"http://hl7.org/fhir/5.0/StructureDefinition/extension-Requirements.statement"},{"extension":[{"url":"http://hl7.org/fhir/5.0/StructureDefinition/extension-Requirements.statement.key","valueId":"HIV.NFXNREQ.026"},{"url":"http://hl7.org/fhir/5.0/StructureDefinition/extension-Requirements.statement.requirement","valueMarkdown":"For Security - user management ,\nAllow roles to be associated with specific geographical areas and/or health facilities "}],"url":"http://hl7.org/fhir/5.0/StructureDefinition/extension-Requirements.statement"},{"extension":[{"url":"http://hl7.org/fhir/5.0/StructureDefinition/extension-Requirements.statement.key","valueId":"HIV.NFXNREQ.027"},{"url":"http://hl7.org/fhir/5.0/StructureDefinition/extension-Requirements.statement.requirement","valueMarkdown":"For Security - user management ,\nAllow cascading user management and assignment of roles "}],"url":"http://hl7.org/fhir/5.0/StructureDefinition/extension-Requirements.statement"},{"extension":[{"url":"http://hl7.org/fhir/5.0/StructureDefinition/extension-Requirements.statement.key","valueId":"HIV.NFXNREQ.028"},{"url":"http://hl7.org/fhir/5.0/StructureDefinition/extension-Requirements.statement.requirement","valueMarkdown":"For Security - user management ,\nAllow user to change their own password "}],"url":"http://hl7.org/fhir/5.0/StructureDefinition/extension-Requirements.statement"},{"extension":[{"url":"http://hl7.org/fhir/5.0/StructureDefinition/extension-Requirements.statement.key","valueId":"HIV.NFXNREQ.029"},{"url":"http://hl7.org/fhir/5.0/StructureDefinition/extension-Requirements.statement.requirement","valueMarkdown":"For Security - user management ,\nAllow admin user to request password reset "}],"url":"http://hl7.org/fhir/5.0/StructureDefinition/extension-Requirements.statement"},{"extension":[{"url":"http://hl7.org/fhir/5.0/StructureDefinition/extension-Requirements.statement.key","valueId":"HIV.NFXNREQ.030"},{"url":"http://hl7.org/fhir/5.0/StructureDefinition/extension-Requirements.statement.requirement","valueMarkdown":"For Security - user management ,\nNotify the user to regularly change the user's password "}],"url":"http://hl7.org/fhir/5.0/StructureDefinition/extension-Requirements.statement"},{"extension":[{"url":"http://hl7.org/fhir/5.0/StructureDefinition/extension-Requirements.statement.key","valueId":"HIV.NFXNREQ.031"},{"url":"http://hl7.org/fhir/5.0/StructureDefinition/extension-Requirements.statement.requirement","valueMarkdown":"For Security - user management ,\nAllow each user to be assigned to one or more roles "}],"url":"http://hl7.org/fhir/5.0/StructureDefinition/extension-Requirements.statement"},{"extension":[{"url":"http://hl7.org/fhir/5.0/StructureDefinition/extension-Requirements.statement.key","valueId":"HIV.NFXNREQ.032"},{"url":"http://hl7.org/fhir/5.0/StructureDefinition/extension-Requirements.statement.requirement","valueMarkdown":"For Security - user management ,\nSupport definitions of unlimited roles and assigned levels of access, viewing, entry, editing and auditing  "}],"url":"http://hl7.org/fhir/5.0/StructureDefinition/extension-Requirements.statement"},{"extension":[{"url":"http://hl7.org/fhir/5.0/StructureDefinition/extension-Requirements.statement.key","valueId":"HIV.NFXNREQ.033"},{"url":"http://hl7.org/fhir/5.0/StructureDefinition/extension-Requirements.statement.requirement","valueMarkdown":"For System requirements - general ,\nProvide a unique version number for each revision  "}],"url":"http://hl7.org/fhir/5.0/StructureDefinition/extension-Requirements.statement"},{"extension":[{"url":"http://hl7.org/fhir/5.0/StructureDefinition/extension-Requirements.statement.key","valueId":"HIV.NFXNREQ.034"},{"url":"http://hl7.org/fhir/5.0/StructureDefinition/extension-Requirements.statement.requirement","valueMarkdown":"For System requirements - general ,\nEnable earlier versions of a record to be recoverable "}],"url":"http://hl7.org/fhir/5.0/StructureDefinition/extension-Requirements.statement"},{"extension":[{"url":"http://hl7.org/fhir/5.0/StructureDefinition/extension-Requirements.statement.key","valueId":"HIV.NFXNREQ.035"},{"url":"http://hl7.org/fhir/5.0/StructureDefinition/extension-Requirements.statement.requirement","valueMarkdown":"For System requirements - general ,\nEnable deployment in an environment subject to power loss "}],"url":"http://hl7.org/fhir/5.0/StructureDefinition/extension-Requirements.statement"},{"extension":[{"url":"http://hl7.org/fhir/5.0/StructureDefinition/extension-Requirements.statement.key","valueId":"HIV.NFXNREQ.036"},{"url":"http://hl7.org/fhir/5.0/StructureDefinition/extension-Requirements.statement.requirement","valueMarkdown":"For System requirements - general ,\nWork in an environment that is subject to loss of connectivity "}],"url":"http://hl7.org/fhir/5.0/StructureDefinition/extension-Requirements.statement"},{"extension":[{"url":"http://hl7.org/fhir/5.0/StructureDefinition/extension-Requirements.statement.key","valueId":"HIV.NFXNREQ.037"},{"url":"http://hl7.org/fhir/5.0/StructureDefinition/extension-Requirements.statement.requirement","valueMarkdown":"For System requirements - general ,\nGenerate IDs that are unique across different installations or sites "}],"url":"http://hl7.org/fhir/5.0/StructureDefinition/extension-Requirements.statement"},{"extension":[{"url":"http://hl7.org/fhir/5.0/StructureDefinition/extension-Requirements.statement.key","valueId":"HIV.NFXNREQ.038"},{"url":"http://hl7.org/fhir/5.0/StructureDefinition/extension-Requirements.statement.requirement","valueMarkdown":"For System requirements - general ,\nReport version number when saving data to the database "}],"url":"http://hl7.org/fhir/5.0/StructureDefinition/extension-Requirements.statement"},{"extension":[{"url":"http://hl7.org/fhir/5.0/StructureDefinition/extension-Requirements.statement.key","valueId":"HIV.NFXNREQ.039"},{"url":"http://hl7.org/fhir/5.0/StructureDefinition/extension-Requirements.statement.requirement","valueMarkdown":"For System requirements - general ,\nBe designed to be flexible enough to accommodate necessary changes in the future "}],"url":"http://hl7.org/fhir/5.0/StructureDefinition/extension-Requirements.statement"},{"extension":[{"url":"http://hl7.org/fhir/5.0/StructureDefinition/extension-Requirements.statement.key","valueId":"HIV.NFXNREQ.040"},{"url":"http://hl7.org/fhir/5.0/StructureDefinition/extension-Requirements.statement.requirement","valueMarkdown":"For System requirements - general ,\nAllow for offline and online functionality "}],"url":"http://hl7.org/fhir/5.0/StructureDefinition/extension-Requirements.statement"},{"extension":[{"url":"http://hl7.org/fhir/5.0/StructureDefinition/extension-Requirements.statement.key","valueId":"HIV.NFXNREQ.041"},{"url":"http://hl7.org/fhir/5.0/StructureDefinition/extension-Requirements.statement.requirement","valueMarkdown":"For System requirements - general ,\nShow the number of records that are not yet synchronised "}],"url":"http://hl7.org/fhir/5.0/StructureDefinition/extension-Requirements.statement"},{"extension":[{"url":"http://hl7.org/fhir/5.0/StructureDefinition/extension-Requirements.statement.key","valueId":"HIV.NFXNREQ.042"},{"url":"http://hl7.org/fhir/5.0/StructureDefinition/extension-Requirements.statement.requirement","valueMarkdown":"For System requirements - general ,\nHave ability to easily back up information "}],"url":"http://hl7.org/fhir/5.0/StructureDefinition/extension-Requirements.statement"},{"extension":[{"url":"http://hl7.org/fhir/5.0/StructureDefinition/extension-Requirements.statement.key","valueId":"HIV.NFXNREQ.043"},{"url":"http://hl7.org/fhir/5.0/StructureDefinition/extension-Requirements.statement.requirement","valueMarkdown":"For System requirements - general ,\nWarn user if no valid backup for more than a predefined number of days "}],"url":"http://hl7.org/fhir/5.0/StructureDefinition/extension-Requirements.statement"},{"extension":[{"url":"http://hl7.org/fhir/5.0/StructureDefinition/extension-Requirements.statement.key","valueId":"HIV.NFXNREQ.044"},{"url":"http://hl7.org/fhir/5.0/StructureDefinition/extension-Requirements.statement.requirement","valueMarkdown":"For System requirements - general ,\nMust have the ability to store images and other unstructured data "}],"url":"http://hl7.org/fhir/5.0/StructureDefinition/extension-Requirements.statement"},{"extension":[{"url":"http://hl7.org/fhir/5.0/StructureDefinition/extension-Requirements.statement.key","valueId":"HIV.NFXNREQ.045"},{"url":"http://hl7.org/fhir/5.0/StructureDefinition/extension-Requirements.statement.requirement","valueMarkdown":"For System requirements - scalability ,\nScalable to accommodate new demands "}],"url":"http://hl7.org/fhir/5.0/StructureDefinition/extension-Requirements.statement"},{"extension":[{"url":"http://hl7.org/fhir/5.0/StructureDefinition/extension-Requirements.statement.key","valueId":"HIV.NFXNREQ.046"},{"url":"http://hl7.org/fhir/5.0/StructureDefinition/extension-Requirements.statement.requirement","valueMarkdown":"For System requirements - scalability ,\nBe able to accommodate at least [x number of] health facilities "}],"url":"http://hl7.org/fhir/5.0/StructureDefinition/extension-Requirements.statement"},{"extension":[{"url":"http://hl7.org/fhir/5.0/StructureDefinition/extension-Requirements.statement.key","valueId":"HIV.NFXNREQ.047"},{"url":"http://hl7.org/fhir/5.0/StructureDefinition/extension-Requirements.statement.requirement","valueMarkdown":"For System requirements - scalability ,\nBe able to accommodate at least [x number of] concurrent users "}],"url":"http://hl7.org/fhir/5.0/StructureDefinition/extension-Requirements.statement"},{"extension":[{"url":"http://hl7.org/fhir/5.0/StructureDefinition/extension-Requirements.statement.key","valueId":"HIV.NFXNREQ.048"},{"url":"http://hl7.org/fhir/5.0/StructureDefinition/extension-Requirements.statement.requirement","valueMarkdown":"For System requirements - usability ,\nBe user-friendly for people with low computer literacy "}],"url":"http://hl7.org/fhir/5.0/StructureDefinition/extension-Requirements.statement"},{"extension":[{"url":"http://hl7.org/fhir/5.0/StructureDefinition/extension-Requirements.statement.key","valueId":"HIV.NFXNREQ.049"},{"url":"http://hl7.org/fhir/5.0/StructureDefinition/extension-Requirements.statement.requirement","valueMarkdown":"For System requirements - usability ,\nProvide informative error messages and tooltips   "}],"url":"http://hl7.org/fhir/5.0/StructureDefinition/extension-Requirements.statement"},{"extension":[{"url":"http://hl7.org/fhir/5.0/StructureDefinition/extension-Requirements.statement.key","valueId":"HIV.NFXNREQ.050"},{"url":"http://hl7.org/fhir/5.0/StructureDefinition/extension-Requirements.statement.requirement","valueMarkdown":"For System requirements - usability ,\nAlert the user when navigating away from the form without saving "}],"url":"http://hl7.org/fhir/5.0/StructureDefinition/extension-Requirements.statement"},{"extension":[{"url":"http://hl7.org/fhir/5.0/StructureDefinition/extension-Requirements.statement.key","valueId":"HIV.NFXNREQ.051"},{"url":"http://hl7.org/fhir/5.0/StructureDefinition/extension-Requirements.statement.requirement","valueMarkdown":"For System requirements - usability ,\nSupport real time data entry validation and feedback to prevent data entry errors from being recorded "}],"url":"http://hl7.org/fhir/5.0/StructureDefinition/extension-Requirements.statement"},{"extension":[{"url":"http://hl7.org/fhir/5.0/StructureDefinition/extension-Requirements.statement.key","valueId":"HIV.NFXNREQ.052"},{"url":"http://hl7.org/fhir/5.0/StructureDefinition/extension-Requirements.statement.requirement","valueMarkdown":"For System requirements - usability ,\nSimplify data recording through predefined drop-down or searchable lists, radio buttons, check boxes "}],"url":"http://hl7.org/fhir/5.0/StructureDefinition/extension-Requirements.statement"},{"extension":[{"url":"http://hl7.org/fhir/5.0/StructureDefinition/extension-Requirements.statement.key","valueId":"HIV.NFXNREQ.053"},{"url":"http://hl7.org/fhir/5.0/StructureDefinition/extension-Requirements.statement.requirement","valueMarkdown":"For System requirements - usability ,\nSupport multiple languages "}],"url":"http://hl7.org/fhir/5.0/StructureDefinition/extension-Requirements.statement"},{"extension":[{"url":"http://hl7.org/fhir/5.0/StructureDefinition/extension-Requirements.statement.key","valueId":"HIV.NFXNREQ.054"},{"url":"http://hl7.org/fhir/5.0/StructureDefinition/extension-Requirements.statement.requirement","valueMarkdown":"For System requirements - usability ,\nUse industry standard user interface practices and apply them in a consistent manner throughout the system "}],"url":"http://hl7.org/fhir/5.0/StructureDefinition/extension-Requirements.statement"},{"extension":[{"url":"http://hl7.org/fhir/5.0/StructureDefinition/extension-Requirements.statement.key","valueId":"HIV.NFXNREQ.055"},{"url":"http://hl7.org/fhir/5.0/StructureDefinition/extension-Requirements.statement.requirement","valueMarkdown":"For System requirements - usability ,\nEasy to learn and intuitive to enable user to navigate between pages "}],"url":"http://hl7.org/fhir/5.0/StructureDefinition/extension-Requirements.statement"},{"extension":[{"url":"http://hl7.org/fhir/5.0/StructureDefinition/extension-Requirements.statement.key","valueId":"HIV.NFXNREQ.056"},{"url":"http://hl7.org/fhir/5.0/StructureDefinition/extension-Requirements.statement.requirement","valueMarkdown":"For System requirements - usability ,\nProvide guidance to the users to better support clinical guidelines and best clinical practices "}],"url":"http://hl7.org/fhir/5.0/StructureDefinition/extension-Requirements.statement"},{"extension":[{"url":"http://hl7.org/fhir/5.0/StructureDefinition/extension-Requirements.statement.key","valueId":"HIV.NFXNREQ.057"},{"url":"http://hl7.org/fhir/5.0/StructureDefinition/extension-Requirements.statement.requirement","valueMarkdown":"For System requirements - usability ,\nBe reliable and robust (minimize the number of system crashes) "}],"url":"http://hl7.org/fhir/5.0/StructureDefinition/extension-Requirements.statement"},{"extension":[{"url":"http://hl7.org/fhir/5.0/StructureDefinition/extension-Requirements.statement.key","valueId":"HIV.NFXNREQ.058"},{"url":"http://hl7.org/fhir/5.0/StructureDefinition/extension-Requirements.statement.requirement","valueMarkdown":"For System requirements - usability ,\nAdjust display to fit small screens (e.g. mobile phones) "}],"url":"http://hl7.org/fhir/5.0/StructureDefinition/extension-Requirements.statement"},{"extension":[{"url":"http://hl7.org/fhir/5.0/StructureDefinition/extension-Requirements.statement.key","valueId":"HIV.NFXNREQ.059"},{"url":"http://hl7.org/fhir/5.0/StructureDefinition/extension-Requirements.statement.requirement","valueMarkdown":"For System requirements - configuration ,\nConfigure the system centrally "}],"url":"http://hl7.org/fhir/5.0/StructureDefinition/extension-Requirements.statement"},{"extension":[{"url":"http://hl7.org/fhir/5.0/StructureDefinition/extension-Requirements.statement.key","valueId":"HIV.NFXNREQ.060"},{"url":"http://hl7.org/fhir/5.0/StructureDefinition/extension-Requirements.statement.requirement","valueMarkdown":"For System requirements - configuration ,\nConfigure business rules in line with guidelines and standard operating procedures (SOPs) "}],"url":"http://hl7.org/fhir/5.0/StructureDefinition/extension-Requirements.statement"},{"extension":[{"url":"http://hl7.org/fhir/5.0/StructureDefinition/extension-Requirements.statement.key","valueId":"HIV.NFXNREQ.061"},{"url":"http://hl7.org/fhir/5.0/StructureDefinition/extension-Requirements.statement.requirement","valueMarkdown":"For System requirements - configuration ,\nConfigure error messages "}],"url":"http://hl7.org/fhir/5.0/StructureDefinition/extension-Requirements.statement"},{"extension":[{"url":"http://hl7.org/fhir/5.0/StructureDefinition/extension-Requirements.statement.key","valueId":"HIV.NFXNREQ.062"},{"url":"http://hl7.org/fhir/5.0/StructureDefinition/extension-Requirements.statement.requirement","valueMarkdown":"For System requirements - configuration ,\nConfigure workflows and business rules to accommodate differences between facilities "}],"url":"http://hl7.org/fhir/5.0/StructureDefinition/extension-Requirements.statement"},{"extension":[{"url":"http://hl7.org/fhir/5.0/StructureDefinition/extension-Requirements.statement.key","valueId":"HIV.NFXNREQ.063"},{"url":"http://hl7.org/fhir/5.0/StructureDefinition/extension-Requirements.statement.requirement","valueMarkdown":"For System requirements - interoperability ,\nCommunicate with external systems through mediators "}],"url":"http://hl7.org/fhir/5.0/StructureDefinition/extension-Requirements.statement"},{"extension":[{"url":"http://hl7.org/fhir/5.0/StructureDefinition/extension-Requirements.statement.key","valueId":"HIV.NFXNREQ.064"},{"url":"http://hl7.org/fhir/5.0/StructureDefinition/extension-Requirements.statement.requirement","valueMarkdown":"For System requirements - interoperability ,\nProvide access to data through application programming interfaces (APIs) "}],"url":"http://hl7.org/fhir/5.0/StructureDefinition/extension-Requirements.statement"},{"extension":[{"url":"http://hl7.org/fhir/5.0/StructureDefinition/extension-Requirements.statement.key","valueId":"HIV.NFXNREQ.065"},{"url":"http://hl7.org/fhir/5.0/StructureDefinition/extension-Requirements.statement.requirement","valueMarkdown":"For System requirements - interoperability ,\nBe interoperable with external systems through mediators "}],"url":"http://hl7.org/fhir/5.0/StructureDefinition/extension-Requirements.statement"},{"extension":[{"url":"http://hl7.org/fhir/5.0/StructureDefinition/extension-Requirements.statement.key","valueId":"HIV.NFXNREQ.066"},{"url":"http://hl7.org/fhir/5.0/StructureDefinition/extension-Requirements.statement.requirement","valueMarkdown":"For System requirements - interoperability ,\nLink with insurance systems to verify eligibility and submit claims "}],"url":"http://hl7.org/fhir/5.0/StructureDefinition/extension-Requirements.statement"},{"extension":[{"url":"http://hl7.org/fhir/5.0/StructureDefinition/extension-Requirements.statement.key","valueId":"HIV.NFXNREQ.067"},{"url":"http://hl7.org/fhir/5.0/StructureDefinition/extension-Requirements.statement.requirement","valueMarkdown":"For System requirements - interoperability ,\nExchange data with other approved systems "}],"url":"http://hl7.org/fhir/5.0/StructureDefinition/extension-Requirements.statement"},{"extension":[{"url":"http://hl7.org/fhir/5.0/StructureDefinition/extension-Requirements.statement.key","valueId":"HIV.NFXNREQ.068"},{"url":"http://hl7.org/fhir/5.0/StructureDefinition/extension-Requirements.statement.requirement","valueMarkdown":"For System requirements - interoperability ,\nAccept data from multiple input methods including paper, geocoding (GPS) "}],"url":"http://hl7.org/fhir/5.0/StructureDefinition/extension-Requirements.statement"},{"extension":[{"url":"http://hl7.org/fhir/5.0/StructureDefinition/extension-Requirements.statement.key","valueId":"HIV.NFXNREQ.069"},{"url":"http://hl7.org/fhir/5.0/StructureDefinition/extension-Requirements.statement.requirement","valueMarkdown":"For System requirements - hardware and connectivity ,\nAllow for data exchange and efficient synchronization across multiple facilities and points of service when internet is available, even when it is intermittent and slow  "}],"url":"http://hl7.org/fhir/5.0/StructureDefinition/extension-Requirements.statement"}],"code":{"coding":[{"system":"http://hl7.org/fhir/fhir-types","code":"Requirements"}]}}