{"resourceType":"ValueSet","id":"HIV.D.DE152","meta":{"profile":["http://hl7.org/fhir/uv/crmi/StructureDefinition/crmi-shareablevalueset","http://hl7.org/fhir/uv/crmi/StructureDefinition/crmi-publishablevalueset","http://hl7.org/fhir/uv/crmi/StructureDefinition/crmi-computablevalueset"]},"text":{"status":"extensions","div":"<div xmlns=\"http://www.w3.org/1999/xhtml\"><p class=\"res-header-id\"><b>Generated Narrative: ValueSet HIV.D.DE152</b></p><a name=\"HIV.D.DE152\"> </a><a name=\"hcHIV.D.DE152\"> </a><a name=\"HIV.D.DE152-en-US\"> </a><ul><li>Include these codes as defined in <a href=\"CodeSystem-HIVConcepts.html\"><code>http://smart.who.int/hiv/CodeSystem/HIVConcepts</code></a><table class=\"none\"><tr><td style=\"white-space:nowrap\"><b>Code</b></td><td><b>Display</b></td><td><b>Definition</b></td></tr><tr><td><a href=\"CodeSystem-HIVConcepts.html#HIVConcepts-HIV.46D.46DE153\">HIV.D.DE153</a></td><td>Offer male and female condoms and condom-compatible lubricants</td><td>Offer male and female condoms and condom-compatible lubricants</td></tr><tr><td><a href=\"CodeSystem-HIVConcepts.html#HIVConcepts-HIV.46D.46DE154\">HIV.D.DE154</a></td><td>Harm reduction for people who inject drugs</td><td>Offer or refer people who inject drugs to harm reduction services (needle and syringe programmes, opioid substitution therapy, other drug-dependence treatment and opioid overdose prevention and management)</td></tr><tr><td><a href=\"CodeSystem-HIVConcepts.html#HIVConcepts-HIV.46D.46DE155\">HIV.D.DE155</a></td><td>Behavioural interventions to support risk reduction</td><td>Offer or refer to services for behavioural interventions to support risk reduction, particularly for people with HIV and members of key populations</td></tr></table></li></ul></div>"},"url":"http://smart.who.int/hiv/ValueSet/HIV.D.DE152","version":"0.3.0","name":"HIVDDE152","title":"Prevention services offered and referrals ValueSet","status":"active","experimental":true,"date":"2024-12-30T06:22:02+00:00","publisher":"WHO","contact":[{"name":"WHO","telecom":[{"system":"url","value":"http://who.int"}]}],"description":"Value set of offer or refer for prevention services","compose":{"include":[{"system":"http://smart.who.int/hiv/CodeSystem/HIVConcepts","concept":[{"code":"HIV.D.DE153","display":"Offer male and female condoms and condom-compatible lubricants"},{"code":"HIV.D.DE154","display":"Harm reduction for people who inject drugs"},{"code":"HIV.D.DE155","display":"Behavioural interventions to support risk reduction"}]}]}}