{"resourceType":"ValueSet","id":"HIV.D.DE514","meta":{"profile":["http://hl7.org/fhir/uv/crmi/StructureDefinition/crmi-shareablevalueset","http://hl7.org/fhir/uv/crmi/StructureDefinition/crmi-publishablevalueset","http://hl7.org/fhir/uv/crmi/StructureDefinition/crmi-computablevalueset"]},"text":{"status":"generated","div":"<div xmlns=\"http://www.w3.org/1999/xhtml\"><p class=\"res-header-id\"><b>Generated Narrative: ValueSet HIV.D.DE514</b></p><a name=\"HIV.D.DE514\"> </a><a name=\"hcHIV.D.DE514\"> </a><a name=\"HIV.D.DE514-en-US\"> </a><p>This value set includes codes based on the following rules:</p><ul/></div>"},"url":"http://smart.who.int/hiv/ValueSet/HIV.D.DE514","version":"0.3.0","name":"HIVDDE514","title":"HIV status of family member ValueSet","status":"active","experimental":true,"date":"2025-01-13T13:43:27+00:00","publisher":"WHO","contact":[{"name":"WHO","telecom":[{"system":"url","value":"http://who.int"}]}],"description":"Value set of HIV status of each family member at time of patient's enrolment, including partner (for mothers)"}