{"resourceType":"ValueSet","id":"HIV.B.DE172","meta":{"profile":["http://hl7.org/fhir/uv/crmi/StructureDefinition/crmi-shareablevalueset","http://hl7.org/fhir/uv/crmi/StructureDefinition/crmi-publishablevalueset","http://hl7.org/fhir/uv/crmi/StructureDefinition/crmi-computablevalueset"]},"text":{"status":"extensions","div":"<div xmlns=\"http://www.w3.org/1999/xhtml\"><p class=\"res-header-id\"><b>Generated Narrative: ValueSet HIV.B.DE172</b></p><a name=\"HIV.B.DE172\"> </a><a name=\"hcHIV.B.DE172\"> </a><a name=\"HIV.B.DE172-en-US\"> </a><ul><li>Include these codes as defined in <a href=\"CodeSystem-HIVConcepts.html\"><code>http://smart.who.int/hiv/CodeSystem/HIVConcepts</code></a><table class=\"none\"><tr><td style=\"white-space:nowrap\"><b>Code</b></td><td><b>Display</b></td><td><b>Definition</b></td></tr><tr><td><a href=\"CodeSystem-HIVConcepts.html#HIVConcepts-HIV.46B.46DE173\">HIV.B.DE173</a></td><td>Mental health services</td><td>Offer or refer for mental health services</td></tr><tr><td><a href=\"CodeSystem-HIVConcepts.html#HIVConcepts-HIV.46B.46DE174\">HIV.B.DE174</a></td><td>Psychosocial counselling, support and treatment adherence counselling</td><td>Offer or refer for psychosocial counselling, support and treatment adherence counselling</td></tr><tr><td><a href=\"CodeSystem-HIVConcepts.html#HIVConcepts-HIV.46B.46DE175\">HIV.B.DE175</a></td><td>Support for disclosure and partner services</td><td>Offer or refer for support for disclosure and partner services</td></tr><tr><td><a href=\"CodeSystem-HIVConcepts.html#HIVConcepts-HIV.46B.46DE176\">HIV.B.DE176</a></td><td>Legal and social services</td><td>Offer or refer for legal and social services</td></tr><tr><td><a href=\"CodeSystem-HIVConcepts.html#HIVConcepts-HIV.46B.46DE177\">HIV.B.DE177</a></td><td>Services for responding to violence against women</td><td>Offer or refer for services for responding to violence against women, including first-line support and psychosocial support, post-rape care and other support services including shelters, legal services and women and child protection services</td></tr></table></li></ul></div>"},"url":"http://smart.who.int/hiv/ValueSet/HIV.B.DE172","version":"0.4.1","name":"HIVBDE172","title":"Other support services ValueSet","status":"active","experimental":true,"date":"2025-01-30T16:12:52+00:00","publisher":"WHO","contact":[{"name":"WHO","telecom":[{"system":"url","value":"http://who.int"}]}],"description":"Value set of offer or refer for other support services","compose":{"include":[{"system":"http://smart.who.int/hiv/CodeSystem/HIVConcepts","concept":[{"code":"HIV.B.DE173","display":"Mental health services"},{"code":"HIV.B.DE174","display":"Psychosocial counselling, support and treatment adherence counselling"},{"code":"HIV.B.DE175","display":"Support for disclosure and partner services"},{"code":"HIV.B.DE176","display":"Legal and social services"},{"code":"HIV.B.DE177","display":"Services for responding to violence against women"}]}]}}