{"resourceType":"ValueSet","id":"HIV.D.DE688","meta":{"profile":["http://hl7.org/fhir/uv/crmi/StructureDefinition/crmi-shareablevalueset","http://hl7.org/fhir/uv/crmi/StructureDefinition/crmi-publishablevalueset","http://hl7.org/fhir/uv/crmi/StructureDefinition/crmi-computablevalueset"]},"text":{"status":"extensions","div":"<div xmlns=\"http://www.w3.org/1999/xhtml\"><p class=\"res-header-id\"><b>Generated Narrative: ValueSet HIV.D.DE688</b></p><a name=\"HIV.D.DE688\"> </a><a name=\"hcHIV.D.DE688\"> </a><a name=\"HIV.D.DE688-en-US\"> </a><ul><li>Include these codes as defined in <a href=\"CodeSystem-HIVConcepts.html\"><code>http://smart.who.int/hiv/CodeSystem/HIVConcepts</code></a><table class=\"none\"><tr><td style=\"white-space:nowrap\"><b>Code</b></td><td><b>Display</b></td><td><b>Definition</b></td></tr><tr><td><a href=\"CodeSystem-HIVConcepts.html#HIVConcepts-HIV.46D.46DE689\">HIV.D.DE689</a></td><td>Positive</td><td>Test is positive for HPV16/18</td></tr><tr><td><a href=\"CodeSystem-HIVConcepts.html#HIVConcepts-HIV.46D.46DE690\">HIV.D.DE690</a></td><td>Negative</td><td>Test is negative for HPV16/18</td></tr></table></li></ul></div>"},"url":"http://smart.who.int/hiv/ValueSet/HIV.D.DE688","version":"0.2.0","name":"HIVDDE688","title":"HPV16/18 test result ValueSet","status":"active","experimental":true,"date":"2024-08-18T18:15:40+00:00","publisher":"WHO","contact":[{"name":"WHO","telecom":[{"system":"url","value":"http://who.int"}]}],"description":"Value set of test result from HPV16/18 test","compose":{"include":[{"system":"http://smart.who.int/hiv/CodeSystem/HIVConcepts","concept":[{"code":"HIV.D.DE689","display":"Positive"},{"code":"HIV.D.DE690","display":"Negative"}]}]}}