{"resourceType":"ValueSet","id":"HIV.D.DE446","meta":{"profile":["http://hl7.org/fhir/uv/crmi/StructureDefinition/crmi-shareablevalueset","http://hl7.org/fhir/uv/crmi/StructureDefinition/crmi-publishablevalueset","http://hl7.org/fhir/uv/crmi/StructureDefinition/crmi-computablevalueset"]},"text":{"status":"extensions","div":"<div xmlns=\"http://www.w3.org/1999/xhtml\"><p class=\"res-header-id\"><b>Generated Narrative: ValueSet HIV.D.DE446</b></p><a name=\"HIV.D.DE446\"> </a><a name=\"hcHIV.D.DE446\"> </a><a name=\"HIV.D.DE446-en-US\"> </a><ul><li>Include these codes as defined in <a href=\"CodeSystem-HIVConcepts.html\"><code>http://smart.who.int/hiv/CodeSystem/HIVConcepts</code></a><table class=\"none\"><tr><td style=\"white-space:nowrap\"><b>Code</b></td><td><b>Display</b></td><td><b>Definition</b></td></tr><tr><td><a href=\"CodeSystem-HIVConcepts.html#HIVConcepts-HIV.46D.46DE447\">HIV.D.DE447</a></td><td>Hepatitis B</td><td>Client was hepatitis B positive at the start of ART</td></tr><tr><td><a href=\"CodeSystem-HIVConcepts.html#HIVConcepts-HIV.46D.46DE448\">HIV.D.DE448</a></td><td>Hepatitis C</td><td>Client was hepatitis C positive at the start of ART</td></tr></table></li></ul></div>"},"url":"http://smart.who.int/hiv/ValueSet/HIV.D.DE446","version":"0.1.0","name":"HIVDDE446","title":"Coinfection status at ART start ValueSet","status":"active","experimental":true,"date":"2024-07-12T23:16:48+00:00","publisher":"WHO","contact":[{"name":"WHO","telecom":[{"system":"url","value":"http://who.int"}]}],"description":"Value set of clients status of coinfections at the time when ART was initiated","compose":{"include":[{"system":"http://smart.who.int/hiv/CodeSystem/HIVConcepts","concept":[{"code":"HIV.D.DE447","display":"Hepatitis B"},{"code":"HIV.D.DE448","display":"Hepatitis C"}]}]}}