{"resourceType":"ValueSet","id":"HIV.C.DE75","meta":{"profile":["http://hl7.org/fhir/uv/crmi/StructureDefinition/crmi-shareablevalueset","http://hl7.org/fhir/uv/crmi/StructureDefinition/crmi-publishablevalueset","http://hl7.org/fhir/uv/crmi/StructureDefinition/crmi-computablevalueset"]},"text":{"status":"extensions","div":"<div xmlns=\"http://www.w3.org/1999/xhtml\"><p class=\"res-header-id\"><b>Generated Narrative: ValueSet HIV.C.DE75</b></p><a name=\"HIV.C.DE75\"> </a><a name=\"hcHIV.C.DE75\"> </a><a name=\"HIV.C.DE75-en-US\"> </a><ul><li>Include these codes as defined in <a href=\"CodeSystem-HIVConcepts.html\"><code>http://smart.who.int/hiv/CodeSystem/HIVConcepts</code></a><table class=\"none\"><tr><td style=\"white-space:nowrap\"><b>Code</b></td><td><b>Display</b></td><td><b>Definition</b></td></tr><tr><td><a href=\"CodeSystem-HIVConcepts.html#HIVConcepts-HIV.46C.46DE76\">HIV.C.DE76</a></td><td>PrEP for HIV prevention</td><td>Client was prescribed pre-exposure prophylaxis (PrEP) for HIV prevention</td></tr><tr><td><a href=\"CodeSystem-HIVConcepts.html#HIVConcepts-HIV.46C.46DE77\">HIV.C.DE77</a></td><td>PEP for HIV prevention</td><td>Client was prescribed post-exposure prophylaxis (PEP) for HIV prevention</td></tr><tr><td><a href=\"CodeSystem-HIVConcepts.html#HIVConcepts-HIV.46C.46DE78\">HIV.C.DE78</a></td><td>Other</td><td>Client was prescribed other medications</td></tr></table></li></ul></div>"},"url":"http://smart.who.int/hiv/ValueSet/HIV.C.DE75","version":"0.3.0","name":"HIVCDE75","title":"Medications prescribed ValueSet","status":"active","experimental":true,"date":"2025-01-13T15:57:06+00:00","publisher":"WHO","contact":[{"name":"WHO","telecom":[{"system":"url","value":"http://who.int"}]}],"description":"Value set of medications the client was prescribed","compose":{"include":[{"system":"http://smart.who.int/hiv/CodeSystem/HIVConcepts","concept":[{"code":"HIV.C.DE76","display":"PrEP for HIV prevention"},{"code":"HIV.C.DE77","display":"PEP for HIV prevention"},{"code":"HIV.C.DE78","display":"Other"}]}]}}