{"resourceType":"ValueSet","id":"HIV.D.DE709","meta":{"profile":["http://hl7.org/fhir/uv/crmi/StructureDefinition/crmi-shareablevalueset","http://hl7.org/fhir/uv/crmi/StructureDefinition/crmi-publishablevalueset","http://hl7.org/fhir/uv/crmi/StructureDefinition/crmi-computablevalueset"]},"text":{"status":"extensions","div":"<div xmlns=\"http://www.w3.org/1999/xhtml\"><p class=\"res-header-id\"><b>Generated Narrative: ValueSet HIV.D.DE709</b></p><a name=\"HIV.D.DE709\"> </a><a name=\"hcHIV.D.DE709\"> </a><a name=\"hcHIV.D.DE709-en-US\"> </a><ul><li>Include these codes as defined in <a href=\"CodeSystem-HIVConcepts.html\"><code>http://smart.who.int/hiv/CodeSystem/HIVConcepts</code></a><table class=\"none\"><tr><td style=\"white-space:nowrap\"><b>Code</b></td><td><b>Display</b></td><td><b>Definition</b></td></tr><tr><td><a href=\"CodeSystem-HIVConcepts.html#HIVConcepts-HIV.46D.46DE710\">HIV.D.DE710</a></td><td>Cervical precancer lesions</td><td>Client is diagnosed with cervical precancer lesions</td></tr><tr><td><a href=\"CodeSystem-HIVConcepts.html#HIVConcepts-HIV.46D.46DE711\">HIV.D.DE711</a></td><td>Invasive cervical cancer</td><td>Client is diagnosed with invasive cervical cancer disease</td></tr></table></li></ul></div>"},"url":"http://smart.who.int/hiv/ValueSet/HIV.D.DE709","version":"0.1.0","name":"HIVDDE709","title":"Cervical cancer diagnosis ValueSet","status":"active","experimental":true,"date":"2024-07-01T19:16:13+00:00","publisher":"WHO","contact":[{"name":"WHO","telecom":[{"system":"url","value":"http://who.int"}]}],"description":"Value set of type of cervical cancer diagnosis","compose":{"include":[{"system":"http://smart.who.int/hiv/CodeSystem/HIVConcepts","concept":[{"code":"HIV.D.DE710","display":"Cervical precancer lesions"},{"code":"HIV.D.DE711","display":"Invasive cervical cancer"}]}]}}