{"resourceType":"ValueSet","id":"hiv-e-de68","text":{"status":"extensions","div":"<div xmlns=\"http://www.w3.org/1999/xhtml\"><ul><li>Include these codes as defined in <a href=\"CodeSystem-concept-codes.html\"><code>http://fhir.org/guides/who/hiv-dak/CodeSystem/HIV-DAKConcepts</code></a><table class=\"none\"><tr><td style=\"white-space:nowrap\"><b>Code</b></td><td><b>Display</b></td><td><b>Definition</b></td></tr><tr><td><a href=\"CodeSystem-concept-codes.html#concept-codes-HIV.46E.46DE68\">HIV.E.DE68</a></td><td>Health facility</td><td>Place of delivery - Health facility</td></tr><tr><td><a href=\"CodeSystem-concept-codes.html#concept-codes-HIV.46E.46DE69\">HIV.E.DE69</a></td><td>Home</td><td>Place of delivery - Home</td></tr><tr><td><a href=\"CodeSystem-concept-codes.html#concept-codes-HIV.46E.46DE70\">HIV.E.DE70</a></td><td>Other</td><td>Place of delivery - Other</td></tr></table></li></ul></div>"},"url":"http://fhir.org/guides/who/hiv-dak/ValueSet/hiv-e-de68","version":"0.3.0","name":"PlaceofdeliveryCodes","title":"Place of delivery Codes","status":"draft","experimental":false,"date":"2024-06-06T18:27:39+00:00","publisher":"World Health Organization (WHO) ","contact":[{"telecom":[{"system":"url","value":"https://www.who.int"}]}],"description":"Codes representing possible values for the Place of delivery element","jurisdiction":[{"coding":[{"system":"http://unstats.un.org/unsd/methods/m49/m49.htm","code":"001"}]}],"immutable":true,"compose":{"include":[{"system":"http://fhir.org/guides/who/hiv-dak/CodeSystem/HIV-DAKConcepts","concept":[{"code":"HIV.E.DE68","display":"Health facility"},{"code":"HIV.E.DE69","display":"Home"},{"code":"HIV.E.DE70","display":"Other"}]}]}}