{"resourceType":"ValueSet","id":"HIV.E.DE67","meta":{"profile":["http://hl7.org/fhir/uv/crmi/StructureDefinition/crmi-shareablevalueset","http://hl7.org/fhir/uv/crmi/StructureDefinition/crmi-publishablevalueset","http://hl7.org/fhir/uv/crmi/StructureDefinition/crmi-computablevalueset"]},"text":{"status":"extensions","div":"<div xmlns=\"http://www.w3.org/1999/xhtml\"><p class=\"res-header-id\"><b>Generated Narrative: ValueSet HIV.E.DE67</b></p><a name=\"HIV.E.DE67\"> </a><a name=\"hcHIV.E.DE67\"> </a><a name=\"HIV.E.DE67-en-US\"> </a><ul><li>Include these codes as defined in <a href=\"CodeSystem-HIVConcepts.html\"><code>http://smart.who.int/hiv/CodeSystem/HIVConcepts</code></a><table class=\"none\"><tr><td style=\"white-space:nowrap\"><b>Code</b></td><td><b>Display</b></td><td><b>Definition</b></td></tr><tr><td><a href=\"CodeSystem-HIVConcepts.html#HIVConcepts-HIV.46E.46DE68\">HIV.E.DE68</a></td><td>Health facility</td><td>The woman delivered at a health facility</td></tr><tr><td><a href=\"CodeSystem-HIVConcepts.html#HIVConcepts-HIV.46E.46DE69\">HIV.E.DE69</a></td><td>Home</td><td>The woman delivered at home</td></tr><tr><td><a href=\"CodeSystem-HIVConcepts.html#HIVConcepts-HIV.46E.46DE70\">HIV.E.DE70</a></td><td>Other</td><td>The woman delivered at another location that is not at home or at a health facility</td></tr></table></li></ul></div>"},"url":"http://smart.who.int/hiv/ValueSet/HIV.E.DE67","version":"0.3.0","name":"HIVEDE67","title":"Place of delivery ValueSet","status":"active","experimental":true,"date":"2025-01-13T15:57:06+00:00","publisher":"WHO","contact":[{"name":"WHO","telecom":[{"system":"url","value":"http://who.int"}]}],"description":"Value set of the type of place where the woman delivered","compose":{"include":[{"system":"http://smart.who.int/hiv/CodeSystem/HIVConcepts","concept":[{"code":"HIV.E.DE68","display":"Health facility"},{"code":"HIV.E.DE69","display":"Home"},{"code":"HIV.E.DE70","display":"Other"}]}]}}