{"resourceType":"ValueSet","id":"HIV.E.DE220","meta":{"profile":["http://hl7.org/fhir/uv/crmi/StructureDefinition/crmi-shareablevalueset","http://hl7.org/fhir/uv/crmi/StructureDefinition/crmi-publishablevalueset","http://hl7.org/fhir/uv/crmi/StructureDefinition/crmi-computablevalueset"]},"text":{"status":"extensions","div":"<div xmlns=\"http://www.w3.org/1999/xhtml\"><p class=\"res-header-id\"><b>Generated Narrative: ValueSet HIV.E.DE220</b></p><a name=\"HIV.E.DE220\"> </a><a name=\"hcHIV.E.DE220\"> </a><a name=\"HIV.E.DE220-en-US\"> </a><ul><li>Include these codes as defined in <a href=\"CodeSystem-HIVConcepts.html\"><code>http://smart.who.int/hiv/CodeSystem/HIVConcepts</code></a><table class=\"none\"><tr><td style=\"white-space:nowrap\"><b>Code</b></td><td><b>Display</b></td><td><b>Definition</b></td></tr><tr><td><a href=\"CodeSystem-HIVConcepts.html#HIVConcepts-HIV.46E.46DE221\">HIV.E.DE221</a></td><td>Reactive</td><td>The result of the first syphilis assay repeated in the testing strategy was reactive</td></tr><tr><td><a href=\"CodeSystem-HIVConcepts.html#HIVConcepts-HIV.46E.46DE222\">HIV.E.DE222</a></td><td>Non-reactive</td><td>The result of the first syphilis assay repeated in the testing strategy was non-reactive</td></tr><tr><td><a href=\"CodeSystem-HIVConcepts.html#HIVConcepts-HIV.46E.46DE223\">HIV.E.DE223</a></td><td>Invalid</td><td>The result of the first syphilis assay repeated in the testing strategy was invalid</td></tr></table></li></ul></div>"},"url":"http://smart.who.int/hiv/ValueSet/HIV.E.DE220","version":"0.2.0","name":"HIVEDE220","title":"Test result of syphilis assay 1 repeated ValueSet","status":"active","experimental":true,"date":"2024-07-18T00:40:55+00:00","publisher":"WHO","contact":[{"name":"WHO","telecom":[{"system":"url","value":"http://who.int"}]}],"description":"Value set of the result of the first syphilis assay repeated in the testing strategy","compose":{"include":[{"system":"http://smart.who.int/hiv/CodeSystem/HIVConcepts","concept":[{"code":"HIV.E.DE221","display":"Reactive"},{"code":"HIV.E.DE222","display":"Non-reactive"},{"code":"HIV.E.DE223","display":"Invalid"}]}]}}