{"resourceType":"ValueSet","id":"HIV.D.DE259","meta":{"profile":["http://hl7.org/fhir/uv/crmi/StructureDefinition/crmi-shareablevalueset","http://hl7.org/fhir/uv/crmi/StructureDefinition/crmi-publishablevalueset","http://hl7.org/fhir/uv/crmi/StructureDefinition/crmi-computablevalueset"]},"text":{"status":"extensions","div":"<div xmlns=\"http://www.w3.org/1999/xhtml\"><p class=\"res-header-id\"><b>Generated Narrative: ValueSet HIV.D.DE259</b></p><a name=\"HIV.D.DE259\"> </a><a name=\"hcHIV.D.DE259\"> </a><a name=\"HIV.D.DE259-en-US\"> </a><ul><li>Include these codes as defined in <a href=\"CodeSystem-HIVConcepts.html\"><code>http://smart.who.int/hiv/CodeSystem/HIVConcepts</code></a><table class=\"none\"><tr><td style=\"white-space:nowrap\"><b>Code</b></td><td><b>Display</b></td><td><b>Definition</b></td></tr><tr><td><a href=\"CodeSystem-HIVConcepts.html#HIVConcepts-HIV.46D.46DE260\">HIV.D.DE260</a></td><td>Oral candidiasis</td><td>Client's comorbidities or coinfections or symptoms of these include oral candidiasis (after the first 6-8 weeks of life)</td></tr><tr><td><a href=\"CodeSystem-HIVConcepts.html#HIVConcepts-HIV.46D.46DE261\">HIV.D.DE261</a></td><td>Vaginal candidiasis</td><td>Client's comorbidities or coinfections or symptoms of these include vaginal candidiasis</td></tr><tr><td><a href=\"CodeSystem-HIVConcepts.html#HIVConcepts-HIV.46D.46DE262\">HIV.D.DE262</a></td><td>Cough</td><td>Client's comorbidities or coinfections or symptoms of these include cough</td></tr><tr><td><a href=\"CodeSystem-HIVConcepts.html#HIVConcepts-HIV.46D.46DE263\">HIV.D.DE263</a></td><td>Prolonged fever</td><td>Client's comorbidities or coinfections or symptoms of these include prolonged fever</td></tr><tr><td><a href=\"CodeSystem-HIVConcepts.html#HIVConcepts-HIV.46D.46DE264\">HIV.D.DE264</a></td><td>Night sweats</td><td>Client's comorbidities or coinfections or symptoms of these include night sweats</td></tr><tr><td><a href=\"CodeSystem-HIVConcepts.html#HIVConcepts-HIV.46D.46DE265\">HIV.D.DE265</a></td><td>Weight loss</td><td>Client's comorbidities or coinfections or symptoms of these include weight loss</td></tr><tr><td><a href=\"CodeSystem-HIVConcepts.html#HIVConcepts-HIV.46D.46DE266\">HIV.D.DE266</a></td><td>Difficulty breathing</td><td>Client's comorbidities or coinfections or symptoms of these include difficulty breathing</td></tr><tr><td><a href=\"CodeSystem-HIVConcepts.html#HIVConcepts-HIV.46D.46DE267\">HIV.D.DE267</a></td><td>Pneumonia</td><td>Client's comorbidities or coinfections or symptoms of these include pneumonia</td></tr><tr><td><a href=\"CodeSystem-HIVConcepts.html#HIVConcepts-HIV.46D.46DE268\">HIV.D.DE268</a></td><td>Urethral discharge</td><td>Client's comorbidities or coinfections or symptoms of these include urethral discharge</td></tr><tr><td><a href=\"CodeSystem-HIVConcepts.html#HIVConcepts-HIV.46D.46DE269\">HIV.D.DE269</a></td><td>Syphilis</td><td>Client's comorbidities or coinfections or symptoms of these include syphilis</td></tr><tr><td><a href=\"CodeSystem-HIVConcepts.html#HIVConcepts-HIV.46D.46DE270\">HIV.D.DE270</a></td><td>Pelvic inflammatory disease</td><td>Client's comorbidities or coinfections or symptoms of these include pelvic inflammatory disease</td></tr><tr><td><a href=\"CodeSystem-HIVConcepts.html#HIVConcepts-HIV.46D.46DE271\">HIV.D.DE271</a></td><td>Ulcers - skin</td><td>Client's comorbidities or coinfections or symptoms of these include ulcers - skin</td></tr><tr><td><a href=\"CodeSystem-HIVConcepts.html#HIVConcepts-HIV.46D.46DE272\">HIV.D.DE272</a></td><td>Ulcers - mouth or other</td><td>Client's comorbidities or coinfections or symptoms of these include ulcers - mouth or other</td></tr><tr><td><a href=\"CodeSystem-HIVConcepts.html#HIVConcepts-HIV.46D.46DE273\">HIV.D.DE273</a></td><td>Ulcers - male genital</td><td>Client's comorbidities or coinfections or symptoms of these include ulcers - male genital</td></tr><tr><td><a href=\"CodeSystem-HIVConcepts.html#HIVConcepts-HIV.46D.46DE274\">HIV.D.DE274</a></td><td>Vaginal discharge</td><td>Client's comorbidities or coinfections or symptoms of these include vaginal discharge</td></tr><tr><td><a href=\"CodeSystem-HIVConcepts.html#HIVConcepts-HIV.46D.46DE275\">HIV.D.DE275</a></td><td>Malaria</td><td>Client's comorbidities or coinfections or symptoms of these include malaria</td></tr><tr><td><a href=\"CodeSystem-HIVConcepts.html#HIVConcepts-HIV.46D.46DE276\">HIV.D.DE276</a></td><td>Chronic obstructive pulmonary disease</td><td>Client's comorbidities or coinfections or symptoms of these include chronic obstructive pulmonary disease</td></tr><tr><td><a href=\"CodeSystem-HIVConcepts.html#HIVConcepts-HIV.46D.46DE277\">HIV.D.DE277</a></td><td>Hypertension</td><td>Client's comorbidities or coinfections or symptoms of these include hypertension</td></tr><tr><td><a href=\"CodeSystem-HIVConcepts.html#HIVConcepts-HIV.46D.46DE278\">HIV.D.DE278</a></td><td>Diabetes</td><td>Client's comorbidities or coinfections or symptoms of these include diabetes</td></tr><tr><td><a href=\"CodeSystem-HIVConcepts.html#HIVConcepts-HIV.46D.46DE279\">HIV.D.DE279</a></td><td>Gestational diabetes</td><td>Client's comorbidities or coinfections or symptoms of these include gestational diabetes</td></tr><tr><td><a href=\"CodeSystem-HIVConcepts.html#HIVConcepts-HIV.46D.46DE280\">HIV.D.DE280</a></td><td>Mental health disorders</td><td>Client's comorbidities or coinfections or symptoms of these include mental health disorders (including depression, dementia, encephalitis, seizures)</td></tr><tr><td><a href=\"CodeSystem-HIVConcepts.html#HIVConcepts-HIV.46D.46DE281\">HIV.D.DE281</a></td><td>Diarrhoea or abdominal pain</td><td>Client's comorbidities or coinfections or symptoms of these include diarrhoea or abdominal pain</td></tr><tr><td><a href=\"CodeSystem-HIVConcepts.html#HIVConcepts-HIV.46D.46DE282\">HIV.D.DE282</a></td><td>Presumptive TB</td><td>Client's comorbidities or coinfections or symptoms of these include presumptive TB</td></tr><tr><td><a href=\"CodeSystem-HIVConcepts.html#HIVConcepts-HIV.46D.46DE283\">HIV.D.DE283</a></td><td>Severe or complicated malnutrition</td><td>Client's comorbidities or coinfections or symptoms of these include severe or complicated malnutrition</td></tr><tr><td><a href=\"CodeSystem-HIVConcepts.html#HIVConcepts-HIV.46D.46DE284\">HIV.D.DE284</a></td><td>Poor growth or development</td><td>Client's comorbidities or coinfections or symptoms of these include poor growth or development</td></tr><tr><td><a href=\"CodeSystem-HIVConcepts.html#HIVConcepts-HIV.46D.46DE285\">HIV.D.DE285</a></td><td>Oedema</td><td>Client's comorbidities or coinfections or symptoms of these include oedema</td></tr><tr><td><a href=\"CodeSystem-HIVConcepts.html#HIVConcepts-HIV.46D.46DE286\">HIV.D.DE286</a></td><td>Previously treated for TB</td><td>Client has previously been treated for tuberculosis (TB)</td></tr><tr><td><a href=\"CodeSystem-HIVConcepts.html#HIVConcepts-HIV.46D.46DE287\">HIV.D.DE287</a></td><td>Other</td><td>Other comorbidities or coinfection signs or symptoms</td></tr></table></li></ul></div>"},"url":"http://smart.who.int/hiv/ValueSet/HIV.D.DE259","version":"0.3.0","name":"HIVDDE259","title":"Risk factors, comorbidities and coinfections signs and symptoms ValueSet","status":"active","experimental":true,"date":"2024-11-07T21:00:54+00:00","publisher":"WHO","contact":[{"name":"WHO","telecom":[{"system":"url","value":"http://who.int"}]}],"description":"Value set of signs and symptoms of opportunistic infections or other comorbidities experienced by client","compose":{"include":[{"system":"http://smart.who.int/hiv/CodeSystem/HIVConcepts","concept":[{"code":"HIV.D.DE260","display":"Oral candidiasis"},{"code":"HIV.D.DE261","display":"Vaginal candidiasis"},{"code":"HIV.D.DE262","display":"Cough"},{"code":"HIV.D.DE263","display":"Prolonged fever"},{"code":"HIV.D.DE264","display":"Night sweats"},{"code":"HIV.D.DE265","display":"Weight loss"},{"code":"HIV.D.DE266","display":"Difficulty breathing"},{"code":"HIV.D.DE267","display":"Pneumonia"},{"code":"HIV.D.DE268","display":"Urethral discharge"},{"code":"HIV.D.DE269","display":"Syphilis"},{"code":"HIV.D.DE270","display":"Pelvic inflammatory disease"},{"code":"HIV.D.DE271","display":"Ulcers - skin"},{"code":"HIV.D.DE272","display":"Ulcers - mouth or other"},{"code":"HIV.D.DE273","display":"Ulcers - male genital"},{"code":"HIV.D.DE274","display":"Vaginal discharge"},{"code":"HIV.D.DE275","display":"Malaria"},{"code":"HIV.D.DE276","display":"Chronic obstructive pulmonary disease"},{"code":"HIV.D.DE277","display":"Hypertension"},{"code":"HIV.D.DE278","display":"Diabetes"},{"code":"HIV.D.DE279","display":"Gestational diabetes"},{"code":"HIV.D.DE280","display":"Mental health disorders"},{"code":"HIV.D.DE281","display":"Diarrhoea or abdominal pain"},{"code":"HIV.D.DE282","display":"Presumptive TB"},{"code":"HIV.D.DE283","display":"Severe or complicated malnutrition"},{"code":"HIV.D.DE284","display":"Poor growth or development"},{"code":"HIV.D.DE285","display":"Oedema"},{"code":"HIV.D.DE286","display":"Previously treated for TB"},{"code":"HIV.D.DE287","display":"Other"}]}]}}