{"resourceType":"ValueSet","id":"hiv-d-de1035","text":{"status":"extensions","div":"<div xmlns=\"http://www.w3.org/1999/xhtml\"><ul><li>Include these codes as defined in <a href=\"CodeSystem-concept-codes.html\"><code>http://fhir.org/guides/who/hiv-dak/CodeSystem/HIV-DAKConcepts</code></a><table class=\"none\"><tr><td style=\"white-space:nowrap\"><b>Code</b></td><td><b>Display</b></td><td><b>Definition</b></td></tr><tr><td><a href=\"CodeSystem-concept-codes.html#concept-codes-HIV.46D.46DE1035\">HIV.D.DE1035</a></td><td>Not started</td><td>TB preventive treatment (TPT) status - Not started</td></tr><tr><td><a href=\"CodeSystem-concept-codes.html#concept-codes-HIV.46D.46DE1036\">HIV.D.DE1036</a></td><td>On TPT</td><td>TB preventive treatment (TPT) status - On TPT</td></tr><tr><td><a href=\"CodeSystem-concept-codes.html#concept-codes-HIV.46D.46DE1037\">HIV.D.DE1037</a></td><td>On TPT with interruptions</td><td>TB preventive treatment (TPT) status - On TPT with interruptions</td></tr><tr><td><a href=\"CodeSystem-concept-codes.html#concept-codes-HIV.46D.46DE1038\">HIV.D.DE1038</a></td><td>On hold</td><td>TB preventive treatment (TPT) status - On hold</td></tr><tr><td><a href=\"CodeSystem-concept-codes.html#concept-codes-HIV.46D.46DE1039\">HIV.D.DE1039</a></td><td>Completed</td><td>TB preventive treatment (TPT) status - Completed</td></tr></table></li></ul></div>"},"url":"http://fhir.org/guides/who/hiv-dak/ValueSet/hiv-d-de1035","version":"0.3.0","name":"TBpreventivetreatmentTPTstatusCodes","title":"TB preventive treatment (TPT) status Codes","status":"draft","experimental":false,"date":"2024-06-06T18:27:39+00:00","publisher":"World Health Organization (WHO) ","contact":[{"telecom":[{"system":"url","value":"https://www.who.int"}]}],"description":"Codes representing possible values for the TB preventive treatment (TPT) status element","jurisdiction":[{"coding":[{"system":"http://unstats.un.org/unsd/methods/m49/m49.htm","code":"001"}]}],"immutable":true,"compose":{"include":[{"system":"http://fhir.org/guides/who/hiv-dak/CodeSystem/HIV-DAKConcepts","concept":[{"code":"HIV.D.DE1035","display":"Not started"},{"code":"HIV.D.DE1036","display":"On TPT"},{"code":"HIV.D.DE1037","display":"On TPT with interruptions"},{"code":"HIV.D.DE1038","display":"On hold"},{"code":"HIV.D.DE1039","display":"Completed"}]}]}}