{"resourceType":"ValueSet","id":"HIV.D.DE864","meta":{"profile":["http://hl7.org/fhir/uv/crmi/StructureDefinition/crmi-shareablevalueset","http://hl7.org/fhir/uv/crmi/StructureDefinition/crmi-publishablevalueset","http://hl7.org/fhir/uv/crmi/StructureDefinition/crmi-computablevalueset"]},"text":{"status":"extensions","div":"<div xmlns=\"http://www.w3.org/1999/xhtml\"><p class=\"res-header-id\"><b>Generated Narrative: ValueSet HIV.D.DE864</b></p><a name=\"HIV.D.DE864\"> </a><a name=\"hcHIV.D.DE864\"> </a><a name=\"HIV.D.DE864-en-US\"> </a><ul><li>Include these codes as defined in <a href=\"CodeSystem-HIVConcepts.html\"><code>http://smart.who.int/hiv/CodeSystem/HIVConcepts</code></a><table class=\"none\"><tr><td style=\"white-space:nowrap\"><b>Code</b></td><td><b>Display</b></td><td><b>Definition</b></td></tr><tr><td><a href=\"CodeSystem-HIVConcepts.html#HIVConcepts-HIV.46D.46DE865\">HIV.D.DE865</a></td><td>Positive</td><td>Test result is positive</td></tr><tr><td><a href=\"CodeSystem-HIVConcepts.html#HIVConcepts-HIV.46D.46DE866\">HIV.D.DE866</a></td><td>Negative</td><td>Test result is negative</td></tr><tr><td><a href=\"CodeSystem-HIVConcepts.html#HIVConcepts-HIV.46D.46DE867\">HIV.D.DE867</a></td><td>Inconclusive</td><td>Test result is inconclusive</td></tr></table></li></ul></div>"},"url":"http://smart.who.int/hiv/ValueSet/HIV.D.DE864","version":"0.2.0","name":"HIVDDE864","title":"STI test result ValueSet","status":"active","experimental":true,"date":"2024-07-12T23:35:30+00:00","publisher":"WHO","contact":[{"name":"WHO","telecom":[{"system":"url","value":"http://who.int"}]}],"description":"Value set of result from STI test","compose":{"include":[{"system":"http://smart.who.int/hiv/CodeSystem/HIVConcepts","concept":[{"code":"HIV.D.DE865","display":"Positive"},{"code":"HIV.D.DE866","display":"Negative"},{"code":"HIV.D.DE867","display":"Inconclusive"}]}]}}