{"resourceType":"ValueSet","id":"HIV.C.DE149","meta":{"profile":["http://hl7.org/fhir/uv/crmi/StructureDefinition/crmi-shareablevalueset","http://hl7.org/fhir/uv/crmi/StructureDefinition/crmi-publishablevalueset","http://hl7.org/fhir/uv/crmi/StructureDefinition/crmi-computablevalueset"]},"text":{"status":"extensions","div":"<div xmlns=\"http://www.w3.org/1999/xhtml\"><p class=\"res-header-id\"><b>Generated Narrative: ValueSet HIV.C.DE149</b></p><a name=\"HIV.C.DE149\"> </a><a name=\"hcHIV.C.DE149\"> </a><a name=\"HIV.C.DE149-en-US\"> </a><ul><li>Include these codes as defined in <a href=\"CodeSystem-HIVConcepts.html\"><code>http://smart.who.int/hiv/CodeSystem/HIVConcepts</code></a><table class=\"none\"><tr><td style=\"white-space:nowrap\"><b>Code</b></td><td><b>Display</b></td><td><b>Definition</b></td></tr><tr><td><a href=\"CodeSystem-HIVConcepts.html#HIVConcepts-HIV.46C.46DE150\">HIV.C.DE150</a></td><td>Contraception and family planning</td><td>Offer contraception and family planning services</td></tr><tr><td><a href=\"CodeSystem-HIVConcepts.html#HIVConcepts-HIV.46C.46DE151\">HIV.C.DE151</a></td><td>Check pregnancy status</td><td>Check woman's pregnancy status</td></tr><tr><td><a href=\"CodeSystem-HIVConcepts.html#HIVConcepts-HIV.46C.46DE152\">HIV.C.DE152</a></td><td>Prevent mother-to-child transmission</td><td>Offer services (counselling) to help prevent of mother-to-child transmission</td></tr><tr><td><a href=\"CodeSystem-HIVConcepts.html#HIVConcepts-HIV.46C.46DE153\">HIV.C.DE153</a></td><td>Cervical cancer screening and treatment</td><td>Offer cervical cancer screening and treatment services</td></tr><tr><td><a href=\"CodeSystem-HIVConcepts.html#HIVConcepts-HIV.46C.46DE154\">HIV.C.DE154</a></td><td>Anal cancer screening (for men who have sex with men)</td><td>Offer anal cancer screening (for men who have sex with men) services</td></tr><tr><td><a href=\"CodeSystem-HIVConcepts.html#HIVConcepts-HIV.46C.46DE155\">HIV.C.DE155</a></td><td>STI testing and treatment</td><td>Offer STI testing and treatment services</td></tr></table></li></ul></div>"},"url":"http://smart.who.int/hiv/ValueSet/HIV.C.DE149","version":"0.4.0","name":"HIVCDE149","title":"Sexual and reproductive health integrated services ValueSet","status":"active","experimental":true,"date":"2025-01-28T16:09:20+00:00","publisher":"WHO","contact":[{"name":"WHO","telecom":[{"system":"url","value":"http://who.int"}]}],"description":"Value set of offer or refer to sexual and reproductive health services","compose":{"include":[{"system":"http://smart.who.int/hiv/CodeSystem/HIVConcepts","concept":[{"code":"HIV.C.DE150","display":"Contraception and family planning"},{"code":"HIV.C.DE151","display":"Check pregnancy status"},{"code":"HIV.C.DE152","display":"Prevent mother-to-child transmission"},{"code":"HIV.C.DE153","display":"Cervical cancer screening and treatment"},{"code":"HIV.C.DE154","display":"Anal cancer screening (for men who have sex with men)"},{"code":"HIV.C.DE155","display":"STI testing and treatment"}]}]}}