{"resourceType":"ValueSet","id":"HIV.E.DE108","meta":{"profile":["http://hl7.org/fhir/uv/crmi/StructureDefinition/crmi-shareablevalueset","http://hl7.org/fhir/uv/crmi/StructureDefinition/crmi-publishablevalueset","http://hl7.org/fhir/uv/crmi/StructureDefinition/crmi-computablevalueset"]},"text":{"status":"extensions","div":"<div xmlns=\"http://www.w3.org/1999/xhtml\"><p class=\"res-header-id\"><b>Generated Narrative: ValueSet HIV.E.DE108</b></p><a name=\"HIV.E.DE108\"> </a><a name=\"hcHIV.E.DE108\"> </a><a name=\"HIV.E.DE108-en-US\"> </a><ul><li>Include these codes as defined in <a href=\"CodeSystem-HIVConcepts.html\"><code>http://smart.who.int/hiv/CodeSystem/HIVConcepts</code></a><table class=\"none\"><tr><td style=\"white-space:nowrap\"><b>Code</b></td><td><b>Display</b></td><td><b>Definition</b></td></tr><tr><td><a href=\"CodeSystem-HIVConcepts.html#HIVConcepts-HIV.46E.46DE109\">HIV.E.DE109</a></td><td>Not exposed</td><td>Infant or child is not known to have been exposed to HIV</td></tr><tr><td><a href=\"CodeSystem-HIVConcepts.html#HIVConcepts-HIV.46E.46DE110\">HIV.E.DE110</a></td><td>HIV-exposed</td><td>Infant had known exposure to HIV</td></tr><tr><td><a href=\"CodeSystem-HIVConcepts.html#HIVConcepts-HIV.46E.46DE111\">HIV.E.DE111</a></td><td>Unknown HIV exposure</td><td>Don't know whether infant or child was exposed to HIV, such as if mother's HIV status is unknown</td></tr></table></li></ul></div>"},"url":"http://smart.who.int/hiv/ValueSet/HIV.E.DE108","version":"0.2.0","name":"HIVEDE108","title":"Infant or child exposure to HIV ValueSet","status":"active","experimental":true,"date":"2024-07-24T18:44:05+00:00","publisher":"WHO","contact":[{"name":"WHO","telecom":[{"system":"url","value":"http://who.int"}]}],"description":"Value set of whether the infant or child was determined to have had HIV exposure through mother","compose":{"include":[{"system":"http://smart.who.int/hiv/CodeSystem/HIVConcepts","concept":[{"code":"HIV.E.DE109","display":"Not exposed"},{"code":"HIV.E.DE110","display":"HIV-exposed"},{"code":"HIV.E.DE111","display":"Unknown HIV exposure"}]}]}}