{"resourceType":"ValueSet","id":"HIV.D.DE485","meta":{"profile":["http://hl7.org/fhir/uv/crmi/StructureDefinition/crmi-shareablevalueset","http://hl7.org/fhir/uv/crmi/StructureDefinition/crmi-publishablevalueset","http://hl7.org/fhir/uv/crmi/StructureDefinition/crmi-computablevalueset"]},"text":{"status":"generated","div":"<div xmlns=\"http://www.w3.org/1999/xhtml\"><p class=\"res-header-id\"><b>Generated Narrative: ValueSet HIV.D.DE485</b></p><a name=\"HIV.D.DE485\"> </a><a name=\"hcHIV.D.DE485\"> </a><a name=\"hcHIV.D.DE485-en-US\"> </a><p>This value set includes codes based on the following rules:</p><ul/></div>"},"url":"http://smart.who.int/hiv/ValueSet/HIV.D.DE485","version":"0.1.0","name":"HIVDDE485","title":"New regimen after switch to second-line regimen ValueSet","status":"active","experimental":true,"date":"2024-06-29T07:09:27+00:00","publisher":"WHO","contact":[{"name":"WHO","telecom":[{"system":"url","value":"http://who.int"}]}],"description":"Value set of new ART regimen after switch to second-line ART regimen"}