{"resourceType":"ValueSet","id":"HIV.B.DE33","meta":{"profile":["http://hl7.org/fhir/uv/crmi/StructureDefinition/crmi-shareablevalueset","http://hl7.org/fhir/uv/crmi/StructureDefinition/crmi-publishablevalueset","http://hl7.org/fhir/uv/crmi/StructureDefinition/crmi-computablevalueset"]},"text":{"status":"extensions","div":"<div xmlns=\"http://www.w3.org/1999/xhtml\"><p class=\"res-header-id\"><b>Generated Narrative: ValueSet HIV.B.DE33</b></p><a name=\"HIV.B.DE33\"> </a><a name=\"hcHIV.B.DE33\"> </a><a name=\"HIV.B.DE33-en-US\"> </a><ul><li>Include these codes as defined in <a href=\"CodeSystem-HIVConcepts.html\"><code>http://smart.who.int/hiv/CodeSystem/HIVConcepts</code></a><table class=\"none\"><tr><td style=\"white-space:nowrap\"><b>Code</b></td><td><b>Display</b></td><td><b>Definition</b></td></tr><tr><td><a href=\"CodeSystem-HIVConcepts.html#HIVConcepts-HIV.46B.46DE34\">HIV.B.DE34</a></td><td>HIV-positive</td><td>Client's partner is HIV-positive</td></tr><tr><td><a href=\"CodeSystem-HIVConcepts.html#HIVConcepts-HIV.46B.46DE35\">HIV.B.DE35</a></td><td>HIV-negative</td><td>Client's partner is HIV-negative</td></tr><tr><td><a href=\"CodeSystem-HIVConcepts.html#HIVConcepts-HIV.46B.46DE36\">HIV.B.DE36</a></td><td>Unknown</td><td>Don't know HIV status - client does not know partner's HIV status</td></tr></table></li></ul></div>"},"url":"http://smart.who.int/hiv/ValueSet/HIV.B.DE33","version":"0.2.0","name":"HIVBDE33","title":"Partner HIV status (reported) ValueSet","status":"active","experimental":true,"date":"2024-08-18T19:04:15+00:00","publisher":"WHO","contact":[{"name":"WHO","telecom":[{"system":"url","value":"http://who.int"}]}],"description":"Value set of the HIV status of the client's partner.","compose":{"include":[{"system":"http://smart.who.int/hiv/CodeSystem/HIVConcepts","concept":[{"code":"HIV.B.DE34","display":"HIV-positive"},{"code":"HIV.B.DE35","display":"HIV-negative"},{"code":"HIV.B.DE36","display":"Unknown"}]}]}}