{"resourceType":"ValueSet","id":"HIV.B.DE5","meta":{"profile":["http://hl7.org/fhir/uv/crmi/StructureDefinition/crmi-shareablevalueset","http://hl7.org/fhir/uv/crmi/StructureDefinition/crmi-publishablevalueset","http://hl7.org/fhir/uv/crmi/StructureDefinition/crmi-computablevalueset"]},"text":{"status":"extensions","div":"<div xmlns=\"http://www.w3.org/1999/xhtml\"><p class=\"res-header-id\"><b>Generated Narrative: ValueSet HIV.B.DE5</b></p><a name=\"HIV.B.DE5\"> </a><a name=\"hcHIV.B.DE5\"> </a><a name=\"HIV.B.DE5-en-US\"> </a><ul><li>Include these codes as defined in <a href=\"CodeSystem-HIVConcepts.html\"><code>http://smart.who.int/hiv/CodeSystem/HIVConcepts</code></a><table class=\"none\"><tr><td style=\"white-space:nowrap\"><b>Code</b></td><td><b>Display</b></td><td><b>Definition</b></td></tr><tr><td><a href=\"CodeSystem-HIVConcepts.html#HIVConcepts-HIV.46B.46DE6\">HIV.B.DE6</a></td><td>Partner or contact of an index case</td><td>The client is a contact or partner of a person diagnosed with HIV (an index case)</td></tr><tr><td><a href=\"CodeSystem-HIVConcepts.html#HIVConcepts-HIV.46B.46DE7\">HIV.B.DE7</a></td><td>Partner or contact of an HIV testing client (non-index case)</td><td>The client is a contact or partner identified through partner or social network services, but is not known to be a partner of an index-case</td></tr></table></li></ul></div>"},"url":"http://smart.who.int/hiv/ValueSet/HIV.B.DE5","version":"0.4.1","name":"HIVBDE5","title":"Referred through partner services ValueSet","status":"active","experimental":true,"date":"2025-01-30T16:12:52+00:00","publisher":"WHO","contact":[{"name":"WHO","telecom":[{"system":"url","value":"http://who.int"}]}],"description":"Value set of client reported coming to the facility after receiving a provider-assisted referral or patient referral from a contact or partner","compose":{"include":[{"system":"http://smart.who.int/hiv/CodeSystem/HIVConcepts","concept":[{"code":"HIV.B.DE6","display":"Partner or contact of an index case"},{"code":"HIV.B.DE7","display":"Partner or contact of an HIV testing client (non-index case)"}]}]}}