{"resourceType":"ValueSet","id":"HIV.D.DE418","meta":{"profile":["http://hl7.org/fhir/uv/crmi/StructureDefinition/crmi-shareablevalueset","http://hl7.org/fhir/uv/crmi/StructureDefinition/crmi-publishablevalueset","http://hl7.org/fhir/uv/crmi/StructureDefinition/crmi-computablevalueset"]},"text":{"status":"extensions","div":"<div xmlns=\"http://www.w3.org/1999/xhtml\"><p class=\"res-header-id\"><b>Generated Narrative: ValueSet HIV.D.DE418</b></p><a name=\"HIV.D.DE418\"> </a><a name=\"hcHIV.D.DE418\"> </a><a name=\"HIV.D.DE418-en-US\"> </a><ul><li>Include these codes as defined in <a href=\"CodeSystem-HIVConcepts.html\"><code>http://smart.who.int/hiv/CodeSystem/HIVConcepts</code></a><table class=\"none\"><tr><td style=\"white-space:nowrap\"><b>Code</b></td><td><b>Display</b></td><td><b>Definition</b></td></tr><tr><td><a href=\"CodeSystem-HIVConcepts.html#HIVConcepts-HIV.46D.46DE419\">HIV.D.DE419</a></td><td>Toxicity/side effects</td><td>A substitution was made to the regimen because of toxicity/side effects</td></tr><tr><td><a href=\"CodeSystem-HIVConcepts.html#HIVConcepts-HIV.46D.46DE420\">HIV.D.DE420</a></td><td>Drug-drug interaction</td><td>A substitution was made to the regimen because of a drug-drug interaction</td></tr><tr><td><a href=\"CodeSystem-HIVConcepts.html#HIVConcepts-HIV.46D.46DE421\">HIV.D.DE421</a></td><td>Pregnancy</td><td>A substitution was made to the regimen because of pregnancy</td></tr><tr><td><a href=\"CodeSystem-HIVConcepts.html#HIVConcepts-HIV.46D.46DE422\">HIV.D.DE422</a></td><td>New TB</td><td>A substitution was made to the regimen because of new tuberculosis (TB)</td></tr><tr><td><a href=\"CodeSystem-HIVConcepts.html#HIVConcepts-HIV.46D.46DE423\">HIV.D.DE423</a></td><td>New drug available</td><td>A substitution was made to the regimen because a new drug was available</td></tr><tr><td><a href=\"CodeSystem-HIVConcepts.html#HIVConcepts-HIV.46D.46DE424\">HIV.D.DE424</a></td><td>Drug out of stock</td><td>A substitution was made to the regimen because drug was out of stock</td></tr><tr><td><a href=\"CodeSystem-HIVConcepts.html#HIVConcepts-HIV.46D.46DE425\">HIV.D.DE425</a></td><td>Other reason for regimen substitution</td><td>A substitution was made for another reason</td></tr></table></li></ul></div>"},"url":"http://smart.who.int/hiv/ValueSet/HIV.D.DE418","version":"0.2.0","name":"HIVDDE418","title":"Reason for ARV drug regimen substitution ValueSet","status":"active","experimental":true,"date":"2024-08-09T22:35:04+00:00","publisher":"WHO","contact":[{"name":"WHO","telecom":[{"system":"url","value":"http://who.int"}]}],"description":"Value set of reason why a substitution was made to the antiretroviral (ARV) drug regimen","compose":{"include":[{"system":"http://smart.who.int/hiv/CodeSystem/HIVConcepts","concept":[{"code":"HIV.D.DE419","display":"Toxicity/side effects"},{"code":"HIV.D.DE420","display":"Drug-drug interaction"},{"code":"HIV.D.DE421","display":"Pregnancy"},{"code":"HIV.D.DE422","display":"New TB"},{"code":"HIV.D.DE423","display":"New drug available"},{"code":"HIV.D.DE424","display":"Drug out of stock"},{"code":"HIV.D.DE425","display":"Other reason for regimen substitution"}]}]}}