{"resourceType":"ValueSet","id":"HIV.D.DE934","meta":{"profile":["http://hl7.org/fhir/uv/crmi/StructureDefinition/crmi-shareablevalueset","http://hl7.org/fhir/uv/crmi/StructureDefinition/crmi-publishablevalueset","http://hl7.org/fhir/uv/crmi/StructureDefinition/crmi-computablevalueset"]},"text":{"status":"extensions","div":"<div xmlns=\"http://www.w3.org/1999/xhtml\"><p class=\"res-header-id\"><b>Generated Narrative: ValueSet HIV.D.DE934</b></p><a name=\"HIV.D.DE934\"> </a><a name=\"hcHIV.D.DE934\"> </a><a name=\"HIV.D.DE934-en-US\"> </a><ul><li>Include these codes as defined in <a href=\"CodeSystem-HIVConcepts.html\"><code>http://smart.who.int/hiv/CodeSystem/HIVConcepts</code></a><table class=\"none\"><tr><td style=\"white-space:nowrap\"><b>Code</b></td><td><b>Display</b></td><td><b>Definition</b></td></tr><tr><td><a href=\"CodeSystem-HIVConcepts.html#HIVConcepts-HIV.46D.46DE935\">HIV.D.DE935</a></td><td>Pulmonary TB</td><td>Client's symptoms include pulmonary TB</td></tr><tr><td><a href=\"CodeSystem-HIVConcepts.html#HIVConcepts-HIV.46D.46DE936\">HIV.D.DE936</a></td><td>Lymph node TB</td><td>Client's symptoms include lymph node TB</td></tr><tr><td><a href=\"CodeSystem-HIVConcepts.html#HIVConcepts-HIV.46D.46DE937\">HIV.D.DE937</a></td><td>Extrapulmonary TB</td><td>Client's symptoms include extrapulmonary tuberculosis (TB)</td></tr></table></li></ul></div>"},"url":"http://smart.who.int/hiv/ValueSet/HIV.D.DE934","version":"0.3.0","name":"HIVDDE934","title":"WHO HIV clinical stage condition or symptom ValueSet","status":"active","experimental":true,"date":"2024-10-17T13:22:30+00:00","publisher":"WHO","contact":[{"name":"WHO","telecom":[{"system":"url","value":"http://who.int"}]}],"description":"Value set of new or recurrent clinical events used to categorize HIV disease severity based at baseline and follow up","compose":{"include":[{"system":"http://smart.who.int/hiv/CodeSystem/HIVConcepts","concept":[{"code":"HIV.D.DE935","display":"Pulmonary TB"},{"code":"HIV.D.DE936","display":"Lymph node TB"},{"code":"HIV.D.DE937","display":"Extrapulmonary TB"}]}]}}