{"resourceType":"ValueSet","id":"HIV.D.DE80","meta":{"profile":["http://hl7.org/fhir/uv/crmi/StructureDefinition/crmi-shareablevalueset","http://hl7.org/fhir/uv/crmi/StructureDefinition/crmi-publishablevalueset","http://hl7.org/fhir/uv/crmi/StructureDefinition/crmi-computablevalueset"]},"text":{"status":"generated","div":"<div xmlns=\"http://www.w3.org/1999/xhtml\"><p class=\"res-header-id\"><b>Generated Narrative: ValueSet HIV.D.DE80</b></p><a name=\"HIV.D.DE80\"> </a><a name=\"hcHIV.D.DE80\"> </a><a name=\"HIV.D.DE80-en-US\"> </a><p>This value set includes codes based on the following rules:</p><ul/></div>"},"url":"http://smart.who.int/hiv/ValueSet/HIV.D.DE80","version":"0.3.0","name":"HIVDDE80","title":"Preferred second-line ART regimen ValueSet","status":"active","experimental":true,"date":"2024-08-18T19:09:24+00:00","publisher":"WHO","contact":[{"name":"WHO","telecom":[{"system":"url","value":"http://who.int"}]}],"description":"Value set of the preferred second-line ART regimen for the client according to WHO (or national) guidelines"}