{"resourceType":"ValueSet","id":"HIV.G.DE35","meta":{"profile":["http://hl7.org/fhir/uv/crmi/StructureDefinition/crmi-shareablevalueset","http://hl7.org/fhir/uv/crmi/StructureDefinition/crmi-publishablevalueset","http://hl7.org/fhir/uv/crmi/StructureDefinition/crmi-computablevalueset"]},"text":{"status":"extensions","div":"<div xmlns=\"http://www.w3.org/1999/xhtml\"><p class=\"res-header-id\"><b>Generated Narrative: ValueSet HIV.G.DE35</b></p><a name=\"HIV.G.DE35\"> </a><a name=\"hcHIV.G.DE35\"> </a><a name=\"HIV.G.DE35-en-US\"> </a><ul><li>Include these codes as defined in <a href=\"CodeSystem-HIVConcepts.html\"><code>http://smart.who.int/hiv/CodeSystem/HIVConcepts</code></a><table class=\"none\"><tr><td style=\"white-space:nowrap\"><b>Code</b></td><td><b>Display</b></td><td><b>Definition</b></td></tr><tr><td><a href=\"CodeSystem-HIVConcepts.html#HIVConcepts-HIV.46G.46DE36\">HIV.G.DE36</a></td><td>Test delayed to next contact or referred</td><td>Test has been delayed to the next contact or client was referred to another provider/facility</td></tr><tr><td><a href=\"CodeSystem-HIVConcepts.html#HIVConcepts-HIV.46G.46DE37\">HIV.G.DE37</a></td><td>Stock-out or expired</td><td>Test out of stock or stock present but expired</td></tr><tr><td><a href=\"CodeSystem-HIVConcepts.html#HIVConcepts-HIV.46G.46DE38\">HIV.G.DE38</a></td><td>Machine or technician not available or machine not functioning</td><td>Test machine or technician is unavailable, or machine is not functioning</td></tr><tr><td><a href=\"CodeSystem-HIVConcepts.html#HIVConcepts-HIV.46G.46DE39\">HIV.G.DE39</a></td><td>Client declined / refused test</td><td>Client declined or refused test being undertaken</td></tr><tr><td><a href=\"CodeSystem-HIVConcepts.html#HIVConcepts-HIV.46G.46DE40\">HIV.G.DE40</a></td><td>Other</td><td>Other reason test not performed</td></tr></table></li></ul></div>"},"url":"http://smart.who.int/hiv/ValueSet/HIV.G.DE35","version":"0.3.0","name":"HIVGDE35","title":"Reason Hepatitis C test not done ValueSet","status":"active","experimental":true,"date":"2024-11-07T21:00:54+00:00","publisher":"WHO","contact":[{"name":"WHO","telecom":[{"system":"url","value":"http://who.int"}]}],"description":"Value set of reason why a hepatitis C test was not done","compose":{"include":[{"system":"http://smart.who.int/hiv/CodeSystem/HIVConcepts","concept":[{"code":"HIV.G.DE36","display":"Test delayed to next contact or referred"},{"code":"HIV.G.DE37","display":"Stock-out or expired"},{"code":"HIV.G.DE38","display":"Machine or technician not available or machine not functioning"},{"code":"HIV.G.DE39","display":"Client declined / refused test"},{"code":"HIV.G.DE40","display":"Other"}]}]}}