{"resourceType":"ValueSet","id":"HIV.D.DE482","meta":{"profile":["http://hl7.org/fhir/uv/crmi/StructureDefinition/crmi-shareablevalueset","http://hl7.org/fhir/uv/crmi/StructureDefinition/crmi-publishablevalueset","http://hl7.org/fhir/uv/crmi/StructureDefinition/crmi-computablevalueset"]},"text":{"status":"generated","div":"<div xmlns=\"http://www.w3.org/1999/xhtml\"><p class=\"res-header-id\"><b>Generated Narrative: ValueSet HIV.D.DE482</b></p><a name=\"HIV.D.DE482\"> </a><a name=\"hcHIV.D.DE482\"> </a><a name=\"hcHIV.D.DE482-en-US\"> </a><p>This value set includes codes based on the following rules:</p><ul/></div>"},"url":"http://smart.who.int/hiv/ValueSet/HIV.D.DE482","version":"0.1.0","name":"HIVDDE482","title":"Reason(s) for substitution within first-line regimen ValueSet","status":"active","experimental":true,"date":"2024-07-01T05:40:26+00:00","publisher":"WHO","contact":[{"name":"WHO","telecom":[{"system":"url","value":"http://who.int"}]}],"description":"Value set of reason(s) why one ore more drugs in client's first-line ARV drug regimen was changed (substituted)"}