{"resourceType":"ValueSet","id":"HIV.D.DE79","meta":{"profile":["http://hl7.org/fhir/uv/crmi/StructureDefinition/crmi-shareablevalueset","http://hl7.org/fhir/uv/crmi/StructureDefinition/crmi-publishablevalueset","http://hl7.org/fhir/uv/crmi/StructureDefinition/crmi-computablevalueset"]},"text":{"status":"generated","div":"<div xmlns=\"http://www.w3.org/1999/xhtml\"><p class=\"res-header-id\"><b>Generated Narrative: ValueSet HIV.D.DE79</b></p><a name=\"HIV.D.DE79\"> </a><a name=\"hcHIV.D.DE79\"> </a><a name=\"HIV.D.DE79-en-US\"> </a><p>This value set includes codes based on the following rules:</p><ul/></div>"},"url":"http://smart.who.int/hiv/ValueSet/HIV.D.DE79","version":"0.3.0","name":"HIVDDE79","title":"First-line ART regimen under special circumstances ValueSet","status":"active","experimental":true,"date":"2024-12-06T22:29:10+00:00","publisher":"WHO","contact":[{"name":"WHO","telecom":[{"system":"url","value":"http://who.int"}]}],"description":"Value set of the first-line ART regimen for the client under special circumstances according to WHO (or national) guidelines"}