{"resourceType":"ValueSet","id":"HIV.PRV.DE11","meta":{"profile":["http://hl7.org/fhir/uv/crmi/StructureDefinition/crmi-shareablevalueset","http://hl7.org/fhir/uv/crmi/StructureDefinition/crmi-publishablevalueset","http://hl7.org/fhir/uv/crmi/StructureDefinition/crmi-computablevalueset"]},"text":{"status":"extensions","div":"<div xmlns=\"http://www.w3.org/1999/xhtml\"><p class=\"res-header-id\"><b>Generated Narrative: ValueSet HIV.PRV.DE11</b></p><a name=\"HIV.PRV.DE11\"> </a><a name=\"hcHIV.PRV.DE11\"> </a><a name=\"HIV.PRV.DE11-en-US\"> </a><ul><li>Include these codes as defined in <a href=\"CodeSystem-HIVConcepts.html\"><code>http://smart.who.int/hiv/CodeSystem/HIVConcepts</code></a><table class=\"none\"><tr><td style=\"white-space:nowrap\"><b>Code</b></td><td><b>Display</b></td><td><b>Definition</b></td></tr><tr><td><a href=\"CodeSystem-HIVConcepts.html#HIVConcepts-HIV.46PRV.46DE12\">HIV.PRV.DE12</a></td><td>HIV-positive</td><td>Client's contact is HIV-positive</td></tr><tr><td><a href=\"CodeSystem-HIVConcepts.html#HIVConcepts-HIV.46PRV.46DE13\">HIV.PRV.DE13</a></td><td>HIV-negative</td><td>Client's contact is HIV-negative</td></tr><tr><td><a href=\"CodeSystem-HIVConcepts.html#HIVConcepts-HIV.46PRV.46DE14\">HIV.PRV.DE14</a></td><td>Unknown</td><td>Client does not know contact's HIV status</td></tr></table></li></ul></div>"},"url":"http://smart.who.int/hiv/ValueSet/HIV.PRV.DE11","version":"0.2.0","name":"HIVPRVDE11","title":"HIV status of contact ValueSet","status":"active","experimental":true,"date":"2024-08-18T17:57:09+00:00","publisher":"WHO","contact":[{"name":"WHO","telecom":[{"system":"url","value":"http://who.int"}]}],"description":"Value set of the HIV status of the client's contact","compose":{"include":[{"system":"http://smart.who.int/hiv/CodeSystem/HIVConcepts","concept":[{"code":"HIV.PRV.DE12","display":"HIV-positive"},{"code":"HIV.PRV.DE13","display":"HIV-negative"},{"code":"HIV.PRV.DE14","display":"Unknown"}]}]}}