{"resourceType":"ValueSet","id":"HIV.D.DE604","meta":{"profile":["http://hl7.org/fhir/uv/crmi/StructureDefinition/crmi-shareablevalueset","http://hl7.org/fhir/uv/crmi/StructureDefinition/crmi-publishablevalueset","http://hl7.org/fhir/uv/crmi/StructureDefinition/crmi-computablevalueset"]},"text":{"status":"generated","div":"<div xmlns=\"http://www.w3.org/1999/xhtml\"><p class=\"res-header-id\"><b>Generated Narrative: ValueSet HIV.D.DE604</b></p><a name=\"HIV.D.DE604\"> </a><a name=\"hcHIV.D.DE604\"> </a><a name=\"HIV.D.DE604-en-US\"> </a><p>This value set includes codes based on the following rules:</p><ul/></div>"},"url":"http://smart.who.int/hiv/ValueSet/HIV.D.DE604","version":"0.3.0","name":"HIVDDE604","title":"Vaccine type ValueSet","status":"active","experimental":true,"date":"2024-10-17T13:40:48+00:00","publisher":"WHO","contact":[{"name":"WHO","telecom":[{"system":"url","value":"http://who.int"}]}],"description":"Value set of type of vaccine received (such as IPV, OPV)"}