{"resourceType":"ValueSet","id":"HIV.B.DE120","meta":{"profile":["http://hl7.org/fhir/uv/crmi/StructureDefinition/crmi-shareablevalueset","http://hl7.org/fhir/uv/crmi/StructureDefinition/crmi-publishablevalueset","http://hl7.org/fhir/uv/crmi/StructureDefinition/crmi-computablevalueset"]},"text":{"status":"generated","div":"<div xmlns=\"http://www.w3.org/1999/xhtml\"><p class=\"res-header-id\"><b>Generated Narrative: ValueSet HIV.B.DE120</b></p><a name=\"HIV.B.DE120\"> </a><a name=\"hcHIV.B.DE120\"> </a><a name=\"hcHIV.B.DE120-en-US\"> </a><p>This value set includes codes based on the following rules:</p><ul/></div>"},"url":"http://smart.who.int/hiv/ValueSet/HIV.B.DE120","version":"0.1.0","name":"HIVBDE120","title":"Site where positive HIV test confirmed ValueSet","status":"active","experimental":true,"date":"2024-06-29T07:14:41+00:00","publisher":"WHO","contact":[{"name":"WHO","telecom":[{"system":"url","value":"http://who.int"}]}],"description":"Value set of name or identifier of health facility where HIV test was confirmed"}