{"resourceType":"ValueSet","id":"hiv-d-de371","text":{"status":"extensions","div":"<div xmlns=\"http://www.w3.org/1999/xhtml\"><ul><li>Include these codes as defined in <a href=\"CodeSystem-concept-codes.html\"><code>http://fhir.org/guides/who/hiv-dak/CodeSystem/HIV-DAKConcepts</code></a><table class=\"none\"><tr><td style=\"white-space:nowrap\"><b>Code</b></td><td><b>Display</b></td><td><b>Definition</b></td></tr><tr><td><a href=\"CodeSystem-concept-codes.html#concept-codes-HIV.46D.46DE371\">HIV.D.DE371</a></td><td>Patient self-reported as not ready/willing</td><td>Reasons for delayed ART initiation - Patient self-reported as not ready/willing</td></tr><tr><td><a href=\"CodeSystem-concept-codes.html#concept-codes-HIV.46D.46DE372\">HIV.D.DE372</a></td><td>Not completed education, support and preparation for ART</td><td>Reasons for delayed ART initiation - Not completed education, support and preparation for ART</td></tr><tr><td><a href=\"CodeSystem-concept-codes.html#concept-codes-HIV.46D.46DE373\">HIV.D.DE373</a></td><td>Fear of disclosure</td><td>Reasons for delayed ART initiation - Fear of disclosure</td></tr><tr><td><a href=\"CodeSystem-concept-codes.html#concept-codes-HIV.46D.46DE374\">HIV.D.DE374</a></td><td>Patient lacks finances</td><td>Reasons for delayed ART initiation - Patient lacks finances</td></tr><tr><td><a href=\"CodeSystem-concept-codes.html#concept-codes-HIV.46D.46DE375\">HIV.D.DE375</a></td><td>Initiated on TB treatment</td><td>Reasons for delayed ART initiation - Initiated on TB treatment</td></tr><tr><td><a href=\"CodeSystem-concept-codes.html#concept-codes-HIV.46D.46DE376\">HIV.D.DE376</a></td><td>Patient initiated on treatment for TB meningitis</td><td>Reasons for delayed ART initiation - Patient initiated on treatment for TB meningitis</td></tr><tr><td><a href=\"CodeSystem-concept-codes.html#concept-codes-HIV.46D.46DE377\">HIV.D.DE377</a></td><td>Patient diagnosed with cryptococcal meningitis</td><td>Reasons for delayed ART initiation - Patient diagnosed with cryptococcal meningitis</td></tr><tr><td><a href=\"CodeSystem-concept-codes.html#concept-codes-HIV.46D.46DE378\">HIV.D.DE378</a></td><td>Patient diagnosed with histoplasmosis</td><td>Reasons for delayed ART initiation - Patient diagnosed with histoplasmosis</td></tr><tr><td><a href=\"CodeSystem-concept-codes.html#concept-codes-HIV.46D.46DE379\">HIV.D.DE379</a></td><td>Patient critically/severely ill</td><td>Reasons for delayed ART initiation - Patient critically/severely ill</td></tr><tr><td><a href=\"CodeSystem-concept-codes.html#concept-codes-HIV.46D.46DE380\">HIV.D.DE380</a></td><td>Other</td><td>Reasons for delayed ART initiation - Other</td></tr></table></li></ul></div>"},"url":"http://fhir.org/guides/who/hiv-dak/ValueSet/hiv-d-de371","version":"0.3.0","name":"ReasonsfordelayedARTinitiationCodes","title":"Reasons for delayed ART initiation Codes","status":"draft","experimental":false,"date":"2024-06-06T18:27:39+00:00","publisher":"World Health Organization (WHO) ","contact":[{"telecom":[{"system":"url","value":"https://www.who.int"}]}],"description":"Codes representing possible values for the Reasons for delayed ART initiation element","jurisdiction":[{"coding":[{"system":"http://unstats.un.org/unsd/methods/m49/m49.htm","code":"001"}]}],"immutable":true,"compose":{"include":[{"system":"http://fhir.org/guides/who/hiv-dak/CodeSystem/HIV-DAKConcepts","concept":[{"code":"HIV.D.DE371","display":"Patient self-reported as not ready/willing"},{"code":"HIV.D.DE372","display":"Not completed education, support and preparation for ART"},{"code":"HIV.D.DE373","display":"Fear of disclosure"},{"code":"HIV.D.DE374","display":"Patient lacks finances"},{"code":"HIV.D.DE375","display":"Initiated on TB treatment"},{"code":"HIV.D.DE376","display":"Patient initiated on treatment for TB meningitis"},{"code":"HIV.D.DE377","display":"Patient diagnosed with cryptococcal meningitis"},{"code":"HIV.D.DE378","display":"Patient diagnosed with histoplasmosis"},{"code":"HIV.D.DE379","display":"Patient critically/severely ill"},{"code":"HIV.D.DE380","display":"Other"}]}]}}