{
  "resourceType" : "Measure",
  "id" : "HIVIND53",
  "meta" : {
    "profile" : ["http://hl7.org/fhir/us/cqfmeasures/StructureDefinition/proportion-measure-cqfm",
    "http://hl7.org/fhir/uv/crmi/StructureDefinition/crmi-shareablemeasure",
    "http://hl7.org/fhir/uv/crmi/StructureDefinition/crmi-publishablemeasure"]
  },
  "text" : {
    "status" : "generated",
    "div" : "<div xmlns=\"http://www.w3.org/1999/xhtml\"><p class=\"res-header-id\"><b>Generated Narrative: Measure HIVIND53</b></p><a name=\"HIVIND53\"> </a><a name=\"hcHIVIND53\"> </a><a name=\"HIVIND53-en-US\"> </a><p><b>url</b>: <a href=\"Measure-HIVIND53.html\">Measure HIV.IND.53 Multi-month ARV dispensing</a></p><p><b>version</b>: 0.2.0</p><p><b>name</b>: HIVIND53</p><p><b>title</b>: HIV.IND.53 Multi-month ARV dispensing</p><p><b>status</b>: Draft</p><p><b>experimental</b>: true</p><p><b>date</b>: 2024-07-12</p><p><b>publisher</b>: WHO</p><p><b>contact</b>: WHO: <a href=\"http://who.int\">http://who.int</a></p><p><b>description</b>: </p><div><p>% of people living with HIV and On ART who are receiving multi-month dispensing of ARV medicine during the reporting period</p>\n</div><p><b>library</b>: <a href=\"Library-HIVIND53Logic.html\">HIV.IND.53 Logic</a></p><p><b>scoring</b>: <span title=\"Codes:{http://terminology.hl7.org/CodeSystem/measure-scoring proportion}\">Proportion</span></p><blockquote><p><b>group</b></p><blockquote><p><b>population</b></p><blockquote><p><b>id</b></p>HIV.IND.53.IP</blockquote><p><b>code</b>: <span title=\"Codes:{http://terminology.hl7.org/CodeSystem/measure-population initial-population}\">Initial Population</span></p><p><b>description</b>: Initial Population</p><h3>Criteria</h3><table class=\"grid\"><tr><td style=\"display: none\">-</td><td><b>Language</b></td><td><b>Expression</b></td></tr><tr><td style=\"display: none\">*</td><td>text/cql-identifier</td><td>Initial Population</td></tr></table></blockquote><blockquote><p><b>population</b></p><blockquote><p><b>id</b></p>HIV.IND.53.DEN</blockquote><p><b>code</b>: <span title=\"Codes:{http://terminology.hl7.org/CodeSystem/measure-population denominator}\">Denominator</span></p><p><b>description</b>: Number of people living with HIV and On ART</p><h3>Criteria</h3><table class=\"grid\"><tr><td style=\"display: none\">-</td><td><b>Language</b></td><td><b>Expression</b></td></tr><tr><td style=\"display: none\">*</td><td>text/cql-identifier</td><td>Denominator</td></tr></table></blockquote><blockquote><p><b>population</b></p><blockquote><p><b>id</b></p>HIV.IND.53.NUM</blockquote><p><b>code</b>: <span title=\"Codes:{http://terminology.hl7.org/CodeSystem/measure-population numerator}\">Numerator</span></p><p><b>description</b>: Number of people living with HIV and On ART who received 3-5 or &gt;6 months of ARV medicine at their most recent ARV medicine pick-up. |  | (The number receiving &lt;3 months of ARV supply is also collected, for validation purposes.) |  | If countries cannot report on the number of months of ARV medicine dispensed by the disaggregations described above, they could, as an alternative, report the total number of people currently on ARV therapy and receiving ≥3 months of ARV medicine at their last medicine pick-up.</p><h3>Criteria</h3><table class=\"grid\"><tr><td style=\"display: none\">-</td><td><b>Language</b></td><td><b>Expression</b></td></tr><tr><td style=\"display: none\">*</td><td>text/cql-identifier</td><td>Numerator</td></tr></table></blockquote></blockquote></div>"
  },
  "extension" : [{
    "url" : "http://hl7.org/fhir/us/cqfmeasures/StructureDefinition/cqfm-populationBasis",
    "valueCode" : "boolean"
  }],
  "url" : "http://smart.who.int/HIV/Measure/HIVIND53",
  "version" : "0.2.0",
  "name" : "HIVIND53",
  "title" : "HIV.IND.53 Multi-month ARV dispensing",
  "status" : "draft",
  "experimental" : true,
  "date" : "2024-07-12",
  "publisher" : "WHO",
  "contact" : [{
    "name" : "WHO",
    "telecom" : [{
      "system" : "url",
      "value" : "http://who.int"
    }]
  }],
  "description" : "% of people living with HIV and On ART who are receiving multi-month dispensing of ARV medicine during the reporting period",
  "library" : ["http://smart.who.int/HIV/Library/HIVIND53Logic"],
  "scoring" : {
    "coding" : [{
      "system" : "http://terminology.hl7.org/CodeSystem/measure-scoring",
      "code" : "proportion",
      "display" : "Proportion"
    }]
  },
  "group" : [{
    "population" : [{
      "id" : "HIV.IND.53.IP",
      "code" : {
        "coding" : [{
          "system" : "http://terminology.hl7.org/CodeSystem/measure-population",
          "code" : "initial-population",
          "display" : "Initial Population"
        }]
      },
      "description" : "Initial Population",
      "criteria" : {
        "language" : "text/cql-identifier",
        "expression" : "Initial Population"
      }
    },
    {
      "id" : "HIV.IND.53.DEN",
      "code" : {
        "coding" : [{
          "system" : "http://terminology.hl7.org/CodeSystem/measure-population",
          "code" : "denominator",
          "display" : "Denominator"
        }]
      },
      "description" : "Number of people living with HIV and On ART",
      "criteria" : {
        "language" : "text/cql-identifier",
        "expression" : "Denominator"
      }
    },
    {
      "id" : "HIV.IND.53.NUM",
      "code" : {
        "coding" : [{
          "system" : "http://terminology.hl7.org/CodeSystem/measure-population",
          "code" : "numerator",
          "display" : "Numerator"
        }]
      },
      "description" : "Number of people living with HIV and On ART who received 3-5 or >6 months of ARV medicine at their most recent ARV medicine pick-up. |  | (The number receiving <3 months of ARV supply is also collected, for validation purposes.) |  | If countries cannot report on the number of months of ARV medicine dispensed by the disaggregations described above, they could, as an alternative, report the total number of people currently on ARV therapy and receiving ≥3 months of ARV medicine at their last medicine pick-up.",
      "criteria" : {
        "language" : "text/cql-identifier",
        "expression" : "Numerator"
      }
    }]
  }]
}