{
  "resourceType" : "PlanDefinition",
  "id" : "HIVD12DT",
  "meta" : {
    "profile" : ["http://hl7.org/fhir/uv/cpg/StructureDefinition/cpg-recommendationdefinition",
    "http://hl7.org/fhir/uv/crmi/StructureDefinition/crmi-shareableplandefinition",
    "http://hl7.org/fhir/uv/crmi/StructureDefinition/crmi-publishableplandefinition"]
  },
  "text" : {
    "status" : "extensions",
    "div" : "<div xmlns=\"http://www.w3.org/1999/xhtml\">\n<div>\n    <table class=\"grid dict\">\n        \n        <tr>\n            <th scope=\"row\"><b>Id: </b></th>\n            <td style=\"padding-left: 4px;\">HIVD12DT</td>\n        </tr>\n        \n\n        \n        <tr>\n            <th scope=\"row\"><b>Url: </b></th>\n            <td style=\"padding-left: 4px;\"><a href=\"PlanDefinition-HIVD12DT.html\">HIV.D12.Determine recommended screenings and tests</a></td>\n        </tr>\n        \n\n        \n        <tr>\n            <th scope=\"row\"><b>Version: </b></th>\n            <td style=\"padding-left: 4px;\">0.3.0</td>\n        </tr>\n        \n\n        \n\n        \n        <tr>\n            <th scope=\"row\"><b>Title: </b></th>\n            <td style=\"padding-left: 4px;\">HIV.D12.Determine recommended screenings and tests</td>\n        </tr>\n        \n\n        \n\n        \n        <tr>\n            <th scope=\"row\"><b>Status: </b></th>\n            <td style=\"padding-left: 4px;\">draft</td>\n        </tr>\n        \n\n        \n        <tr>\n            <th scope=\"row\"><b>Experimental: </b></th>\n            <td style=\"padding-left: 4px;\">true</td>\n        </tr>\n        \n\n        \n        <tr>\n            <th scope=\"row\"><b>Type: </b></th>\n            <td style=\"padding-left: 4px;\">\n                \n                    \n                        \n                        <p style=\"margin-bottom: 5px;\">\n                            <b>system: </b> <span><a href=\"http://terminology.hl7.org/6.0.2/CodeSystem-plan-definition-type.html\">http://terminology.hl7.org/CodeSystem/plan-definition-type</a></span>\n                        </p>\n                        \n                        \n                        <p style=\"margin-bottom: 5px;\">\n                            <b>code: </b> <span>eca-rule</span>\n                        </p>\n                        \n                        \n                    \n                \n                \n            </td>\n        </tr>\n        \n\n        \n\n        \n        <tr>\n            <th scope=\"row\"><b>Date: </b></th>\n            <td style=\"padding-left: 4px;\">2024-12-30 06:22:02+0000</td>\n        </tr>\n        \n\n        \n        <tr>\n            <th scope=\"row\"><b>Publisher: </b></th>\n            <td style=\"padding-left: 4px;\">WHO</td>\n        </tr>\n        \n\n        \n        <tr>\n            <th scope=\"row\"><b>Description: </b></th>\n            <td style=\"padding-left: 4px;\"><div><p>Determine recommended screenings and tests</p>\n</div></td>\n        </tr>\n        \n\n        \n\n        \n\n        \n\n        \n\n        \n\n        \n\n        \n\n        \n\n        \n\n        \n\n        \n        <tr>\n            <th scope=\"row\"><b>Related Artifacts: </b></th>\n            <td style=\"padding-left: 4px;\">\n                \n                \n                <p><b>References</b></p>\n                <ul>\n                    \n                    <li><div><p>Consolidated Guidelines on HIV Testing Services (2019)</p>\n</div><br/><a href=\"null\"/></li>\n                    \n                </ul>\n                \n                \n                \n                \n                \n                \n            </td>\n        </tr>\n        \n\n        \n        <tr>\n            <th scope=\"row\"><b>Libraries: </b></th>\n            <td style=\"padding-left: 4px;\">\n                <table class=\"grid-dict\">\n                    \n                    <tr>\n                        <td><a href=\"Library-HIVD12DTLogic.html\">HIV.D12.DT Logic</a></td>\n                    </tr>\n                    \n                </table>\n            </td>\n        </tr>\n        \n\n        \n        <tr>\n            <th scope=\"row\"><b>Actions: </b></th>\n            <td style=\"padding-left: 4px;\">\n                <table class=\"grid-dict\">\n                    \n                    <tr>\n                        <td>\n                            \n                            Recommended screenings and tests\n                            \n                            <br/>\n                            \n                            \n                            \n                            \n                            <b>Then:</b> <i>Definition:</i> <a href=\"ActivityDefinition-HIVGuidanceCommunicationRequestActivity.html\">HIVGuidanceCommunicationRequestActivity</a><br/>\n                            \n                            <i>Dynamic Values:</i><br/>\n                            \n                            payload[+].contentString: <i>(Guidance)</i>\n                            <br/>\n                            \n                            \n                            \n                            \n                        </td>\n                    </tr>\n                    \n                </table>\n            </td>\n        </tr>\n        \n    </table>\n</div>\n</div>"
  },
  "extension" : [{
    "url" : "http://hl7.org/fhir/StructureDefinition/cqf-knowledgeCapability",
    "valueCode" : "computable"
  }],
  "url" : "http://smart.who.int/hiv/PlanDefinition/HIVD4DT",
  "version" : "0.3.0",
  "name" : "HIVD4DT",
  "title" : "HIV.D12.Determine recommended screenings and tests",
  "type" : {
    "coding" : [{
      "system" : "http://terminology.hl7.org/CodeSystem/plan-definition-type",
      "code" : "eca-rule"
    }]
  },
  "status" : "draft",
  "experimental" : true,
  "date" : "2024-12-30T06:22:02+00:00",
  "publisher" : "WHO",
  "contact" : [{
    "name" : "WHO",
    "telecom" : [{
      "system" : "url",
      "value" : "http://who.int"
    }]
  }],
  "description" : "Determine recommended screenings and tests",
  "relatedArtifact" : [{
    "type" : "citation",
    "citation" : "Consolidated Guidelines on HIV Testing Services (2019)"
  }],
  "library" : ["http://smart.who.int/hiv/Library/HIVD12DTLogic"],
  "action" : [{
    "textEquivalent" : "Recommended screenings and tests",
    "definitionCanonical" : "http://smart.who.int/hiv/ActivityDefinition/HIVGuidanceCommunicationRequestActivity",
    "dynamicValue" : [{
      "path" : "payload[+].contentString",
      "expression" : {
        "language" : "text/cql-identifier",
        "expression" : "Guidance"
      }
    }]
  }]
}