{
  "resourceType" : "ValueSet",
  "id" : "HIV.H.DE17",
  "meta" : {
    "profile" : ["http://hl7.org/fhir/uv/crmi/StructureDefinition/crmi-shareablevalueset",
    "http://hl7.org/fhir/uv/crmi/StructureDefinition/crmi-publishablevalueset",
    "http://hl7.org/fhir/uv/crmi/StructureDefinition/crmi-computablevalueset"]
  },
  "text" : {
    "status" : "extensions",
    "div" : "<div xmlns=\"http://www.w3.org/1999/xhtml\"><p class=\"res-header-id\"><b>Generated Narrative: ValueSet HIV.H.DE17</b></p><a name=\"HIV.H.DE17\"> </a><a name=\"hcHIV.H.DE17\"> </a><a name=\"HIV.H.DE17-en-US\"> </a><ul><li>Include these codes as defined in <a href=\"CodeSystem-HIVConcepts.html\"><code>http://smart.who.int/hiv/CodeSystem/HIVConcepts</code></a><table class=\"none\"><tr><td style=\"white-space:nowrap\"><b>Code</b></td><td><b>Display</b></td><td><b>Definition</b></td></tr><tr><td><a href=\"CodeSystem-HIVConcepts.html#HIVConcepts-HIV.46H.46DE18\">HIV.H.DE18</a></td><td>Client</td><td>The client was the source of information</td></tr><tr><td><a href=\"CodeSystem-HIVConcepts.html#HIVConcepts-HIV.46H.46DE19\">HIV.H.DE19</a></td><td>Informed by treatment provider</td><td>Source of information was a treatment provider of the client</td></tr><tr><td><a href=\"CodeSystem-HIVConcepts.html#HIVConcepts-HIV.46H.46DE20\">HIV.H.DE20</a></td><td>Informed by family or partner</td><td>Source of information was a family member of partner</td></tr><tr><td><a href=\"CodeSystem-HIVConcepts.html#HIVConcepts-HIV.46H.46DE21\">HIV.H.DE21</a></td><td>Other source of information</td><td>Information about the client's status was provided by someone else</td></tr></table></li></ul></div>"
  },
  "url" : "http://smart.who.int/hiv/ValueSet/HIV.H.DE17",
  "version" : "0.4.1",
  "name" : "HIVHDE17",
  "title" : "Source of information ValueSet",
  "status" : "active",
  "experimental" : true,
  "date" : "2025-01-30T07:19:17+00:00",
  "publisher" : "WHO",
  "contact" : [{
    "name" : "WHO",
    "telecom" : [{
      "system" : "url",
      "value" : "http://who.int"
    }]
  }],
  "description" : "Value set of source of information about the client",
  "compose" : {
    "include" : [{
      "system" : "http://smart.who.int/hiv/CodeSystem/HIVConcepts",
      "concept" : [{
        "code" : "HIV.H.DE18",
        "display" : "Client"
      },
      {
        "code" : "HIV.H.DE19",
        "display" : "Informed by treatment provider"
      },
      {
        "code" : "HIV.H.DE20",
        "display" : "Informed by family or partner"
      },
      {
        "code" : "HIV.H.DE21",
        "display" : "Other source of information"
      }]
    }]
  }
}