{
  "resourceType" : "ValueSet",
  "id" : "HIV.D.DE1",
  "meta" : {
    "profile" : ["http://hl7.org/fhir/uv/crmi/StructureDefinition/crmi-shareablevalueset",
    "http://hl7.org/fhir/uv/crmi/StructureDefinition/crmi-publishablevalueset",
    "http://hl7.org/fhir/uv/crmi/StructureDefinition/crmi-computablevalueset"]
  },
  "text" : {
    "status" : "extensions",
    "div" : "<div xmlns=\"http://www.w3.org/1999/xhtml\"><p class=\"res-header-id\"><b>Generated Narrative: ValueSet HIV.D.DE1</b></p><a name=\"HIV.D.DE1\"> </a><a name=\"hcHIV.D.DE1\"> </a><a name=\"hcHIV.D.DE1-en-US\"> </a><ul><li>Include these codes as defined in <a href=\"CodeSystem-HIVConcepts.html\"><code>http://smart.who.int/hiv/CodeSystem/HIVConcepts</code></a><table class=\"none\"><tr><td style=\"white-space:nowrap\"><b>Code</b></td><td><b>Display</b></td><td><b>Definition</b></td></tr><tr><td><a href=\"CodeSystem-HIVConcepts.html#HIVConcepts-HIV.46D.46DE2\">HIV.D.DE2</a></td><td>First clinical visit</td><td>The client's first appointment for clinical care by a provider at the facility</td></tr><tr><td><a href=\"CodeSystem-HIVConcepts.html#HIVConcepts-HIV.46D.46DE3\">HIV.D.DE3</a></td><td>Clinical visit</td><td>Appointment for clinical care by a provider</td></tr><tr><td><a href=\"CodeSystem-HIVConcepts.html#HIVConcepts-HIV.46D.46DE4\">HIV.D.DE4</a></td><td>ART initiation</td><td>Appointment for initiation of ART</td></tr><tr><td><a href=\"CodeSystem-HIVConcepts.html#HIVConcepts-HIV.46D.46DE5\">HIV.D.DE5</a></td><td>ART drug pick up</td><td>Appointment for an antiretroviral drug pick up</td></tr><tr><td><a href=\"CodeSystem-HIVConcepts.html#HIVConcepts-HIV.46D.46DE6\">HIV.D.DE6</a></td><td>Issues and concerns</td><td>Visit to address issues and concerns</td></tr><tr><td><a href=\"CodeSystem-HIVConcepts.html#HIVConcepts-HIV.46D.46DE7\">HIV.D.DE7</a></td><td>Post-treatment follow-up visit for cervical precancer lesions or invasive cervical cancer</td><td>Appointment for a post-treatment follow-up visit for cervical precancer lesions or invasive cervical cancer</td></tr></table></li></ul></div>"
  },
  "url" : "http://smart.who.int/hiv/ValueSet/HIV.D.DE1",
  "version" : "0.1.0",
  "name" : "HIVDDE1",
  "title" : "Reason for visit ValueSet",
  "status" : "active",
  "experimental" : true,
  "date" : "2024-07-08T21:32:57+00:00",
  "publisher" : "WHO",
  "contact" : [{
    "name" : "WHO",
    "telecom" : [{
      "system" : "url",
      "value" : "http://who.int"
    }]
  }],
  "description" : "Value set of whether visit was scheduled or unscheduled, clinical only, or for ARV drug pick-up",
  "compose" : {
    "include" : [{
      "system" : "http://smart.who.int/hiv/CodeSystem/HIVConcepts",
      "concept" : [{
        "code" : "HIV.D.DE2",
        "display" : "First clinical visit"
      },
      {
        "code" : "HIV.D.DE3",
        "display" : "Clinical visit"
      },
      {
        "code" : "HIV.D.DE4",
        "display" : "ART initiation"
      },
      {
        "code" : "HIV.D.DE5",
        "display" : "ART drug pick up"
      },
      {
        "code" : "HIV.D.DE6",
        "display" : "Issues and concerns"
      },
      {
        "code" : "HIV.D.DE7",
        "display" : "Post-treatment follow-up visit for cervical precancer lesions or invasive cervical cancer"
      }]
    }]
  }
}