{
  "resourceType" : "ValueSet",
  "id" : "HIV.C.DE55",
  "meta" : {
    "profile" : ["http://hl7.org/fhir/uv/crmi/StructureDefinition/crmi-shareablevalueset",
    "http://hl7.org/fhir/uv/crmi/StructureDefinition/crmi-publishablevalueset",
    "http://hl7.org/fhir/uv/crmi/StructureDefinition/crmi-computablevalueset"]
  },
  "text" : {
    "status" : "extensions",
    "div" : "<div xmlns=\"http://www.w3.org/1999/xhtml\"><p class=\"res-header-id\"><b>Generated Narrative: ValueSet HIV.C.DE55</b></p><a name=\"HIV.C.DE55\"> </a><a name=\"hcHIV.C.DE55\"> </a><a name=\"hcHIV.C.DE55-en-US\"> </a><ul><li>Include these codes as defined in <a href=\"CodeSystem-HIVConcepts.html\"><code>http://smart.who.int/hiv/CodeSystem/HIVConcepts</code></a><table class=\"none\"><tr><td style=\"white-space:nowrap\"><b>Code</b></td><td><b>Display</b></td><td><b>Definition</b></td></tr><tr><td><a href=\"CodeSystem-HIVConcepts.html#HIVConcepts-HIV.46C.46DE56\">HIV.C.DE56</a></td><td>Not on ART</td><td>Sex partner is HIV-positive and not on ART</td></tr><tr><td><a href=\"CodeSystem-HIVConcepts.html#HIVConcepts-HIV.46C.46DE57\">HIV.C.DE57</a></td><td>On ART less than 6 months</td><td>Sex partner is HIV-positive and is on ART less than 6 months. ART may take up to 6 months to suppress viral load. In studies of serodiscordant couples, pre-exposure prophylaxis (PrEP) has provided a useful bridge to full viral suppression by the partner during that time.</td></tr><tr><td><a href=\"CodeSystem-HIVConcepts.html#HIVConcepts-HIV.46C.46DE58\">HIV.C.DE58</a></td><td>Partner has suspected low adherence to ART</td><td>Sex partner is HIV-positive and is suspected to have low adherence to ART. There have been gaps in the partner's treatment adherence or the couple is not communicating openly about treatment adherence and viral load test results.</td></tr><tr><td><a href=\"CodeSystem-HIVConcepts.html#HIVConcepts-HIV.46C.46DE59\">HIV.C.DE59</a></td><td>Partner is not virally suppressed</td><td>Sex partner is HIV-positive and not virally suppressed</td></tr><tr><td><a href=\"CodeSystem-HIVConcepts.html#HIVConcepts-HIV.46C.46DE60\">HIV.C.DE60</a></td><td>Partner is virally suppressed and has been on ART for 6 months or more</td><td>Sex partner is HIV-positive and virally suppressed with 6 months or more on ART</td></tr></table></li></ul></div>"
  },
  "url" : "http://smart.who.int/hiv/ValueSet/HIV.C.DE55",
  "version" : "0.1.0",
  "name" : "HIVCDE55",
  "title" : "Sex partner's HIV treatment status ValueSet",
  "status" : "active",
  "experimental" : true,
  "date" : "2024-07-01T07:25:05+00:00",
  "publisher" : "WHO",
  "contact" : [{
    "name" : "WHO",
    "telecom" : [{
      "system" : "url",
      "value" : "http://who.int"
    }]
  }],
  "description" : "Value set of treatment adherence of client's sex partner for partners that are HIV-positive",
  "compose" : {
    "include" : [{
      "system" : "http://smart.who.int/hiv/CodeSystem/HIVConcepts",
      "concept" : [{
        "code" : "HIV.C.DE56",
        "display" : "Not on ART"
      },
      {
        "code" : "HIV.C.DE57",
        "display" : "On ART less than 6 months"
      },
      {
        "code" : "HIV.C.DE58",
        "display" : "Partner has suspected low adherence to ART"
      },
      {
        "code" : "HIV.C.DE59",
        "display" : "Partner is not virally suppressed"
      },
      {
        "code" : "HIV.C.DE60",
        "display" : "Partner is virally suppressed and has been on ART for 6 months or more"
      }]
    }]
  }
}