{
  "resourceType" : "ValueSet",
  "id" : "HIV.E.DE190",
  "meta" : {
    "profile" : ["http://hl7.org/fhir/uv/crmi/StructureDefinition/crmi-shareablevalueset",
    "http://hl7.org/fhir/uv/crmi/StructureDefinition/crmi-publishablevalueset",
    "http://hl7.org/fhir/uv/crmi/StructureDefinition/crmi-computablevalueset"]
  },
  "text" : {
    "status" : "extensions",
    "div" : "<div xmlns=\"http://www.w3.org/1999/xhtml\"><p class=\"res-header-id\"><b>Generated Narrative: ValueSet HIV.E.DE190</b></p><a name=\"HIV.E.DE190\"> </a><a name=\"hcHIV.E.DE190\"> </a><a name=\"HIV.E.DE190-en-US\"> </a><ul><li>Include these codes as defined in <a href=\"CodeSystem-HIVConcepts.html\"><code>http://smart.who.int/hiv/CodeSystem/HIVConcepts</code></a><table class=\"none\"><tr><td style=\"white-space:nowrap\"><b>Code</b></td><td><b>Display</b></td><td><b>Definition</b></td></tr><tr><td><a href=\"CodeSystem-HIVConcepts.html#HIVConcepts-HIV.46E.46DE191\">HIV.E.DE191</a></td><td>Positive</td><td>Positive HIV test result from the nucleic acid test</td></tr><tr><td><a href=\"CodeSystem-HIVConcepts.html#HIVConcepts-HIV.46E.46DE192\">HIV.E.DE192</a></td><td>Negative</td><td>Negative HIV test result from the nucleic acid test</td></tr><tr><td><a href=\"CodeSystem-HIVConcepts.html#HIVConcepts-HIV.46E.46DE193\">HIV.E.DE193</a></td><td>Indeterminate</td><td>Indeterminate HIV test result from the nucleic acid test</td></tr></table></li></ul></div>"
  },
  "url" : "http://smart.who.int/hiv/ValueSet/HIV.E.DE190",
  "version" : "0.3.0",
  "name" : "HIVEDE190",
  "title" : "EID test number 2 test result ValueSet",
  "status" : "active",
  "experimental" : true,
  "date" : "2024-12-06T22:29:10+00:00",
  "publisher" : "WHO",
  "contact" : [{
    "name" : "WHO",
    "telecom" : [{
      "system" : "url",
      "value" : "http://who.int"
    }]
  }],
  "description" : "Value set of early infant diagnosis test number 2 test result",
  "compose" : {
    "include" : [{
      "system" : "http://smart.who.int/hiv/CodeSystem/HIVConcepts",
      "concept" : [{
        "code" : "HIV.E.DE191",
        "display" : "Positive"
      },
      {
        "code" : "HIV.E.DE192",
        "display" : "Negative"
      },
      {
        "code" : "HIV.E.DE193",
        "display" : "Indeterminate"
      }]
    }]
  }
}