{
  "resourceType" : "ValueSet",
  "id" : "HIV.B.DE276",
  "meta" : {
    "profile" : ["http://hl7.org/fhir/uv/crmi/StructureDefinition/crmi-shareablevalueset",
    "http://hl7.org/fhir/uv/crmi/StructureDefinition/crmi-publishablevalueset",
    "http://hl7.org/fhir/uv/crmi/StructureDefinition/crmi-computablevalueset"]
  },
  "text" : {
    "status" : "extensions",
    "div" : "<div xmlns=\"http://www.w3.org/1999/xhtml\"><p class=\"res-header-id\"><b>Generated Narrative: ValueSet HIV.B.DE276</b></p><a name=\"HIV.B.DE276\"> </a><a name=\"hcHIV.B.DE276\"> </a><a name=\"hcHIV.B.DE276-en-US\"> </a><ul><li>Include these codes as defined in <a href=\"CodeSystem-HIVConcepts.html\"><code>http://smart.who.int/hiv/CodeSystem/HIVConcepts</code></a><table class=\"none\"><tr><td style=\"white-space:nowrap\"><b>Code</b></td><td><b>Display</b></td><td><b>Definition</b></td></tr><tr><td><a href=\"CodeSystem-HIVConcepts.html#HIVConcepts-HIV.46B.46DE277\">HIV.B.DE277</a></td><td>NAAT</td><td>Nucleic Acid Amplification Test (NAAT) used</td></tr><tr><td><a href=\"CodeSystem-HIVConcepts.html#HIVConcepts-HIV.46B.46DE278\">HIV.B.DE278</a></td><td>POC Test</td><td>Point-of-care (POC) test used</td></tr><tr><td><a href=\"CodeSystem-HIVConcepts.html#HIVConcepts-HIV.46B.46DE279\">HIV.B.DE279</a></td><td>Culture</td><td>Culture test used</td></tr><tr><td><a href=\"CodeSystem-HIVConcepts.html#HIVConcepts-HIV.46B.46DE280\">HIV.B.DE280</a></td><td>Microscopy</td><td>Microscopy test used</td></tr><tr><td><a href=\"CodeSystem-HIVConcepts.html#HIVConcepts-HIV.46B.46DE281\">HIV.B.DE281</a></td><td>Other</td><td>Other type of test used</td></tr></table></li></ul></div>"
  },
  "url" : "http://smart.who.int/hiv/ValueSet/HIV.B.DE276",
  "version" : "0.1.0",
  "name" : "HIVBDE276",
  "title" : "Neisseria gonorrhoeae test type ValueSet",
  "status" : "active",
  "experimental" : true,
  "date" : "2024-06-29T06:31:00+00:00",
  "publisher" : "WHO",
  "contact" : [{
    "name" : "WHO",
    "telecom" : [{
      "system" : "url",
      "value" : "http://who.int"
    }]
  }],
  "description" : "Value set of type of diagnostic test used for Neisseria gonorrhoeae",
  "compose" : {
    "include" : [{
      "system" : "http://smart.who.int/hiv/CodeSystem/HIVConcepts",
      "concept" : [{
        "code" : "HIV.B.DE277",
        "display" : "NAAT"
      },
      {
        "code" : "HIV.B.DE278",
        "display" : "POC Test"
      },
      {
        "code" : "HIV.B.DE279",
        "display" : "Culture"
      },
      {
        "code" : "HIV.B.DE280",
        "display" : "Microscopy"
      },
      {
        "code" : "HIV.B.DE281",
        "display" : "Other"
      }]
    }]
  }
}