{
  "resourceType" : "ValueSet",
  "id" : "HIV.A.DE13",
  "meta" : {
    "profile" : ["http://hl7.org/fhir/uv/crmi/StructureDefinition/crmi-shareablevalueset",
    "http://hl7.org/fhir/uv/crmi/StructureDefinition/crmi-publishablevalueset",
    "http://hl7.org/fhir/uv/crmi/StructureDefinition/crmi-computablevalueset"]
  },
  "text" : {
    "status" : "generated",
    "div" : "<div xmlns=\"http://www.w3.org/1999/xhtml\"><p class=\"res-header-id\"><b>Generated Narrative: ValueSet HIV.A.DE13</b></p><a name=\"HIV.A.DE13\"> </a><a name=\"hcHIV.A.DE13\"> </a><a name=\"hcHIV.A.DE13-en\"> </a><p>This value set includes codes based on the following rules:</p><ul/></div>"
  },
  "url" : "http://smart.who.int/hiv/ValueSet/HIV.A.DE13",
  "version" : "0.4.0",
  "name" : "HIVADE13",
  "title" : "Country of birth ValueSet",
  "status" : "active",
  "experimental" : true,
  "date" : "2024-06-28T22:14:31+00:00",
  "publisher" : "World Health Organization",
  "contact" : [{
    "telecom" : [{
      "system" : "url",
      "value" : "https://www.who.int"
    }]
  }],
  "description" : "Value set of country where the client was born",
  "jurisdiction" : [{
    "coding" : [{
      "system" : "http://unstats.un.org/unsd/methods/m49/m49.htm",
      "code" : "001"
    }]
  }]
}