{
  "resourceType" : "ValueSet",
  "id" : "HIV.D.DE430",
  "meta" : {
    "profile" : ["http://hl7.org/fhir/uv/crmi/StructureDefinition/crmi-shareablevalueset",
    "http://hl7.org/fhir/uv/crmi/StructureDefinition/crmi-publishablevalueset",
    "http://hl7.org/fhir/uv/crmi/StructureDefinition/crmi-computablevalueset"]
  },
  "text" : {
    "status" : "extensions",
    "div" : "<div xmlns=\"http://www.w3.org/1999/xhtml\"><p class=\"res-header-id\"><b>Generated Narrative: ValueSet HIV.D.DE430</b></p><a name=\"HIV.D.DE430\"> </a><a name=\"hcHIV.D.DE430\"> </a><a name=\"HIV.D.DE430-en-US\"> </a><ul><li>Include these codes as defined in <a href=\"CodeSystem-HIVConcepts.html\"><code>http://smart.who.int/hiv/CodeSystem/HIVConcepts</code></a><table class=\"none\"><tr><td style=\"white-space:nowrap\"><b>Code</b></td><td><b>Display</b></td><td><b>Definition</b></td></tr><tr><td><a href=\"CodeSystem-HIVConcepts.html#HIVConcepts-HIV.46D.46DE431\">HIV.D.DE431</a></td><td>Clinical treatment failure</td><td>A switch was made to the regimen because of clinical treatment failure</td></tr><tr><td><a href=\"CodeSystem-HIVConcepts.html#HIVConcepts-HIV.46D.46DE432\">HIV.D.DE432</a></td><td>Immunological failure</td><td>A switch was made to the regimen because of immunological failure</td></tr><tr><td><a href=\"CodeSystem-HIVConcepts.html#HIVConcepts-HIV.46D.46DE433\">HIV.D.DE433</a></td><td>Virological failure</td><td>A switch was made to the regimen because of virological failure</td></tr><tr><td><a href=\"CodeSystem-HIVConcepts.html#HIVConcepts-HIV.46D.46DE434\">HIV.D.DE434</a></td><td>Other</td><td>A switch was made to the regimen for another reason</td></tr></table></li></ul></div>"
  },
  "url" : "http://smart.who.int/hiv/ValueSet/HIV.D.DE430",
  "version" : "0.3.0",
  "name" : "HIVDDE430",
  "title" : "Reason for regimen switch ValueSet",
  "status" : "active",
  "experimental" : true,
  "date" : "2024-08-21T16:05:17+00:00",
  "publisher" : "WHO",
  "contact" : [{
    "name" : "WHO",
    "telecom" : [{
      "system" : "url",
      "value" : "http://who.int"
    }]
  }],
  "description" : "Value set of reason why a switch to a second- or third-line regimen was made",
  "compose" : {
    "include" : [{
      "system" : "http://smart.who.int/hiv/CodeSystem/HIVConcepts",
      "concept" : [{
        "code" : "HIV.D.DE431",
        "display" : "Clinical treatment failure"
      },
      {
        "code" : "HIV.D.DE432",
        "display" : "Immunological failure"
      },
      {
        "code" : "HIV.D.DE433",
        "display" : "Virological failure"
      },
      {
        "code" : "HIV.D.DE434",
        "display" : "Other"
      }]
    }]
  }
}