{
  "resourceType" : "ValueSet",
  "id" : "HIV.A.DE25",
  "meta" : {
    "profile" : ["http://hl7.org/fhir/uv/crmi/StructureDefinition/crmi-shareablevalueset",
    "http://hl7.org/fhir/uv/crmi/StructureDefinition/crmi-publishablevalueset",
    "http://hl7.org/fhir/uv/crmi/StructureDefinition/crmi-computablevalueset"]
  },
  "text" : {
    "status" : "extensions",
    "div" : "<div xmlns=\"http://www.w3.org/1999/xhtml\"><p class=\"res-header-id\"><b>Generated Narrative: ValueSet HIV.A.DE25</b></p><a name=\"HIV.A.DE25\"> </a><a name=\"hcHIV.A.DE25\"> </a><a name=\"HIV.A.DE25-en-US\"> </a><ul><li>Include these codes as defined in <a href=\"CodeSystem-HIVConcepts.html\"><code>http://smart.who.int/hiv/CodeSystem/HIVConcepts</code></a><table class=\"none\"><tr><td style=\"white-space:nowrap\"><b>Code</b></td><td><b>Display</b></td><td><b>Definition</b></td></tr><tr><td><a href=\"CodeSystem-HIVConcepts.html#HIVConcepts-HIV.46A.46DE26\">HIV.A.DE26</a></td><td>Female</td><td>Client identifies as female</td></tr><tr><td><a href=\"CodeSystem-HIVConcepts.html#HIVConcepts-HIV.46A.46DE27\">HIV.A.DE27</a></td><td>Male</td><td>Client identifies as male</td></tr><tr><td><a href=\"CodeSystem-HIVConcepts.html#HIVConcepts-HIV.46A.46DE28\">HIV.A.DE28</a></td><td>Other</td><td>Client identifies in non-binary way or as a sexual and gender minority (or minorities)</td></tr></table></li></ul></div>"
  },
  "url" : "http://smart.who.int/hiv/ValueSet/HIV.A.DE25",
  "version" : "0.2.0",
  "name" : "HIVADE25",
  "title" : "Sex ValueSet",
  "status" : "active",
  "experimental" : true,
  "date" : "2024-07-24T22:47:13+00:00",
  "publisher" : "WHO",
  "contact" : [{
    "name" : "WHO",
    "telecom" : [{
      "system" : "url",
      "value" : "http://who.int"
    }]
  }],
  "description" : "Value set of sex of the client assigned at birth",
  "compose" : {
    "include" : [{
      "system" : "http://smart.who.int/hiv/CodeSystem/HIVConcepts",
      "concept" : [{
        "code" : "HIV.A.DE26",
        "display" : "Female"
      },
      {
        "code" : "HIV.A.DE27",
        "display" : "Male"
      },
      {
        "code" : "HIV.A.DE28",
        "display" : "Other"
      }]
    }]
  }
}