{
  "resourceType" : "ValueSet",
  "id" : "HIV.G.DE55",
  "meta" : {
    "profile" : ["http://hl7.org/fhir/uv/crmi/StructureDefinition/crmi-shareablevalueset",
    "http://hl7.org/fhir/uv/crmi/StructureDefinition/crmi-publishablevalueset",
    "http://hl7.org/fhir/uv/crmi/StructureDefinition/crmi-computablevalueset"]
  },
  "text" : {
    "status" : "extensions",
    "div" : "<div xmlns=\"http://www.w3.org/1999/xhtml\"><p class=\"res-header-id\"><b>Generated Narrative: ValueSet HIV.G.DE55</b></p><a name=\"HIV.G.DE55\"> </a><a name=\"hcHIV.G.DE55\"> </a><a name=\"hcHIV.G.DE55-en\"> </a><ul><li>Include these codes as defined in <a href=\"CodeSystem-HIVConcepts.html\"><code>http://smart.who.int/hiv/CodeSystem/HIVConcepts</code></a><table class=\"none\"><tr><td style=\"white-space:nowrap\"><b>Code</b></td><td><b>Display</b></td><td><b>Definition</b></td></tr><tr><td><a href=\"CodeSystem-HIVConcepts.html#HIVConcepts-HIV.46G.46DE56\">HIV.G.DE56</a></td><td>Treponemal</td><td>Treponemal test used </td></tr><tr><td><a href=\"CodeSystem-HIVConcepts.html#HIVConcepts-HIV.46G.46DE57\">HIV.G.DE57</a></td><td>Non-treponemal</td><td>Non-treponemal test used</td></tr><tr><td><a href=\"CodeSystem-HIVConcepts.html#HIVConcepts-HIV.46G.46DE58\">HIV.G.DE58</a></td><td>POC Test</td><td>Point-of-care (POC) test used</td></tr><tr><td><a href=\"CodeSystem-HIVConcepts.html#HIVConcepts-HIV.46G.46DE59\">HIV.G.DE59</a></td><td>NAAT</td><td>Nucleic Acid Amplification Test (NAAT) used</td></tr><tr><td><a href=\"CodeSystem-HIVConcepts.html#HIVConcepts-HIV.46G.46DE60\">HIV.G.DE60</a></td><td>Other</td><td>Other test used</td></tr></table></li></ul></div>"
  },
  "url" : "http://smart.who.int/hiv/ValueSet/HIV.G.DE55",
  "version" : "0.4.0",
  "name" : "HIVGDE55",
  "title" : "Syphilis test type ValueSet",
  "status" : "active",
  "experimental" : true,
  "date" : "2024-06-28T22:14:31+00:00",
  "publisher" : "World Health Organization",
  "contact" : [{
    "telecom" : [{
      "system" : "url",
      "value" : "https://www.who.int"
    }]
  }],
  "description" : "Value set of type of diagnostic test used for syphilis (treponema pallidum)",
  "jurisdiction" : [{
    "coding" : [{
      "system" : "http://unstats.un.org/unsd/methods/m49/m49.htm",
      "code" : "001"
    }]
  }],
  "compose" : {
    "include" : [{
      "system" : "http://smart.who.int/hiv/CodeSystem/HIVConcepts",
      "concept" : [{
        "code" : "HIV.G.DE56",
        "display" : "Treponemal"
      },
      {
        "code" : "HIV.G.DE57",
        "display" : "Non-treponemal"
      },
      {
        "code" : "HIV.G.DE58",
        "display" : "POC Test"
      },
      {
        "code" : "HIV.G.DE59",
        "display" : "NAAT"
      },
      {
        "code" : "HIV.G.DE60",
        "display" : "Other"
      }]
    }]
  }
}