{
  "resourceType" : "ValueSet",
  "id" : "HIV.E.DE136",
  "meta" : {
    "profile" : ["http://hl7.org/fhir/uv/crmi/StructureDefinition/crmi-shareablevalueset",
    "http://hl7.org/fhir/uv/crmi/StructureDefinition/crmi-publishablevalueset",
    "http://hl7.org/fhir/uv/crmi/StructureDefinition/crmi-computablevalueset"]
  },
  "text" : {
    "status" : "extensions",
    "div" : "<div xmlns=\"http://www.w3.org/1999/xhtml\"><p class=\"res-header-id\"><b>Generated Narrative: ValueSet HIV.E.DE136</b></p><a name=\"HIV.E.DE136\"> </a><a name=\"hcHIV.E.DE136\"> </a><a name=\"HIV.E.DE136-en-US\"> </a><ul><li>Include these codes as defined in <a href=\"CodeSystem-HIVConcepts.html\"><code>http://smart.who.int/hiv/CodeSystem/HIVConcepts</code></a><table class=\"none\"><tr><td style=\"white-space:nowrap\"><b>Code</b></td><td><b>Display</b></td><td><b>Definition</b></td></tr><tr><td><a href=\"CodeSystem-HIVConcepts.html#HIVConcepts-HIV.46E.46DE137\">HIV.E.DE137</a></td><td>Daily</td><td>Iron supplements prescribed for daily intake</td></tr><tr><td><a href=\"CodeSystem-HIVConcepts.html#HIVConcepts-HIV.46E.46DE138\">HIV.E.DE138</a></td><td>Weekly</td><td>Iron supplements prescribed for daily intake</td></tr></table></li></ul></div>"
  },
  "url" : "http://smart.who.int/hiv/ValueSet/HIV.E.DE136",
  "version" : "0.3.0",
  "name" : "HIVEDE136",
  "title" : "Type of iron supplement dosage provided ValueSet",
  "status" : "active",
  "experimental" : true,
  "date" : "2024-11-07T21:07:17+00:00",
  "publisher" : "WHO",
  "contact" : [{
    "name" : "WHO",
    "telecom" : [{
      "system" : "url",
      "value" : "http://who.int"
    }]
  }],
  "description" : "Value set of whether the amount of iron prescribed is for daily or weekly intake",
  "compose" : {
    "include" : [{
      "system" : "http://smart.who.int/hiv/CodeSystem/HIVConcepts",
      "concept" : [{
        "code" : "HIV.E.DE137",
        "display" : "Daily"
      },
      {
        "code" : "HIV.E.DE138",
        "display" : "Weekly"
      }]
    }]
  }
}