{
  "resourceType" : "ValueSet",
  "id" : "HIV.D.DE789",
  "meta" : {
    "profile" : ["http://hl7.org/fhir/uv/crmi/StructureDefinition/crmi-shareablevalueset",
    "http://hl7.org/fhir/uv/crmi/StructureDefinition/crmi-publishablevalueset",
    "http://hl7.org/fhir/uv/crmi/StructureDefinition/crmi-computablevalueset"]
  },
  "text" : {
    "status" : "extensions",
    "div" : "<div xmlns=\"http://www.w3.org/1999/xhtml\"><p class=\"res-header-id\"><b>Generated Narrative: ValueSet HIV.D.DE789</b></p><a name=\"HIV.D.DE789\"> </a><a name=\"hcHIV.D.DE789\"> </a><a name=\"HIV.D.DE789-en-US\"> </a><ul><li>Include these codes as defined in <a href=\"CodeSystem-HIVConcepts.html\"><code>http://smart.who.int/hiv/CodeSystem/HIVConcepts</code></a><table class=\"none\"><tr><td style=\"white-space:nowrap\"><b>Code</b></td><td><b>Display</b></td><td><b>Definition</b></td></tr><tr><td><a href=\"CodeSystem-HIVConcepts.html#HIVConcepts-HIV.46D.46DE790\">HIV.D.DE790</a></td><td>Neisseria gonorrhoeae</td><td>Client tested for Neisseria gonorrhoeae</td></tr><tr><td><a href=\"CodeSystem-HIVConcepts.html#HIVConcepts-HIV.46D.46DE791\">HIV.D.DE791</a></td><td>Chlamydia trachomatis</td><td>Client tested for Chlamydia trachomatis</td></tr><tr><td><a href=\"CodeSystem-HIVConcepts.html#HIVConcepts-HIV.46D.46DE792\">HIV.D.DE792</a></td><td>Trichomonas vaginalis</td><td>Client tested for Trichomonas vaginalis</td></tr><tr><td><a href=\"CodeSystem-HIVConcepts.html#HIVConcepts-HIV.46D.46DE793\">HIV.D.DE793</a></td><td>Syphilis (Treponema pallidum)</td><td>Client tested for Syphilis (treponema pallidum)</td></tr><tr><td><a href=\"CodeSystem-HIVConcepts.html#HIVConcepts-HIV.46D.46DE794\">HIV.D.DE794</a></td><td>Herpes simplex virus (HSV1, HSV2)</td><td>Client tested for herpes simplex virus (HSV1, HSV2)</td></tr><tr><td><a href=\"CodeSystem-HIVConcepts.html#HIVConcepts-HIV.46D.46DE795\">HIV.D.DE795</a></td><td>Mycoplasma genitalium</td><td>Client tested for Mycoplasma genitalium</td></tr><tr><td><a href=\"CodeSystem-HIVConcepts.html#HIVConcepts-HIV.46D.46DE796\">HIV.D.DE796</a></td><td>Mpox</td><td>Client tested for Mpox</td></tr><tr><td><a href=\"CodeSystem-HIVConcepts.html#HIVConcepts-HIV.46D.46DE797\">HIV.D.DE797</a></td><td>Hepatitis B</td><td>Client tested for Hepatitis B</td></tr><tr><td><a href=\"CodeSystem-HIVConcepts.html#HIVConcepts-HIV.46D.46DE798\">HIV.D.DE798</a></td><td>Hepatitis C</td><td>Client tested for Hepatitis C</td></tr><tr><td><a href=\"CodeSystem-HIVConcepts.html#HIVConcepts-HIV.46D.46DE799\">HIV.D.DE799</a></td><td>Other</td><td>Client tested for other STI</td></tr></table></li></ul></div>"
  },
  "url" : "http://smart.who.int/hiv/ValueSet/HIV.D.DE789",
  "version" : "0.2.0",
  "name" : "HIVDDE789",
  "title" : "STI tested for ValueSet",
  "status" : "active",
  "experimental" : true,
  "date" : "2024-07-18T00:40:55+00:00",
  "publisher" : "WHO",
  "contact" : [{
    "name" : "WHO",
    "telecom" : [{
      "system" : "url",
      "value" : "http://who.int"
    }]
  }],
  "description" : "Value set of sTI for which the client was tested",
  "compose" : {
    "include" : [{
      "system" : "http://smart.who.int/hiv/CodeSystem/HIVConcepts",
      "concept" : [{
        "code" : "HIV.D.DE790",
        "display" : "Neisseria gonorrhoeae"
      },
      {
        "code" : "HIV.D.DE791",
        "display" : "Chlamydia trachomatis"
      },
      {
        "code" : "HIV.D.DE792",
        "display" : "Trichomonas vaginalis"
      },
      {
        "code" : "HIV.D.DE793",
        "display" : "Syphilis (Treponema pallidum)"
      },
      {
        "code" : "HIV.D.DE794",
        "display" : "Herpes simplex virus (HSV1, HSV2)"
      },
      {
        "code" : "HIV.D.DE795",
        "display" : "Mycoplasma genitalium"
      },
      {
        "code" : "HIV.D.DE796",
        "display" : "Mpox"
      },
      {
        "code" : "HIV.D.DE797",
        "display" : "Hepatitis B"
      },
      {
        "code" : "HIV.D.DE798",
        "display" : "Hepatitis C"
      },
      {
        "code" : "HIV.D.DE799",
        "display" : "Other"
      }]
    }]
  }
}