{
  "resourceType" : "ValueSet",
  "id" : "HIV.D.DE64",
  "meta" : {
    "profile" : ["http://hl7.org/fhir/uv/crmi/StructureDefinition/crmi-shareablevalueset",
    "http://hl7.org/fhir/uv/crmi/StructureDefinition/crmi-publishablevalueset",
    "http://hl7.org/fhir/uv/crmi/StructureDefinition/crmi-computablevalueset"]
  },
  "text" : {
    "status" : "generated",
    "div" : "<div xmlns=\"http://www.w3.org/1999/xhtml\"><p class=\"res-header-id\"><b>Generated Narrative: ValueSet HIV.D.DE64</b></p><a name=\"HIV.D.DE64\"> </a><a name=\"hcHIV.D.DE64\"> </a><a name=\"HIV.D.DE64-en-US\"> </a><p>This value set includes codes based on the following rules:</p><ul/></div>"
  },
  "url" : "http://smart.who.int/hiv/ValueSet/HIV.D.DE64",
  "version" : "0.1.0",
  "name" : "HIVDDE64",
  "title" : "ARV drug regimen received prior to enrolment ValueSet",
  "status" : "active",
  "experimental" : true,
  "date" : "2024-07-12T23:16:48+00:00",
  "publisher" : "WHO",
  "contact" : [{
    "name" : "WHO",
    "telecom" : [{
      "system" : "url",
      "value" : "http://who.int"
    }]
  }],
  "description" : "Value set of aRV drug regimen received prior to enrolment into HIV care/ART"
}