{
  "resourceType" : "ValueSet",
  "id" : "HIV.D.DE636",
  "meta" : {
    "profile" : ["http://hl7.org/fhir/uv/crmi/StructureDefinition/crmi-shareablevalueset",
    "http://hl7.org/fhir/uv/crmi/StructureDefinition/crmi-publishablevalueset",
    "http://hl7.org/fhir/uv/crmi/StructureDefinition/crmi-computablevalueset"]
  },
  "text" : {
    "status" : "extensions",
    "div" : "<div xmlns=\"http://www.w3.org/1999/xhtml\"><p class=\"res-header-id\"><b>Generated Narrative: ValueSet HIV.D.DE636</b></p><a name=\"HIV.D.DE636\"> </a><a name=\"hcHIV.D.DE636\"> </a><a name=\"HIV.D.DE636-en-US\"> </a><ul><li>Include these codes as defined in <a href=\"CodeSystem-HIVConcepts.html\"><code>http://smart.who.int/hiv/CodeSystem/HIVConcepts</code></a><table class=\"none\"><tr><td style=\"white-space:nowrap\"><b>Code</b></td><td><b>Display</b></td><td><b>Definition</b></td></tr><tr><td><a href=\"CodeSystem-HIVConcepts.html#HIVConcepts-HIV.46D.46DE637\">HIV.D.DE637</a></td><td>Stock-out</td><td>Stock-out of vaccine</td></tr><tr><td><a href=\"CodeSystem-HIVConcepts.html#HIVConcepts-HIV.46D.46DE638\">HIV.D.DE638</a></td><td>Client is ill</td><td>Client is ill</td></tr><tr><td><a href=\"CodeSystem-HIVConcepts.html#HIVConcepts-HIV.46D.46DE639\">HIV.D.DE639</a></td><td>Client refused</td><td>Client refused vaccine</td></tr><tr><td><a href=\"CodeSystem-HIVConcepts.html#HIVConcepts-HIV.46D.46DE640\">HIV.D.DE640</a></td><td>Allergy to vaccine</td><td>Client has an allergy to the vaccine</td></tr><tr><td><a href=\"CodeSystem-HIVConcepts.html#HIVConcepts-HIV.46D.46DE641\">HIV.D.DE641</a></td><td>Other reason immunization not provided</td><td>Other reason why the immunization was not provided</td></tr></table></li></ul></div>"
  },
  "url" : "http://smart.who.int/hiv/ValueSet/HIV.D.DE636",
  "version" : "0.3.0",
  "name" : "HIVDDE636",
  "title" : "Reason immunization was not provided ValueSet",
  "status" : "active",
  "experimental" : true,
  "date" : "2024-10-30T19:02:22+00:00",
  "publisher" : "WHO",
  "contact" : [{
    "name" : "WHO",
    "telecom" : [{
      "system" : "url",
      "value" : "http://who.int"
    }]
  }],
  "description" : "Value set of reason the vaccine dose was not given",
  "compose" : {
    "include" : [{
      "system" : "http://smart.who.int/hiv/CodeSystem/HIVConcepts",
      "concept" : [{
        "code" : "HIV.D.DE637",
        "display" : "Stock-out"
      },
      {
        "code" : "HIV.D.DE638",
        "display" : "Client is ill"
      },
      {
        "code" : "HIV.D.DE639",
        "display" : "Client refused"
      },
      {
        "code" : "HIV.D.DE640",
        "display" : "Allergy to vaccine"
      },
      {
        "code" : "HIV.D.DE641",
        "display" : "Other reason immunization not provided"
      }]
    }]
  }
}