{
  "resourceType" : "ValueSet",
  "id" : "HIV.D.DE162",
  "meta" : {
    "profile" : ["http://hl7.org/fhir/uv/crmi/StructureDefinition/crmi-shareablevalueset",
    "http://hl7.org/fhir/uv/crmi/StructureDefinition/crmi-publishablevalueset",
    "http://hl7.org/fhir/uv/crmi/StructureDefinition/crmi-computablevalueset"]
  },
  "text" : {
    "status" : "extensions",
    "div" : "<div xmlns=\"http://www.w3.org/1999/xhtml\"><p class=\"res-header-id\"><b>Generated Narrative: ValueSet HIV.D.DE162</b></p><a name=\"HIV.D.DE162\"> </a><a name=\"hcHIV.D.DE162\"> </a><a name=\"HIV.D.DE162-en-US\"> </a><ul><li>Include these codes as defined in <a href=\"CodeSystem-HIVConcepts.html\"><code>http://smart.who.int/hiv/CodeSystem/HIVConcepts</code></a><table class=\"none\"><tr><td style=\"white-space:nowrap\"><b>Code</b></td><td><b>Display</b></td><td><b>Definition</b></td></tr><tr><td><a href=\"CodeSystem-HIVConcepts.html#HIVConcepts-HIV.46D.46DE163\">HIV.D.DE163</a></td><td>Positive</td><td>HBsAg test result was positive</td></tr><tr><td><a href=\"CodeSystem-HIVConcepts.html#HIVConcepts-HIV.46D.46DE164\">HIV.D.DE164</a></td><td>Negative</td><td>HBsAg test result was negative</td></tr><tr><td><a href=\"CodeSystem-HIVConcepts.html#HIVConcepts-HIV.46D.46DE165\">HIV.D.DE165</a></td><td>Indeterminate</td><td>HBsAg test result was indeterminate</td></tr></table></li></ul></div>"
  },
  "url" : "http://smart.who.int/hiv/ValueSet/HIV.D.DE162",
  "version" : "0.4.1",
  "name" : "HIVDDE162",
  "title" : "HBsAg test result ValueSet",
  "status" : "active",
  "experimental" : true,
  "date" : "2025-02-01T06:48:33+00:00",
  "publisher" : "WHO",
  "contact" : [{
    "name" : "WHO",
    "telecom" : [{
      "system" : "url",
      "value" : "http://who.int"
    }]
  }],
  "description" : "Value set of hepatitis B virus test result (HBsAg)",
  "compose" : {
    "include" : [{
      "system" : "http://smart.who.int/hiv/CodeSystem/HIVConcepts",
      "concept" : [{
        "code" : "HIV.D.DE163",
        "display" : "Positive"
      },
      {
        "code" : "HIV.D.DE164",
        "display" : "Negative"
      },
      {
        "code" : "HIV.D.DE165",
        "display" : "Indeterminate"
      }]
    }]
  }
}