{
  "resourceType" : "ValueSet",
  "id" : "HIV.E.DE52",
  "meta" : {
    "profile" : ["http://hl7.org/fhir/uv/crmi/StructureDefinition/crmi-shareablevalueset",
    "http://hl7.org/fhir/uv/crmi/StructureDefinition/crmi-publishablevalueset",
    "http://hl7.org/fhir/uv/crmi/StructureDefinition/crmi-computablevalueset"]
  },
  "text" : {
    "status" : "extensions",
    "div" : "<div xmlns=\"http://www.w3.org/1999/xhtml\"><p class=\"res-header-id\"><b>Generated Narrative: ValueSet HIV.E.DE52</b></p><a name=\"HIV.E.DE52\"> </a><a name=\"hcHIV.E.DE52\"> </a><a name=\"hcHIV.E.DE52-en-US\"> </a><ul><li>Include these codes as defined in <a href=\"CodeSystem-HIVConcepts.html\"><code>http://smart.who.int/hiv/CodeSystem/HIVConcepts</code></a><table class=\"none\"><tr><td style=\"white-space:nowrap\"><b>Code</b></td><td><b>Display</b></td><td><b>Definition</b></td></tr><tr><td><a href=\"CodeSystem-HIVConcepts.html#HIVConcepts-HIV.46E.46DE53\">HIV.E.DE53</a></td><td>Spontaneous vaginal delivery</td><td>Mode of delivery for current pregnancy spontaneous vaginal delivery (SVD)</td></tr><tr><td><a href=\"CodeSystem-HIVConcepts.html#HIVConcepts-HIV.46E.46DE54\">HIV.E.DE54</a></td><td>Assisted vaginal delivery</td><td>Mode of delivery for current pregnancy was assisted vaginal delivery</td></tr><tr><td><a href=\"CodeSystem-HIVConcepts.html#HIVConcepts-HIV.46E.46DE55\">HIV.E.DE55</a></td><td>Caesarian section (C/S, operative delivery)</td><td>Mode of delivery for current pregnancy was caesarian section (C/S; operative delivery)</td></tr></table></li></ul></div>"
  },
  "url" : "http://smart.who.int/hiv/ValueSet/HIV.E.DE52",
  "version" : "0.1.0",
  "name" : "HIVEDE52",
  "title" : "Delivery mode ValueSet",
  "status" : "active",
  "experimental" : true,
  "date" : "2024-07-01T12:29:47+00:00",
  "publisher" : "WHO",
  "contact" : [{
    "name" : "WHO",
    "telecom" : [{
      "system" : "url",
      "value" : "http://who.int"
    }]
  }],
  "description" : "Value set of mode of delivery for current pregnancy",
  "compose" : {
    "include" : [{
      "system" : "http://smart.who.int/hiv/CodeSystem/HIVConcepts",
      "concept" : [{
        "code" : "HIV.E.DE53",
        "display" : "Spontaneous vaginal delivery"
      },
      {
        "code" : "HIV.E.DE54",
        "display" : "Assisted vaginal delivery"
      },
      {
        "code" : "HIV.E.DE55",
        "display" : "Caesarian section (C/S, operative delivery)"
      }]
    }]
  }
}