{
  "resourceType" : "ValueSet",
  "id" : "HIV.D.DE247",
  "meta" : {
    "profile" : ["http://hl7.org/fhir/uv/crmi/StructureDefinition/crmi-shareablevalueset",
    "http://hl7.org/fhir/uv/crmi/StructureDefinition/crmi-publishablevalueset",
    "http://hl7.org/fhir/uv/crmi/StructureDefinition/crmi-computablevalueset"]
  },
  "text" : {
    "status" : "extensions",
    "div" : "<div xmlns=\"http://www.w3.org/1999/xhtml\"><p class=\"res-header-id\"><b>Generated Narrative: ValueSet HIV.D.DE247</b></p><a name=\"HIV.D.DE247\"> </a><a name=\"hcHIV.D.DE247\"> </a><a name=\"HIV.D.DE247-en-US\"> </a><ul><li>Include these codes as defined in <a href=\"CodeSystem-HIVConcepts.html\"><code>http://smart.who.int/hiv/CodeSystem/HIVConcepts</code></a><table class=\"none\"><tr><td style=\"white-space:nowrap\"><b>Code</b></td><td><b>Display</b></td><td><b>Definition</b></td></tr><tr><td><a href=\"CodeSystem-HIVConcepts.html#HIVConcepts-HIV.46D.46DE248\">HIV.D.DE248</a></td><td>Provide co-trimoxazole preventive therapy (CPT)</td><td>Provide co-trimoxazole prophylaxis for clients new to ART or identified as taking it</td></tr><tr><td><a href=\"CodeSystem-HIVConcepts.html#HIVConcepts-HIV.46D.46DE249\">HIV.D.DE249</a></td><td>Intensified TB case finding and linkage to TB treatment</td><td>Offer or refer for intensified TB case finding and linkage to TB treatment</td></tr><tr><td><a href=\"CodeSystem-HIVConcepts.html#HIVConcepts-HIV.46D.46DE250\">HIV.D.DE250</a></td><td>Provide isoniazid preventive therapy</td><td>Provide isoniazid preventive therapy</td></tr><tr><td><a href=\"CodeSystem-HIVConcepts.html#HIVConcepts-HIV.46D.46DE251\">HIV.D.DE251</a></td><td>Screen for cryptococcal infection and fungal prophylaxis</td><td>Screen for cryptococcal infection and fungal prophylaxis</td></tr><tr><td><a href=\"CodeSystem-HIVConcepts.html#HIVConcepts-HIV.46D.46DE252\">HIV.D.DE252</a></td><td>Screen for hepatitis B</td><td>Screen for hepatitis B virus</td></tr><tr><td><a href=\"CodeSystem-HIVConcepts.html#HIVConcepts-HIV.46D.46DE253\">HIV.D.DE253</a></td><td>Screen for hepatitis C</td><td>Screen for hepatitis C virus</td></tr><tr><td><a href=\"CodeSystem-HIVConcepts.html#HIVConcepts-HIV.46D.46DE254\">HIV.D.DE254</a></td><td>Prevent malaria</td><td>Prevent malaria including with insecticide-treated bed-nets and prophylaxis</td></tr><tr><td><a href=\"CodeSystem-HIVConcepts.html#HIVConcepts-HIV.46D.46DE255\">HIV.D.DE255</a></td><td>Screen for STIs</td><td>Screen for STIs</td></tr><tr><td><a href=\"CodeSystem-HIVConcepts.html#HIVConcepts-HIV.46D.46DE256\">HIV.D.DE256</a></td><td>Prevent and screen for cervical cancer</td><td>Prevent and screen for cervical cancer</td></tr><tr><td><a href=\"CodeSystem-HIVConcepts.html#HIVConcepts-HIV.46D.46DE257\">HIV.D.DE257</a></td><td>Anal cancer screening (for men who have sex with men)</td><td>Offer anal cancer screening (for men who have sex with men)</td></tr><tr><td><a href=\"CodeSystem-HIVConcepts.html#HIVConcepts-HIV.46D.46DE258\">HIV.D.DE258</a></td><td>Assessment and provision of vaccinations</td><td>Assessment and provision of vaccinations, such as for people from key populations, pregnant women and infants; and, where appropriate, tetanus vaccination for adolescent boys and men receiving VMMC</td></tr></table></li></ul></div>"
  },
  "url" : "http://smart.who.int/hiv/ValueSet/HIV.D.DE247",
  "version" : "0.3.0",
  "name" : "HIVDDE247",
  "title" : "Preventing and treating coinfections ValueSet",
  "status" : "active",
  "experimental" : true,
  "date" : "2024-12-06T22:10:30+00:00",
  "publisher" : "WHO",
  "contact" : [{
    "name" : "WHO",
    "telecom" : [{
      "system" : "url",
      "value" : "http://who.int"
    }]
  }],
  "description" : "Value set of coinfection prevention and treatment activities performed during the care visit",
  "compose" : {
    "include" : [{
      "system" : "http://smart.who.int/hiv/CodeSystem/HIVConcepts",
      "concept" : [{
        "code" : "HIV.D.DE248",
        "display" : "Provide co-trimoxazole preventive therapy (CPT)"
      },
      {
        "code" : "HIV.D.DE249",
        "display" : "Intensified TB case finding and linkage to TB treatment"
      },
      {
        "code" : "HIV.D.DE250",
        "display" : "Provide isoniazid preventive therapy"
      },
      {
        "code" : "HIV.D.DE251",
        "display" : "Screen for cryptococcal infection and fungal prophylaxis"
      },
      {
        "code" : "HIV.D.DE252",
        "display" : "Screen for hepatitis B"
      },
      {
        "code" : "HIV.D.DE253",
        "display" : "Screen for hepatitis C"
      },
      {
        "code" : "HIV.D.DE254",
        "display" : "Prevent malaria"
      },
      {
        "code" : "HIV.D.DE255",
        "display" : "Screen for STIs"
      },
      {
        "code" : "HIV.D.DE256",
        "display" : "Prevent and screen for cervical cancer"
      },
      {
        "code" : "HIV.D.DE257",
        "display" : "Anal cancer screening (for men who have sex with men)"
      },
      {
        "code" : "HIV.D.DE258",
        "display" : "Assessment and provision of vaccinations"
      }]
    }]
  }
}