{
  "resourceType" : "ValueSet",
  "id" : "HIV.H.DE1",
  "meta" : {
    "profile" : ["http://hl7.org/fhir/uv/crmi/StructureDefinition/crmi-shareablevalueset",
    "http://hl7.org/fhir/uv/crmi/StructureDefinition/crmi-publishablevalueset",
    "http://hl7.org/fhir/uv/crmi/StructureDefinition/crmi-computablevalueset"]
  },
  "text" : {
    "status" : "extensions",
    "div" : "<div xmlns=\"http://www.w3.org/1999/xhtml\"><p class=\"res-header-id\"><b>Generated Narrative: ValueSet HIV.H.DE1</b></p><a name=\"HIV.H.DE1\"> </a><a name=\"hcHIV.H.DE1\"> </a><a name=\"HIV.H.DE1-en-US\"> </a><ul><li>Include these codes as defined in <a href=\"CodeSystem-HIVConcepts.html\"><code>http://smart.who.int/hiv/CodeSystem/HIVConcepts</code></a><table class=\"none\"><tr><td style=\"white-space:nowrap\"><b>Code</b></td><td><b>Display</b></td><td><b>Definition</b></td></tr><tr><td><a href=\"CodeSystem-HIVConcepts.html#HIVConcepts-HIV.46H.46DE2\">HIV.H.DE2</a></td><td>Missed care visit</td><td>Client did not present for a care appointment as scheduled / as expected</td></tr><tr><td><a href=\"CodeSystem-HIVConcepts.html#HIVConcepts-HIV.46H.46DE3\">HIV.H.DE3</a></td><td>Missed medication pickup</td><td>Client did not pick up medication as scheduled from pharmacy or other drug distribution point</td></tr><tr><td><a href=\"CodeSystem-HIVConcepts.html#HIVConcepts-HIV.46H.46DE4\">HIV.H.DE4</a></td><td>Did not initiate ART</td><td>Client did not initiate ART at the same time as diagnosis (e.g., because they required additional counselling) and required follow-up for ART initiation</td></tr><tr><td><a href=\"CodeSystem-HIVConcepts.html#HIVConcepts-HIV.46H.46DE5\">HIV.H.DE5</a></td><td>Incomplete visit</td><td>Client presented for care, but left before services were completed, e.g., due to long wait times or not staying to have labs taken</td></tr><tr><td><a href=\"CodeSystem-HIVConcepts.html#HIVConcepts-HIV.46H.46DE6\">HIV.H.DE6</a></td><td>Inconclusive HIV status</td><td>Client has not returned for a follow-up test after an inconclusive test result</td></tr><tr><td><a href=\"CodeSystem-HIVConcepts.html#HIVConcepts-HIV.46H.46DE7\">HIV.H.DE7</a></td><td>Test results received</td><td>Client needs to be informed of test results (e.g., viral load)</td></tr><tr><td><a href=\"CodeSystem-HIVConcepts.html#HIVConcepts-HIV.46H.46DE8\">HIV.H.DE8</a></td><td>Other follow-up reason</td><td>Client was followed up for another reason</td></tr></table></li></ul></div>"
  },
  "url" : "http://smart.who.int/hiv/ValueSet/HIV.H.DE1",
  "version" : "0.3.0",
  "name" : "HIVHDE1",
  "title" : "Reason for follow-up ValueSet",
  "status" : "active",
  "experimental" : true,
  "date" : "2024-10-17T13:46:08+00:00",
  "publisher" : "WHO",
  "contact" : [{
    "name" : "WHO",
    "telecom" : [{
      "system" : "url",
      "value" : "http://who.int"
    }]
  }],
  "description" : "Value set of the reason why the client is being followed up",
  "compose" : {
    "include" : [{
      "system" : "http://smart.who.int/hiv/CodeSystem/HIVConcepts",
      "concept" : [{
        "code" : "HIV.H.DE2",
        "display" : "Missed care visit"
      },
      {
        "code" : "HIV.H.DE3",
        "display" : "Missed medication pickup"
      },
      {
        "code" : "HIV.H.DE4",
        "display" : "Did not initiate ART"
      },
      {
        "code" : "HIV.H.DE5",
        "display" : "Incomplete visit"
      },
      {
        "code" : "HIV.H.DE6",
        "display" : "Inconclusive HIV status"
      },
      {
        "code" : "HIV.H.DE7",
        "display" : "Test results received"
      },
      {
        "code" : "HIV.H.DE8",
        "display" : "Other follow-up reason"
      }]
    }]
  }
}