{
  "resourceType" : "ValueSet",
  "id" : "HIV.B.DE61",
  "meta" : {
    "profile" : ["http://hl7.org/fhir/uv/crmi/StructureDefinition/crmi-shareablevalueset",
    "http://hl7.org/fhir/uv/crmi/StructureDefinition/crmi-publishablevalueset",
    "http://hl7.org/fhir/uv/crmi/StructureDefinition/crmi-computablevalueset"]
  },
  "text" : {
    "status" : "extensions",
    "div" : "<div xmlns=\"http://www.w3.org/1999/xhtml\"><p class=\"res-header-id\"><b>Generated Narrative: ValueSet HIV.B.DE61</b></p><a name=\"HIV.B.DE61\"> </a><a name=\"hcHIV.B.DE61\"> </a><a name=\"HIV.B.DE61-en-US\"> </a><ul><li>Include these codes as defined in <a href=\"CodeSystem-HIVConcepts.html\"><code>http://smart.who.int/hiv/CodeSystem/HIVConcepts</code></a><table class=\"none\"><tr><td style=\"white-space:nowrap\"><b>Code</b></td><td><b>Display</b></td><td><b>Definition</b></td></tr><tr><td><a href=\"CodeSystem-HIVConcepts.html#HIVConcepts-HIV.46B.46DE62\">HIV.B.DE62</a></td><td>Occupational</td><td>Occupational exposure to HIV</td></tr><tr><td><a href=\"CodeSystem-HIVConcepts.html#HIVConcepts-HIV.46B.46DE63\">HIV.B.DE63</a></td><td>Non-occupational violent</td><td>Non-occupational violent exposure to HIV</td></tr><tr><td><a href=\"CodeSystem-HIVConcepts.html#HIVConcepts-HIV.46B.46DE64\">HIV.B.DE64</a></td><td>Non-occupational consensual sex</td><td>Exposure to HIV through non-occupational consensual sex</td></tr></table></li></ul></div>"
  },
  "url" : "http://smart.who.int/hiv/ValueSet/HIV.B.DE61",
  "version" : "0.3.0",
  "name" : "HIVBDE61",
  "title" : "HIV exposure type ValueSet",
  "status" : "active",
  "experimental" : true,
  "date" : "2024-12-19T17:58:53+00:00",
  "publisher" : "WHO",
  "contact" : [{
    "name" : "WHO",
    "telecom" : [{
      "system" : "url",
      "value" : "http://who.int"
    }]
  }],
  "description" : "Value set of ways in which the client was exposed to HIV",
  "compose" : {
    "include" : [{
      "system" : "http://smart.who.int/hiv/CodeSystem/HIVConcepts",
      "concept" : [{
        "code" : "HIV.B.DE62",
        "display" : "Occupational"
      },
      {
        "code" : "HIV.B.DE63",
        "display" : "Non-occupational violent"
      },
      {
        "code" : "HIV.B.DE64",
        "display" : "Non-occupational consensual sex"
      }]
    }]
  }
}