{
  "resourceType" : "ValueSet",
  "id" : "HIV.D.DE182",
  "meta" : {
    "profile" : ["http://hl7.org/fhir/uv/crmi/StructureDefinition/crmi-shareablevalueset",
    "http://hl7.org/fhir/uv/crmi/StructureDefinition/crmi-publishablevalueset",
    "http://hl7.org/fhir/uv/crmi/StructureDefinition/crmi-computablevalueset"]
  },
  "text" : {
    "status" : "extensions",
    "div" : "<div xmlns=\"http://www.w3.org/1999/xhtml\"><p class=\"res-header-id\"><b>Generated Narrative: ValueSet HIV.D.DE182</b></p><a name=\"HIV.D.DE182\"> </a><a name=\"hcHIV.D.DE182\"> </a><a name=\"HIV.D.DE182-en-US\"> </a><ul><li>Include these codes as defined in <a href=\"CodeSystem-HIVConcepts.html\"><code>http://smart.who.int/hiv/CodeSystem/HIVConcepts</code></a><table class=\"none\"><tr><td style=\"white-space:nowrap\"><b>Code</b></td><td><b>Display</b></td><td><b>Definition</b></td></tr><tr><td><a href=\"CodeSystem-HIVConcepts.html#HIVConcepts-HIV.46D.46DE183\">HIV.D.DE183</a></td><td>Interferon</td><td>Client is prescribed interferon</td></tr><tr><td><a href=\"CodeSystem-HIVConcepts.html#HIVConcepts-HIV.46D.46DE184\">HIV.D.DE184</a></td><td>Direct acting antivirals</td><td>Client is prescribed direct acting antivirals</td></tr></table></li></ul></div>"
  },
  "url" : "http://smart.who.int/hiv/ValueSet/HIV.D.DE182",
  "version" : "0.3.0",
  "name" : "HIVDDE182",
  "title" : "HCV medicine type ValueSet",
  "status" : "active",
  "experimental" : true,
  "date" : "2024-10-17T13:23:47+00:00",
  "publisher" : "WHO",
  "contact" : [{
    "name" : "WHO",
    "telecom" : [{
      "system" : "url",
      "value" : "http://who.int"
    }]
  }],
  "description" : "Value set of type of medicine client is prescribed",
  "compose" : {
    "include" : [{
      "system" : "http://smart.who.int/hiv/CodeSystem/HIVConcepts",
      "concept" : [{
        "code" : "HIV.D.DE183",
        "display" : "Interferon"
      },
      {
        "code" : "HIV.D.DE184",
        "display" : "Direct acting antivirals"
      }]
    }]
  }
}