{
  "resourceType" : "ValueSet",
  "id" : "HIV.D.DE947",
  "meta" : {
    "profile" : ["http://hl7.org/fhir/uv/crmi/StructureDefinition/crmi-shareablevalueset",
    "http://hl7.org/fhir/uv/crmi/StructureDefinition/crmi-publishablevalueset",
    "http://hl7.org/fhir/uv/crmi/StructureDefinition/crmi-computablevalueset"]
  },
  "text" : {
    "status" : "extensions",
    "div" : "<div xmlns=\"http://www.w3.org/1999/xhtml\"><p class=\"res-header-id\"><b>Generated Narrative: ValueSet HIV.D.DE947</b></p><a name=\"HIV.D.DE947\"> </a><a name=\"hcHIV.D.DE947\"> </a><a name=\"HIV.D.DE947-en-US\"> </a><ul><li>Include these codes as defined in <a href=\"CodeSystem-HIVConcepts.html\"><code>http://smart.who.int/hiv/CodeSystem/HIVConcepts</code></a><table class=\"none\"><tr><td style=\"white-space:nowrap\"><b>Code</b></td><td><b>Display</b></td><td><b>Definition</b></td></tr><tr><td><a href=\"CodeSystem-HIVConcepts.html#HIVConcepts-HIV.46D.46DE948\">HIV.D.DE948</a></td><td>New</td><td>A person with TB disease who has never been treated for TB before or has only previously ever taken TB drugs for less than 1 month</td></tr><tr><td><a href=\"CodeSystem-HIVConcepts.html#HIVConcepts-HIV.46D.46DE949\">HIV.D.DE949</a></td><td>Recurrent</td><td>A person with TB disease who was previously treated for TB, was declared cured or treatment completed at the end of their most recent course of TB treatment and is now diagnosed with a new episode of TB.</td></tr><tr><td><a href=\"CodeSystem-HIVConcepts.html#HIVConcepts-HIV.46D.46DE950\">HIV.D.DE950</a></td><td>Re-registered</td><td>A person with TB disease who had been notified previously as a TB case, but was not declared cured or treatment completed, and is now being registered for a new course of TB treatment. </td></tr><tr><td><a href=\"CodeSystem-HIVConcepts.html#HIVConcepts-HIV.46D.46DE951\">HIV.D.DE951</a></td><td>Unknown</td><td>A person with TB disease who has undocumented history of TB treatment</td></tr></table></li></ul></div>"
  },
  "url" : "http://smart.who.int/hiv/ValueSet/HIV.D.DE947",
  "version" : "0.2.0",
  "name" : "HIVDDE947",
  "title" : "TB treatment history ValueSet",
  "status" : "active",
  "experimental" : true,
  "date" : "2024-07-31T16:10:46+00:00",
  "publisher" : "WHO",
  "contact" : [{
    "name" : "WHO",
    "telecom" : [{
      "system" : "url",
      "value" : "http://who.int"
    }]
  }],
  "description" : "Value set of history of previous TB treatment",
  "compose" : {
    "include" : [{
      "system" : "http://smart.who.int/hiv/CodeSystem/HIVConcepts",
      "concept" : [{
        "code" : "HIV.D.DE948",
        "display" : "New"
      },
      {
        "code" : "HIV.D.DE949",
        "display" : "Recurrent"
      },
      {
        "code" : "HIV.D.DE950",
        "display" : "Re-registered"
      },
      {
        "code" : "HIV.D.DE951",
        "display" : "Unknown"
      }]
    }]
  }
}