{
  "resourceType" : "ValueSet",
  "id" : "HIV.B.DE325",
  "meta" : {
    "profile" : ["http://hl7.org/fhir/uv/crmi/StructureDefinition/crmi-shareablevalueset",
    "http://hl7.org/fhir/uv/crmi/StructureDefinition/crmi-publishablevalueset",
    "http://hl7.org/fhir/uv/crmi/StructureDefinition/crmi-computablevalueset"]
  },
  "text" : {
    "status" : "extensions",
    "div" : "<div xmlns=\"http://www.w3.org/1999/xhtml\"><p class=\"res-header-id\"><b>Generated Narrative: ValueSet HIV.B.DE325</b></p><a name=\"HIV.B.DE325\"> </a><a name=\"hcHIV.B.DE325\"> </a><a name=\"HIV.B.DE325-en-US\"> </a><ul><li>Include these codes as defined in <a href=\"CodeSystem-HIVConcepts.html\"><code>http://smart.who.int/hiv/CodeSystem/HIVConcepts</code></a><table class=\"none\"><tr><td style=\"white-space:nowrap\"><b>Code</b></td><td><b>Display</b></td><td><b>Definition</b></td></tr><tr><td><a href=\"CodeSystem-HIVConcepts.html#HIVConcepts-HIV.46B.46DE326\">HIV.B.DE326</a></td><td>Positive</td><td>Test result is positive</td></tr><tr><td><a href=\"CodeSystem-HIVConcepts.html#HIVConcepts-HIV.46B.46DE327\">HIV.B.DE327</a></td><td>Negative</td><td>Test result is negative</td></tr><tr><td><a href=\"CodeSystem-HIVConcepts.html#HIVConcepts-HIV.46B.46DE328\">HIV.B.DE328</a></td><td>Inconclusive</td><td>Test result is inconclusive</td></tr></table></li></ul></div>"
  },
  "url" : "http://smart.who.int/hiv/ValueSet/HIV.B.DE325",
  "version" : "0.3.0",
  "name" : "HIVBDE325",
  "title" : "Confirmatory STI test result ValueSet",
  "status" : "active",
  "experimental" : true,
  "date" : "2025-01-13T18:28:16+00:00",
  "publisher" : "WHO",
  "contact" : [{
    "name" : "WHO",
    "telecom" : [{
      "system" : "url",
      "value" : "http://who.int"
    }]
  }],
  "description" : "Value set of result from confirmatory STI test",
  "compose" : {
    "include" : [{
      "system" : "http://smart.who.int/hiv/CodeSystem/HIVConcepts",
      "concept" : [{
        "code" : "HIV.B.DE326",
        "display" : "Positive"
      },
      {
        "code" : "HIV.B.DE327",
        "display" : "Negative"
      },
      {
        "code" : "HIV.B.DE328",
        "display" : "Inconclusive"
      }]
    }]
  }
}