{
  "resourceType" : "ValueSet",
  "id" : "HIV.D.DE289",
  "meta" : {
    "profile" : ["http://hl7.org/fhir/uv/crmi/StructureDefinition/crmi-shareablevalueset",
    "http://hl7.org/fhir/uv/crmi/StructureDefinition/crmi-publishablevalueset",
    "http://hl7.org/fhir/uv/crmi/StructureDefinition/crmi-computablevalueset"]
  },
  "text" : {
    "status" : "extensions",
    "div" : "<div xmlns=\"http://www.w3.org/1999/xhtml\"><p class=\"res-header-id\"><b>Generated Narrative: ValueSet HIV.D.DE289</b></p><a name=\"HIV.D.DE289\"> </a><a name=\"hcHIV.D.DE289\"> </a><a name=\"HIV.D.DE289-en-US\"> </a><ul><li>Include these codes as defined in <a href=\"CodeSystem-HIVConcepts.html\"><code>http://smart.who.int/hiv/CodeSystem/HIVConcepts</code></a><table class=\"none\"><tr><td style=\"white-space:nowrap\"><b>Code</b></td><td><b>Display</b></td><td><b>Definition</b></td></tr><tr><td><a href=\"CodeSystem-HIVConcepts.html#HIVConcepts-HIV.46D.46DE290\">HIV.D.DE290</a></td><td>Asymptomatic</td><td>No HIV-related symptoms reported and no clinical signs on examination</td></tr><tr><td><a href=\"CodeSystem-HIVConcepts.html#HIVConcepts-HIV.46D.46DE291\">HIV.D.DE291</a></td><td>Persistent generalized lymphadenopathy</td><td>Persistent enlarged lymph nodes &gt;1 cm at two or more non-contiguous sites (excluding inguinal) without known cause</td></tr><tr><td><a href=\"CodeSystem-HIVConcepts.html#HIVConcepts-HIV.46D.46DE292\">HIV.D.DE292</a></td><td>Moderate unexplained weight loss</td><td>Moderate unexplained weight loss (&lt;10% of presumed or measured body weight)</td></tr><tr><td><a href=\"CodeSystem-HIVConcepts.html#HIVConcepts-HIV.46D.46DE293\">HIV.D.DE293</a></td><td>Recurrent respiratory tract infections</td><td>Client's symptoms include recurrent respiratory tract infections including sinusitis, tonsillitis, otitis media or pharyngitis</td></tr><tr><td><a href=\"CodeSystem-HIVConcepts.html#HIVConcepts-HIV.46D.46DE294\">HIV.D.DE294</a></td><td>Unexplained persistent hepatosplenomegaly</td><td>Client's symptoms include unexplained persistent hepatosplenomegaly</td></tr><tr><td><a href=\"CodeSystem-HIVConcepts.html#HIVConcepts-HIV.46D.46DE295\">HIV.D.DE295</a></td><td>Herpes zoster</td><td>Client's symptoms include herpes zoster</td></tr><tr><td><a href=\"CodeSystem-HIVConcepts.html#HIVConcepts-HIV.46D.46DE296\">HIV.D.DE296</a></td><td>Angular cheilitis</td><td>Client's symptoms include angular cheilitis</td></tr><tr><td><a href=\"CodeSystem-HIVConcepts.html#HIVConcepts-HIV.46D.46DE297\">HIV.D.DE297</a></td><td>Linear gingival erythema</td><td>Client's symptoms include linear gingival erythema</td></tr><tr><td><a href=\"CodeSystem-HIVConcepts.html#HIVConcepts-HIV.46D.46DE298\">HIV.D.DE298</a></td><td>Recurrent oral ulceration</td><td>Client's symptoms include recurrent oral ulceration</td></tr><tr><td><a href=\"CodeSystem-HIVConcepts.html#HIVConcepts-HIV.46D.46DE299\">HIV.D.DE299</a></td><td>Papular pruritic eruption</td><td>Client's symptoms include papular pruritic eruption</td></tr><tr><td><a href=\"CodeSystem-HIVConcepts.html#HIVConcepts-HIV.46D.46DE300\">HIV.D.DE300</a></td><td>Fungal nail infections</td><td>Client's symptoms include fungal nail infections</td></tr><tr><td><a href=\"CodeSystem-HIVConcepts.html#HIVConcepts-HIV.46D.46DE301\">HIV.D.DE301</a></td><td>Seborrhoeic dermatitis</td><td>Client's symptoms include seborrhoeic dermatitis</td></tr><tr><td><a href=\"CodeSystem-HIVConcepts.html#HIVConcepts-HIV.46D.46DE302\">HIV.D.DE302</a></td><td>Extensive wart virus infection</td><td>Client's symptoms include extensive wart virus infection</td></tr><tr><td><a href=\"CodeSystem-HIVConcepts.html#HIVConcepts-HIV.46D.46DE303\">HIV.D.DE303</a></td><td>Extensive molluscum contagiosum</td><td>Client's symptoms include extensive molluscum contagiosum</td></tr><tr><td><a href=\"CodeSystem-HIVConcepts.html#HIVConcepts-HIV.46D.46DE304\">HIV.D.DE304</a></td><td>Unexplained persistent parotid enlargement</td><td>Client's symptoms include unexplained persistent parotid enlargement</td></tr><tr><td><a href=\"CodeSystem-HIVConcepts.html#HIVConcepts-HIV.46D.46DE305\">HIV.D.DE305</a></td><td>Unexplained severe weight loss in adults</td><td>Unexplained severe weight loss (&gt;10% of presumed or measured body weight)</td></tr><tr><td><a href=\"CodeSystem-HIVConcepts.html#HIVConcepts-HIV.46D.46DE306\">HIV.D.DE306</a></td><td>Unexplained moderate malnutrition not adequately responding to standard therapy</td><td>Defined as weight-for-height &lt; - 2 z-score or mid-upper arm circumference 115 mm to &lt;125 mm. For children younger than five years of age: stunting is defined as severe acute malnutrition - either weight for height &lt; -3 z-score or mid-upper arm circumference &lt;115 mm or the presence of oedema.</td></tr><tr><td><a href=\"CodeSystem-HIVConcepts.html#HIVConcepts-HIV.46D.46DE307\">HIV.D.DE307</a></td><td>Unexplained chronic diarrhoea for longer than 1 month</td><td>Client's symptoms include unexplained chronic diarrhoea for longer than 1 month</td></tr><tr><td><a href=\"CodeSystem-HIVConcepts.html#HIVConcepts-HIV.46D.46DE308\">HIV.D.DE308</a></td><td>Unexplained persistent diarrhoea (14 days or more)</td><td>Client's symptoms include unexplained persistent diarrhoea (14 days or more)</td></tr><tr><td><a href=\"CodeSystem-HIVConcepts.html#HIVConcepts-HIV.46D.46DE309\">HIV.D.DE309</a></td><td>Unexplained persistent fever (above 37.5 C, intermittent or constant, for longer than one 1 month)</td><td>Client's symptoms include unexplained persistent fever (above 37.5 C, intermittent or constant, for longer than one 1 month)</td></tr><tr><td><a href=\"CodeSystem-HIVConcepts.html#HIVConcepts-HIV.46D.46DE310\">HIV.D.DE310</a></td><td>Persistent oral candidiasis</td><td>Client's symptoms include persistent oral candidiasis</td></tr><tr><td><a href=\"CodeSystem-HIVConcepts.html#HIVConcepts-HIV.46D.46DE311\">HIV.D.DE311</a></td><td>Oral hairy leukoplakia</td><td>Client has fine white small linear or corrugated lesions on lateral borders of the tongue that do not scrape off</td></tr><tr><td><a href=\"CodeSystem-HIVConcepts.html#HIVConcepts-HIV.46D.46DE312\">HIV.D.DE312</a></td><td>Pulmonary TB</td><td>Client's symptoms include pulmonary TB</td></tr><tr><td><a href=\"CodeSystem-HIVConcepts.html#HIVConcepts-HIV.46D.46DE313\">HIV.D.DE313</a></td><td>Lymph node TB</td><td>Client's symptoms include lymph node TB</td></tr><tr><td><a href=\"CodeSystem-HIVConcepts.html#HIVConcepts-HIV.46D.46DE314\">HIV.D.DE314</a></td><td>Severe bacterial infections (such as pneumonia, empyema, pyomyositis, bone or joint infection, meningitis, bacteraemia)</td><td>Client's symptoms include severe bacterial infections (such as pneumonia, empyema, pyomyositis, bone or joint infection, meningitis, bacteraemia)</td></tr><tr><td><a href=\"CodeSystem-HIVConcepts.html#HIVConcepts-HIV.46D.46DE315\">HIV.D.DE315</a></td><td>Severe recurrent bacterial pneumonia</td><td>Client's symptoms include severe recurrent bacterial pneumonia</td></tr><tr><td><a href=\"CodeSystem-HIVConcepts.html#HIVConcepts-HIV.46D.46DE316\">HIV.D.DE316</a></td><td>Acute necrotizing ulcerative stomatitis</td><td>Client's symptoms include acute necrotizing ulcerative stomatitis</td></tr><tr><td><a href=\"CodeSystem-HIVConcepts.html#HIVConcepts-HIV.46D.46DE317\">HIV.D.DE317</a></td><td>Acute necrotizing ulcerative gingivitis</td><td>Client's symptoms include acute necrotizing ulcerative gingivitis</td></tr><tr><td><a href=\"CodeSystem-HIVConcepts.html#HIVConcepts-HIV.46D.46DE318\">HIV.D.DE318</a></td><td>Acute necrotizing ulcerative periodontitis</td><td>Client's symptoms include acute necrotizing ulcerative periodontitis</td></tr><tr><td><a href=\"CodeSystem-HIVConcepts.html#HIVConcepts-HIV.46D.46DE319\">HIV.D.DE319</a></td><td>Unexplained anaemia (&lt;8 g/dL)</td><td>Client's symptoms include unexplained anaemia (&lt;8 g/dL)</td></tr><tr><td><a href=\"CodeSystem-HIVConcepts.html#HIVConcepts-HIV.46D.46DE320\">HIV.D.DE320</a></td><td>Neutropaenia (&lt;0.5 x 10^9/L)</td><td>Client's symptoms include neutropaenia (&lt;0.5 x 10^9/L)</td></tr><tr><td><a href=\"CodeSystem-HIVConcepts.html#HIVConcepts-HIV.46D.46DE321\">HIV.D.DE321</a></td><td>Chronic thrombocytopaenia (&lt;50 x 10^9/L)</td><td>Client's symptoms include chronic thrombocytopaenia (&lt;50 x 10^9/L)</td></tr><tr><td><a href=\"CodeSystem-HIVConcepts.html#HIVConcepts-HIV.46D.46DE322\">HIV.D.DE322</a></td><td>Symptomatic lymphoid interstitial pneumonitis</td><td>Client's symptoms include symptomatic lymphoid interstitial pneumonitis</td></tr><tr><td><a href=\"CodeSystem-HIVConcepts.html#HIVConcepts-HIV.46D.46DE323\">HIV.D.DE323</a></td><td>Chronic HIV-associated lung disease, including bronchiectasis</td><td>Client's symptoms include chronic HIV-associated lung disease, including bronchiectasis</td></tr><tr><td><a href=\"CodeSystem-HIVConcepts.html#HIVConcepts-HIV.46D.46DE324\">HIV.D.DE324</a></td><td>HIV wasting syndrome</td><td>Unexplained involuntary weight loss (&gt;10% baseline body weight), with obvious wasting or body mass index &lt;18.5; PLUS EITHER unexplained chronic reported for longer than one month; OR reports of fever or night sweats for more than one month without other cause and lack of response to antibiotics or antimalarial agents; malaria must be excluded in malarious areas.</td></tr><tr><td><a href=\"CodeSystem-HIVConcepts.html#HIVConcepts-HIV.46D.46DE325\">HIV.D.DE325</a></td><td>Unexplained severe wasting not responding to standard therapy</td><td>Client has unexplained severe wasting not responding to standard therapy . For under 5 years old, defined as weight-for-height &lt; -3 z-score</td></tr><tr><td><a href=\"CodeSystem-HIVConcepts.html#HIVConcepts-HIV.46D.46DE326\">HIV.D.DE326</a></td><td>Unexplained stunting not responding to standard therapy</td><td>Client has unexplained stunting not responding to standard therapy . For under 5 years old, defined as length-for- age/height-for-age &lt; -2 z-score</td></tr><tr><td><a href=\"CodeSystem-HIVConcepts.html#HIVConcepts-HIV.46D.46DE327\">HIV.D.DE327</a></td><td>Unexplained severe malnutrition not responding to standard therapy</td><td>Client has unexplained severe malnutrition not responding to standard therapy . For under 5 years old, weight for height &lt; -3 z-score or mid-upper arm circumference &lt;115 mm or the presence of oedema</td></tr><tr><td><a href=\"CodeSystem-HIVConcepts.html#HIVConcepts-HIV.46D.46DE328\">HIV.D.DE328</a></td><td>Pneumocystis (jirovecii) pneumonia</td><td>Client's symptoms include pneumocystis (jirovecii) pneumonia</td></tr><tr><td><a href=\"CodeSystem-HIVConcepts.html#HIVConcepts-HIV.46D.46DE329\">HIV.D.DE329</a></td><td>Recurrent severe bacterial pneumonia</td><td>Client's symptoms include recurrent severe bacterial pneumonia</td></tr><tr><td><a href=\"CodeSystem-HIVConcepts.html#HIVConcepts-HIV.46D.46DE330\">HIV.D.DE330</a></td><td>Recurrent severe bacterial infections (such as empyema, pyomyositis, bone or joint infection, meningitis, but excluding pneumonia)</td><td>Client's symptoms include recurrent severe bacterial infections (such as empyema, pyomyositis, bone or joint infection, meningitis, but excluding pneumonia)</td></tr><tr><td><a href=\"CodeSystem-HIVConcepts.html#HIVConcepts-HIV.46D.46DE331\">HIV.D.DE331</a></td><td>Empyema</td><td>Client's symptoms include recurrent empyema</td></tr><tr><td><a href=\"CodeSystem-HIVConcepts.html#HIVConcepts-HIV.46D.46DE332\">HIV.D.DE332</a></td><td>Pyomyositis</td><td>Client's symptoms include recurrent pyomyositis</td></tr><tr><td><a href=\"CodeSystem-HIVConcepts.html#HIVConcepts-HIV.46D.46DE333\">HIV.D.DE333</a></td><td>Bone or joint infection</td><td>Client's symptoms include recurrent bone or joint infections</td></tr><tr><td><a href=\"CodeSystem-HIVConcepts.html#HIVConcepts-HIV.46D.46DE334\">HIV.D.DE334</a></td><td>Meningitis</td><td>Client's symptoms include recurrent meningitis</td></tr><tr><td><a href=\"CodeSystem-HIVConcepts.html#HIVConcepts-HIV.46D.46DE335\">HIV.D.DE335</a></td><td>Chronic herpes simplex infection (orolabial or cutaneous of more than 1 month duration or visceral at any site)</td><td>Client's symptoms include chronic herpes simplex infection (orolabial or cutaneous of more than 1 month duration or visceral at any site)</td></tr><tr><td><a href=\"CodeSystem-HIVConcepts.html#HIVConcepts-HIV.46D.46DE336\">HIV.D.DE336</a></td><td>Chronic herpes simplex infection (orolabial, genital or anorectal of more than 1 month in duration or visceral at any site)</td><td>Client's symptoms include chronic herpes simplex infection (orolabial, genital or anorectal of more than one month in duration or visceral at any site)</td></tr><tr><td><a href=\"CodeSystem-HIVConcepts.html#HIVConcepts-HIV.46D.46DE337\">HIV.D.DE337</a></td><td>Oesophageal candidiasis (or candidiasis of trachea, bronchi or lungs)</td><td>Client's symptoms include oesophageal candidiasis (or candidiasis of trachea, bronchi or lungs)</td></tr><tr><td><a href=\"CodeSystem-HIVConcepts.html#HIVConcepts-HIV.46D.46DE338\">HIV.D.DE338</a></td><td>Extrapulmonary TB</td><td>Client's symptoms include extrapulmonary tuberculosis</td></tr><tr><td><a href=\"CodeSystem-HIVConcepts.html#HIVConcepts-HIV.46D.46DE339\">HIV.D.DE339</a></td><td>Kaposi sarcoma</td><td>Client's symptoms include Kaposi sarcoma</td></tr><tr><td><a href=\"CodeSystem-HIVConcepts.html#HIVConcepts-HIV.46D.46DE340\">HIV.D.DE340</a></td><td>Cytomegalovirus infection (retinitis or infection of other organs)</td><td>Client's symptoms include cytomegalovirus infection (retinitis or infection of other organs)</td></tr><tr><td><a href=\"CodeSystem-HIVConcepts.html#HIVConcepts-HIV.46D.46DE341\">HIV.D.DE341</a></td><td>Central nervous system toxoplasmosis</td><td>Client's symptoms include central nervous system toxoplasmosis</td></tr><tr><td><a href=\"CodeSystem-HIVConcepts.html#HIVConcepts-HIV.46D.46DE342\">HIV.D.DE342</a></td><td>HIV encephalopathy</td><td>Client's symptoms include HIV encephalopathy</td></tr><tr><td><a href=\"CodeSystem-HIVConcepts.html#HIVConcepts-HIV.46D.46DE343\">HIV.D.DE343</a></td><td>Extrapulmonary cryptococcosis, including meningitis</td><td>Client's symptoms include extrapulmonary cryptococcosis, including meningitis</td></tr><tr><td><a href=\"CodeSystem-HIVConcepts.html#HIVConcepts-HIV.46D.46DE344\">HIV.D.DE344</a></td><td>Disseminated nontuberculous mycobacterial infection</td><td>Client's symptoms include disseminated nontuberculous mycobacterial infection</td></tr><tr><td><a href=\"CodeSystem-HIVConcepts.html#HIVConcepts-HIV.46D.46DE345\">HIV.D.DE345</a></td><td>Progressive multifocal leukoencephalopathy</td><td>Client's symptoms include progressive multifocal leukoencephalopathy</td></tr><tr><td><a href=\"CodeSystem-HIVConcepts.html#HIVConcepts-HIV.46D.46DE346\">HIV.D.DE346</a></td><td>Chronic cryptosporidiosis</td><td>Client's symptoms include chronic cryptosporidiosis</td></tr><tr><td><a href=\"CodeSystem-HIVConcepts.html#HIVConcepts-HIV.46D.46DE347\">HIV.D.DE347</a></td><td>Chronic cryptosporidiosis (with diarrhoea)</td><td>Client's symptoms include chronic cryptosporidiosis (with diarrhoea)</td></tr><tr><td><a href=\"CodeSystem-HIVConcepts.html#HIVConcepts-HIV.46D.46DE348\">HIV.D.DE348</a></td><td>Chronic isosporiasis</td><td>Client's symptoms include chronic isosporiasis</td></tr><tr><td><a href=\"CodeSystem-HIVConcepts.html#HIVConcepts-HIV.46D.46DE349\">HIV.D.DE349</a></td><td>Disseminated mycosis (extrapulmonary histoplasmosis, coccidioidomycosis)</td><td>Client's symptoms include disseminated mycosis (extrapulmonary histoplasmosis, coccidioidomycosis)</td></tr><tr><td><a href=\"CodeSystem-HIVConcepts.html#HIVConcepts-HIV.46D.46DE350\">HIV.D.DE350</a></td><td>Disseminated endemic mycosis (extrapulmonary histoplasmosis, coccidioidomycosis, penicilliosis)</td><td>Client's symptoms include disseminated endemic mycosis (extrapulmonary histoplasmosis, coccidioidomycosis, penicilliosis)</td></tr><tr><td><a href=\"CodeSystem-HIVConcepts.html#HIVConcepts-HIV.46D.46DE351\">HIV.D.DE351</a></td><td>Cerebral lymphoma</td><td>Client's symptoms include cerebral lymphoma</td></tr><tr><td><a href=\"CodeSystem-HIVConcepts.html#HIVConcepts-HIV.46D.46DE352\">HIV.D.DE352</a></td><td>B-cell non-Hodgkin lymphoma</td><td>Client's symptoms include b-cell non-Hodgkin lymphoma</td></tr><tr><td><a href=\"CodeSystem-HIVConcepts.html#HIVConcepts-HIV.46D.46DE353\">HIV.D.DE353</a></td><td>HIV-associated nephropathy or cardiomyopathy</td><td>Client's symptoms include HIV- associated nephropathy or cardiomyopathy</td></tr><tr><td><a href=\"CodeSystem-HIVConcepts.html#HIVConcepts-HIV.46D.46DE354\">HIV.D.DE354</a></td><td>Recurrent septicaemia (including nontyphoidal Salmonella)</td><td>Client's symptoms include recurrent bacteraemia (septicaemia) (including nontyphoidal salmonella)</td></tr><tr><td><a href=\"CodeSystem-HIVConcepts.html#HIVConcepts-HIV.46D.46DE355\">HIV.D.DE355</a></td><td>Invasive cervical carcinoma</td><td>Client's symptoms include invasive cervical carcinoma</td></tr><tr><td><a href=\"CodeSystem-HIVConcepts.html#HIVConcepts-HIV.46D.46DE356\">HIV.D.DE356</a></td><td>Atypical disseminated leishmaniasis</td><td>Client's symptoms include atypical disseminated leishmaniasis</td></tr><tr><td><a href=\"CodeSystem-HIVConcepts.html#HIVConcepts-HIV.46D.46DE357\">HIV.D.DE357</a></td><td>Neutropenia</td><td>Client's symptoms include neutropenia, an abnormally low count of a type of white blood cell (neutrophils)</td></tr></table></li></ul></div>"
  },
  "url" : "http://smart.who.int/hiv/ValueSet/HIV.D.DE289",
  "version" : "0.3.0",
  "name" : "HIVDDE289",
  "title" : "WHO HIV clinical stage condition or symptom ValueSet",
  "status" : "active",
  "experimental" : true,
  "date" : "2024-11-07T20:58:48+00:00",
  "publisher" : "WHO",
  "contact" : [{
    "name" : "WHO",
    "telecom" : [{
      "system" : "url",
      "value" : "http://who.int"
    }]
  }],
  "description" : "Value set of new or recurrent clinical events used to categorize HIV disease severity based at baseline and follow up",
  "compose" : {
    "include" : [{
      "system" : "http://smart.who.int/hiv/CodeSystem/HIVConcepts",
      "concept" : [{
        "code" : "HIV.D.DE290",
        "display" : "Asymptomatic"
      },
      {
        "code" : "HIV.D.DE291",
        "display" : "Persistent generalized lymphadenopathy"
      },
      {
        "code" : "HIV.D.DE292",
        "display" : "Moderate unexplained weight loss"
      },
      {
        "code" : "HIV.D.DE293",
        "display" : "Recurrent respiratory tract infections"
      },
      {
        "code" : "HIV.D.DE294",
        "display" : "Unexplained persistent hepatosplenomegaly"
      },
      {
        "code" : "HIV.D.DE295",
        "display" : "Herpes zoster"
      },
      {
        "code" : "HIV.D.DE296",
        "display" : "Angular cheilitis"
      },
      {
        "code" : "HIV.D.DE297",
        "display" : "Linear gingival erythema"
      },
      {
        "code" : "HIV.D.DE298",
        "display" : "Recurrent oral ulceration"
      },
      {
        "code" : "HIV.D.DE299",
        "display" : "Papular pruritic eruption"
      },
      {
        "code" : "HIV.D.DE300",
        "display" : "Fungal nail infections"
      },
      {
        "code" : "HIV.D.DE301",
        "display" : "Seborrhoeic dermatitis"
      },
      {
        "code" : "HIV.D.DE302",
        "display" : "Extensive wart virus infection"
      },
      {
        "code" : "HIV.D.DE303",
        "display" : "Extensive molluscum contagiosum"
      },
      {
        "code" : "HIV.D.DE304",
        "display" : "Unexplained persistent parotid enlargement"
      },
      {
        "code" : "HIV.D.DE305",
        "display" : "Unexplained severe weight loss in adults"
      },
      {
        "code" : "HIV.D.DE306",
        "display" : "Unexplained moderate malnutrition not adequately responding to standard therapy"
      },
      {
        "code" : "HIV.D.DE307",
        "display" : "Unexplained chronic diarrhoea for longer than 1 month"
      },
      {
        "code" : "HIV.D.DE308",
        "display" : "Unexplained persistent diarrhoea (14 days or more)"
      },
      {
        "code" : "HIV.D.DE309",
        "display" : "Unexplained persistent fever (above 37.5 C, intermittent or constant, for longer than one 1 month)"
      },
      {
        "code" : "HIV.D.DE310",
        "display" : "Persistent oral candidiasis"
      },
      {
        "code" : "HIV.D.DE311",
        "display" : "Oral hairy leukoplakia"
      },
      {
        "code" : "HIV.D.DE312",
        "display" : "Pulmonary TB"
      },
      {
        "code" : "HIV.D.DE313",
        "display" : "Lymph node TB"
      },
      {
        "code" : "HIV.D.DE314",
        "display" : "Severe bacterial infections (such as pneumonia, empyema, pyomyositis, bone or joint infection, meningitis, bacteraemia)"
      },
      {
        "code" : "HIV.D.DE315",
        "display" : "Severe recurrent bacterial pneumonia"
      },
      {
        "code" : "HIV.D.DE316",
        "display" : "Acute necrotizing ulcerative stomatitis"
      },
      {
        "code" : "HIV.D.DE317",
        "display" : "Acute necrotizing ulcerative gingivitis"
      },
      {
        "code" : "HIV.D.DE318",
        "display" : "Acute necrotizing ulcerative periodontitis"
      },
      {
        "code" : "HIV.D.DE319",
        "display" : "Unexplained anaemia (<8 g/dL)"
      },
      {
        "code" : "HIV.D.DE320",
        "display" : "Neutropaenia (<0.5 x 10^9/L)"
      },
      {
        "code" : "HIV.D.DE321",
        "display" : "Chronic thrombocytopaenia (<50 x 10^9/L)"
      },
      {
        "code" : "HIV.D.DE322",
        "display" : "Symptomatic lymphoid interstitial pneumonitis"
      },
      {
        "code" : "HIV.D.DE323",
        "display" : "Chronic HIV-associated lung disease, including bronchiectasis"
      },
      {
        "code" : "HIV.D.DE324",
        "display" : "HIV wasting syndrome"
      },
      {
        "code" : "HIV.D.DE325",
        "display" : "Unexplained severe wasting not responding to standard therapy"
      },
      {
        "code" : "HIV.D.DE326",
        "display" : "Unexplained stunting not responding to standard therapy"
      },
      {
        "code" : "HIV.D.DE327",
        "display" : "Unexplained severe malnutrition not responding to standard therapy"
      },
      {
        "code" : "HIV.D.DE328",
        "display" : "Pneumocystis (jirovecii) pneumonia"
      },
      {
        "code" : "HIV.D.DE329",
        "display" : "Recurrent severe bacterial pneumonia"
      },
      {
        "code" : "HIV.D.DE330",
        "display" : "Recurrent severe bacterial infections (such as empyema, pyomyositis, bone or joint infection, meningitis, but excluding pneumonia)"
      },
      {
        "code" : "HIV.D.DE331",
        "display" : "Empyema"
      },
      {
        "code" : "HIV.D.DE332",
        "display" : "Pyomyositis"
      },
      {
        "code" : "HIV.D.DE333",
        "display" : "Bone or joint infection"
      },
      {
        "code" : "HIV.D.DE334",
        "display" : "Meningitis"
      },
      {
        "code" : "HIV.D.DE335",
        "display" : "Chronic herpes simplex infection (orolabial or cutaneous of more than 1 month duration or visceral at any site)"
      },
      {
        "code" : "HIV.D.DE336",
        "display" : "Chronic herpes simplex infection (orolabial, genital or anorectal of more than 1 month in duration or visceral at any site)"
      },
      {
        "code" : "HIV.D.DE337",
        "display" : "Oesophageal candidiasis (or candidiasis of trachea, bronchi or lungs)"
      },
      {
        "code" : "HIV.D.DE338",
        "display" : "Extrapulmonary TB"
      },
      {
        "code" : "HIV.D.DE339",
        "display" : "Kaposi sarcoma"
      },
      {
        "code" : "HIV.D.DE340",
        "display" : "Cytomegalovirus infection (retinitis or infection of other organs)"
      },
      {
        "code" : "HIV.D.DE341",
        "display" : "Central nervous system toxoplasmosis"
      },
      {
        "code" : "HIV.D.DE342",
        "display" : "HIV encephalopathy"
      },
      {
        "code" : "HIV.D.DE343",
        "display" : "Extrapulmonary cryptococcosis, including meningitis"
      },
      {
        "code" : "HIV.D.DE344",
        "display" : "Disseminated nontuberculous mycobacterial infection"
      },
      {
        "code" : "HIV.D.DE345",
        "display" : "Progressive multifocal leukoencephalopathy"
      },
      {
        "code" : "HIV.D.DE346",
        "display" : "Chronic cryptosporidiosis"
      },
      {
        "code" : "HIV.D.DE347",
        "display" : "Chronic cryptosporidiosis (with diarrhoea)"
      },
      {
        "code" : "HIV.D.DE348",
        "display" : "Chronic isosporiasis"
      },
      {
        "code" : "HIV.D.DE349",
        "display" : "Disseminated mycosis (extrapulmonary histoplasmosis, coccidioidomycosis)"
      },
      {
        "code" : "HIV.D.DE350",
        "display" : "Disseminated endemic mycosis (extrapulmonary histoplasmosis, coccidioidomycosis, penicilliosis)"
      },
      {
        "code" : "HIV.D.DE351",
        "display" : "Cerebral lymphoma"
      },
      {
        "code" : "HIV.D.DE352",
        "display" : "B-cell non-Hodgkin lymphoma"
      },
      {
        "code" : "HIV.D.DE353",
        "display" : "HIV-associated nephropathy or cardiomyopathy"
      },
      {
        "code" : "HIV.D.DE354",
        "display" : "Recurrent septicaemia (including nontyphoidal Salmonella)"
      },
      {
        "code" : "HIV.D.DE355",
        "display" : "Invasive cervical carcinoma"
      },
      {
        "code" : "HIV.D.DE356",
        "display" : "Atypical disseminated leishmaniasis"
      },
      {
        "code" : "HIV.D.DE357",
        "display" : "Neutropenia"
      }]
    }]
  }
}