{
  "resourceType" : "ValueSet",
  "id" : "HIV.E.DE104",
  "meta" : {
    "profile" : ["http://hl7.org/fhir/uv/crmi/StructureDefinition/crmi-shareablevalueset",
    "http://hl7.org/fhir/uv/crmi/StructureDefinition/crmi-publishablevalueset",
    "http://hl7.org/fhir/uv/crmi/StructureDefinition/crmi-computablevalueset"]
  },
  "text" : {
    "status" : "extensions",
    "div" : "<div xmlns=\"http://www.w3.org/1999/xhtml\"><p class=\"res-header-id\"><b>Generated Narrative: ValueSet HIV.E.DE104</b></p><a name=\"HIV.E.DE104\"> </a><a name=\"hcHIV.E.DE104\"> </a><a name=\"HIV.E.DE104-en-US\"> </a><ul><li>Include these codes as defined in <a href=\"CodeSystem-HIVConcepts.html\"><code>http://smart.who.int/hiv/CodeSystem/HIVConcepts</code></a><table class=\"none\"><tr><td style=\"white-space:nowrap\"><b>Code</b></td><td><b>Display</b></td><td><b>Definition</b></td></tr><tr><td><a href=\"CodeSystem-HIVConcepts.html#HIVConcepts-HIV.46E.46DE105\">HIV.E.DE105</a></td><td>HIV-positive</td><td>Test result is HIV-positive</td></tr><tr><td><a href=\"CodeSystem-HIVConcepts.html#HIVConcepts-HIV.46E.46DE106\">HIV.E.DE106</a></td><td>HIV-negative</td><td>Test result is HIV-negative</td></tr><tr><td><a href=\"CodeSystem-HIVConcepts.html#HIVConcepts-HIV.46E.46DE107\">HIV.E.DE107</a></td><td>HIV-inconclusive</td><td>Test result is HIV-inconclusive</td></tr></table></li></ul></div>"
  },
  "url" : "http://smart.who.int/hiv/ValueSet/HIV.E.DE104",
  "version" : "0.4.1",
  "name" : "HIVEDE104",
  "title" : "Maternal HIV test result ValueSet",
  "status" : "active",
  "experimental" : true,
  "date" : "2025-02-01T23:38:57+00:00",
  "publisher" : "WHO",
  "contact" : [{
    "name" : "WHO",
    "telecom" : [{
      "system" : "url",
      "value" : "http://who.int"
    }]
  }],
  "description" : "Value set of test result for mother after applying the testing strategy",
  "compose" : {
    "include" : [{
      "system" : "http://smart.who.int/hiv/CodeSystem/HIVConcepts",
      "concept" : [{
        "code" : "HIV.E.DE105",
        "display" : "HIV-positive"
      },
      {
        "code" : "HIV.E.DE106",
        "display" : "HIV-negative"
      },
      {
        "code" : "HIV.E.DE107",
        "display" : "HIV-inconclusive"
      }]
    }]
  }
}