{
  "resourceType" : "ValueSet",
  "id" : "HIV.A.DE13",
  "meta" : {
    "profile" : ["http://hl7.org/fhir/uv/crmi/StructureDefinition/crmi-shareablevalueset",
    "http://hl7.org/fhir/uv/crmi/StructureDefinition/crmi-publishablevalueset",
    "http://hl7.org/fhir/uv/crmi/StructureDefinition/crmi-computablevalueset"]
  },
  "text" : {
    "status" : "generated",
    "div" : "<div xmlns=\"http://www.w3.org/1999/xhtml\"><p class=\"res-header-id\"><b>Generated Narrative: ValueSet HIV.A.DE13</b></p><a name=\"HIV.A.DE13\"> </a><a name=\"hcHIV.A.DE13\"> </a><a name=\"HIV.A.DE13-en-US\"> </a><p>This value set includes codes based on the following rules:</p><ul/></div>"
  },
  "url" : "http://smart.who.int/hiv/ValueSet/HIV.A.DE13",
  "version" : "0.3.0",
  "name" : "HIVADE13",
  "title" : "Country of birth ValueSet",
  "status" : "active",
  "experimental" : true,
  "date" : "2025-01-13T16:44:09+00:00",
  "publisher" : "WHO",
  "contact" : [{
    "name" : "WHO",
    "telecom" : [{
      "system" : "url",
      "value" : "http://who.int"
    }]
  }],
  "description" : "Value set of country where the client was born"
}